Location,Bridge Name,Reason for Collapse,Date of Collapse,Number of Fatalities,Construction Period,Notable Incident,Designer,Notable Incidents,Historical Significance,Historical Background,Replacement Process,Purpose,Opening Date,Companies Involved,Legal Actions Taken,Length,Notable Features,Investigation Findings,Number of Lanes,Renovation Details,Designers,Individuals Involved,Oldest Arch Bridge,Ancient Timber Bridges,Collapse Date,Replacement Bridge,Total Length,Construction Details,Type of Bridge,Reason for Closure,Significance,Inauguration Date,Span Length,Population,Current Status,Casualties,Construction Cost,Previous Bridge,Reconstruction,Main Span Length,Purpose of the Bridge,Funding Allocation,Ramp Openings,Construction Year,Type of Construction,Historic Designation,Reason for Destruction,Initial Bridge Construction,Neolithic Bridge Designs,Etymology of the Word,Simplest Bridge Types,Oldest Timber Bridge,Roman Empire's Contribution,Town Name,Landmarks,Historical Residents,Notable Associations,Main Roadway,Managing Authority,Width,Clearance,Construction Start Date,Delay Reason,Supervising Consultant,Contractors,Funding Sources,Insurance Coverage,Construction Contracts,Specific Incident,Renaming,Notable Consultants,Design Influence,Design Features,Number of Injuries,Vehicles Crushed,Entities Involved,Design Error,Construction Material,Height of Towers,Clearance to Water,Construction Companies,Proposed Second Bridge,Design Type,Length of Central Section,Number of Spans,Height of Inclined Pylon,Coordinates,Reason for Previous Failure,Construction History,Previous Bridges,Reason for Replacement,Opening Dates,Closure of Old Spans,Approaches Completion Date,Original Twin Span Opening,Original Twin Span Details,Debris Utilization,Official Naming Ceremony,Owner,Toll Amount,Unique Features,Date of Fire Incident,Reason for Fire Incident,Height,Restoration Details,Construction Company,Original Bridge Details,Original Bridge Length,Original Construction Period,Length of the Bridge,Original Opening Date,Renaming Date,Closure Date of Original Bridge,Opening Date of Current Bridge,Cost,Tolls,Length of Longer Bridge,Southern Terminus,Northern Terminus,Guinness World Records,Number of Concrete Pilings,Features,Design,Maximum Authorized Speed,Official Name,Borough Name,Establishment Year,Incorporation Date,Incorporation Details,Native American History,Origin of Name,Date of Capture,Capturing Forces,Reason for Capture,Post-War Status,Freeways Involved,Reason for 1897 Collapse,Impact of Collapse,Subsequent Improvements,Replacement Span Name,Replacement Date,Player Name,Current Club,Previous Club,Debut Date,Contract Renewal Date,Loan Cancellation Date,Release Date,Nationality,Descent,Closure Date,Construction Purpose,Distance from Juba,Distance from Gulu,Population Estimate,Recent Developments,Bridge Type,Definition,Importance,Sustainability,Types,Highway Name,Scenic Designation,Responsible Parties,Ongoing Construction,Date of Collapses,Length of Bridge,Earliest Bridge Designs,Origin of the Word Bridge,Roman Empire Bridge,Initial Construction,Neolithic Innovations,"Etymology of ""Bridge""",Evolution of Bridge Design,Roman Empire Contribution,Key Information,Value,Construction Date,Responsible Party,Reconstruction Efforts,Clearance for Public Use,Closure Period,Repair and Reopening,Additional Details,Subsequent Actions,Toll Information,Popular Activities,Restrictions,Water Depth,Wedding Availability,Ceremonies,Original Bridge,Nickname,Impact on the Town,Height Above Water,Daily Traffic Volume,Tower Heights,Weight Limits,Detailed Analysis,Meaning of Name,Notable Events,Architect,Notable Details,trigger
"Tjörn, Sweden",Almö Bridge,"Struck by the bulk carrier MS Star Clipper, collapsing the main span",18 January 1980,8 fatalities,,"Roadway landing on top of the ship, destroying the ship's bridge",,,,,"Replaced by the Tjörn Bridge, a cable-stayed bridge",,,,,,,,,,,,,,,,,,,,,1960,,,,,,,,,,,,,,,,,,,,,,,,,,,,,,,,,,,,,,,,,,,,,,,,,,,,,,,,,,,,,,,,,,,,,,,,,,,,,,,,,,,,,,,,,,,,,,,,,,,,,,,,,,,,,,,,,,,,,,,,,,,,,,,,,,,,,,,,,,,,,,,,,,,,,,,,,,,,,,,,,,,,,,,,,,,,Alm枚bron 
"Angers, France",Angers Bridge (Basse-Chaîne Bridge),Collapse during a thunderstorm while soldiers were marching across,16 April 1850,Over 200 soldiers killed,1836-1839,Collapse during the crossing of a battalion of French soldiers,Joseph Chaley and Bordillon,,,,,,,,,,,,,,,,,,,,,,,,,,,,,,,,,,,,,,,,,,,,,,,,,,,,,,,,,,,,,,,,,,,,,,,,,,,,,,,,,,,,,,,,,,,,,,,,,,,,,,,,,,,,,,,,,,,,,,,,,,,,,,,,,,,,,,,,,,,,,,,,,,,,,,,,,,,,,,,,,,,,,,,,,,,,,,,,,,,,,,,,,,,,,,,,,,,,,Angers Bridge
"Quebec Route 198, Quebec, Canada",Beaver Dam Bridge,Flood damage leading to the collapse,"May 22, 1963",6 fatalities,,Collapse resulted in the death of 6 mine workers,,,,,,,,,,,,,,,,,,,,,,,,,,,,,,,,,,,,,,,,,,,,,,,,,,,,,,,,,,,,,,,,,,,,,,,,,,,,,,,,,,,,,,,,,,,,,,,,,,,,,,,,,,,,,,,,,,,,,,,,,,,,,,,,,,,,,,,,,,,,,,,,,,,,,,,,,,,,,,,,,,,,,,,,,,,,,,,,,,,,,,,,,,,,,,,,,,,,,,Beaver Dam Bridge
"Belo Horizonte, Brazil","Overpass in Belo Horizonte, Brazil",Overpass under construction collapsed onto carriageway below,3 July 2014,"2 fatalities, 22 injuries",2010-2014,,,,Collapse occurred during the 2014 FIFA World Cup preparations,,,,,Cowan Construction,Not mentioned in the provided text,,,Forensic team set up to investigate the causes of the accident,,,,,,,,,,,,,,,,,,,,,,,Part of the Move Bus rapid transit system,,,,,,,,,,,,,,,,,,,,,,,,,,,,,,,,,,,,,,,,,,,,,,,,,,,,,,,,,,,,,,,,,,,,,,,,,,,,,,,,,,,,,,,,,,,,,,,,,,,,,,,,,,,,,,,,,,,,,,,,,,,,,,,,,,,,,,,,,,,,,,,,,,,,,,,,,,,,,,,,,,,Belo Horizonte overpass collapse
"James River, Virginia, United States",Benjamin Harrison Memorial Bridge,Collision by a ship leading to substantial rebuilding,"February 24, 1977",Not mentioned in the provided text,"Originally completed in 1966, substantial rebuilding post-1977",Collision by the SS Marine Floridian in 1977,Hardesty & Hanover L.L.P.,,,,,,,,,,,,,,,,,,,,,,,,,,,,,,,,,,,,,,,,,,,,,,,,,,,,,,,,,,,,,,,,,,,,,,,,,,,,,,,,,,,,,,,,,,,,,,,,,,,,,,,,,,,,,,,,,,,,,,,,,,,,,,,,,,,,,,,,,,,,,,,,,,,,,,,,,,,,,,,,,,,,,,,,,,,,,,,,,,,,,,,,,,,,,,,,,,,,,Benjamin Harrison Memorial Bridge
"Ohio River, connecting Louisville, Kentucky, and Jeffersonville, Indiana",Big Four Bridge,,,,"Completed in 1895, updated in 1929, converted to pedestrian and bicycle use in 2014",,,"Taken out of rail service in 1968, original rail approaches removed in 1974-1975, nicknamed ""Bridge That Goes Nowhere""",,,,"Originally a railroad truss bridge, converted to pedestrian and bicycle use",,,,,,,,,,,,,,,,,,,,,"Largest single span: 547 feet, total span: 2,525 feet",,,,,,,,,"$22 million allocated by Kentucky, Indiana, and Jeffersonville for completion","Kentucky ramp opened on February 7, 2013, Jeffersonville ramp opened on May 20, 2014",,,,,,,,,,,,,,,,,,,,,,,,,,,,,,,,,,,,,,,,,,,,,,,,,,,,,,,,,,,,,,,,,,,,,,,,,,,,,,,,,,,,,,,,,,,,,,,,,,,,,,,,,,,,,,,,,,,,,,,,,,,,,,,,,,,,,,,,,,,,,,,,,,,,,,,,,,,,,,,,,Big Four Bridge
"London, United Kingdom",Bishopsford Road Bridge,Collapse following flooding in the River Wandle,14 June 2019,Not mentioned in the provided text,"Original bridge rebuilt around 1759, widened in the 1940s","Route 118 bus diverted, temporary route 718 introduced in 2019",,,,,"Designs for a new bridge approved in October 2020, reopened in 2021",,,,,,,,,"Stabilisation work started in April 2019, remains demolished in 2020",,,,,,,,,,,,,,,,,,,,,,,,,,,,,,,,,,,,,,,,,,,,,,,,,,,,,,,,,,,,,,,,,,,,,,,,,,,,,,,,,,,,,,,,,,,,,,,,,,,,,,,,,,,,,,,,,,,,,,,,,,,,,,,,,,,,,,,,,,,,,,,,,,,,,,,,,,,,,,,,,,,,,,,,,,,,,,,,,,,,,,,,Bishopsford Road Bridge
"Patrick County, Virginia, United States",Bob White Covered Bridge,,,,,,,,,,,,,,,80 feet,"Constructed by Walter G. Weaver, access route to Smith River Church, site of annual horse-drawn wagon rides, part of Patrick County Covered Bridge Festival",,,,,,,,,,,,,,,,,,,,,,,,,,,1921,Queen-post truss construction over two spans,"Listed on the National Register of Historic Places on May 22, 1973","Washed away and destroyed in major flooding on September 29, 2015",,,,,,,,,,,,,,,,,,,,,,,,,,,,,,,,,,,,,,,,,,,,,,,,,,,,,,,,,,,,,,,,,,,,,,,,,,,,,,,,,,,,,,,,,,,,,,,,,,,,,,,,,,,,,,,,,,,,,,,,,,,,,,,,,,,,,,,,,,,,,,,,,,,,,,,,,,,,,Bob White Covered Bridge
"Laval, Quebec, Canada","Boulevard du Souvenir overpass in Laval, Quebec, Canada","Collapse of overpass, 16 beams weighing 63 tons each fell","June 18, 2000","1 fatality, 2 injuries",,,,,,,,,,"Beaver Ridge, Dessau-Soprin","Beaver Ridge under bankruptcy protection, no construction license, no specified legal actions mentioned",,,"Rupture of one beam caused the collapse, discovered problems with beams prior to collapse",,,,,,,,,,,,,,,,,,,,,,,,,,,,,,,,,,,,,,,,,,,,,,,,,,,,,,,,,,,,,,,,,,,,,,,,,,,,,,,,,,,,,,,,,,,,,,,,,,,,,,,,,,,,,,,,,,,,,,,,,,,,,,,,,,,,,,,,,,,,,,,,,,,,,,,,,,,,,,,,,,,,,,,,,,,,,,,,,,,,,,,,,,Boulevard du Souvenir overpass collapse
,,,,,,,,,,,,,,,,,,,,,,,Arkadiko Bridge still in existence,Intentionally felled trees used for significant spans,,,,,,,,,,,,,,,,,,,,,,,,Fallen trees and stepping stones used,Boardwalk bridges across marshland,Origin traced back to Proto-Indo-European *bʰrēw-,Stepping stones and log bridges,Holzbrücke Rapperswil-Hurden in Switzerland,Built a 6-metre-wide wooden bridge in the late 2nd century AD,,,,,,,,,,,,,,,,,,,,,,,,,,,,,,,,,,,,,,,,,,,,,,,,,,,,,,,,,,,,,,,,,,,,,,,,,,,,,,,,,,,,,,,,,,,,,,,,,,,,,,,,,,,,,,,,,,,,,,,,,,,,,,,,,,,,,,,,,,,,,,,,,,,,,,,bridge
"Menai Strait, between Anglesey and mainland Wales",Britannia Bridge,Extensive damage due to a fire in May 1970,,,"Foundation stone laid on April 10, 1846, completed on March 5, 1850",,Robert Stephenson,Fire in May 1970 caused extensive damage,"Critical link of the Chester and Holyhead Railway, Grade II listed status, significant impact on rail travel",,,,,,,,,,,,,,,,,,,,,,,,,,,,,,,,,,,,,,,,,,,,,,,,,,,,,,,,,,,,,,,,,,,,,,,,,,,,,,,,,,,,,,,,,,,,,,,,,,,,,,,,,,,,,,,,,,,,,,,,,,,,,,,,,,,,,,,,,,,,,,,,,,,,,,,,,,,,,,,,,,,,,,,,,,,,,,,,,,,,,,,,,,,,,,,,,,,Britannia Bridge
"River Irwell, Broughton and Pendleton, Salford, Greater Manchester, England",Broughton Suspension Bridge,Mechanical resonance induced by troops marching in step,,Not specified in the provided text,"Built in 1826, collapsed in 1831",Collapse on 12 April 1831 due to resonance from marching troops,Attributed to Samuel Brown or Thomas Cheek Hewes,,,,,,,,,,,,,,,,,,,,,,,,,,,,,,,,,,,,,,,,,,,,,,,,,,,,,,,,,,,,,,,,,,,,,,,,,,,,,,,,,,,,,,,,,,,,,,,,,,,,,,,,,,,,,,,,,,,,,,,,,,,,,,,,,,,,,,,,,,,,,,,,,,,,,,,,,,,,,,,,,,,,,,,,,,,,,,,,,,,,,,,,,,,,,,,,,,,,,Broughton Suspension Bridge
"West London, London Borough of Hillingdon, Middlesex, United Kingdom",,,,,,,,,,,,,,,,,,,,,,,,,,,,,,,,,,"83,564 (recorded in the 2011 census)",,,,,,,,,,,,,,,,,,,,Hayes,"St. Mary's Parish Church, Barra Hall, Adam and Eve public house","William Byrd, George Orwell","EMI, The Beatles, Heinz, United Biscuits, Fujitsu, Rackspace U.K.",,,,,,,,,,,,,,,,,,,,,,,,,,,,,,,,,,,,,,,,,,,,,,,,,,,,,,,,,,,,,,,,,,,,,,,,,,,,,,,,,,,,,,,,,,,,,,,,,,,,,,,,,,,,,,,,,,,,,,,,,,,,,,,,,,,,,,,,,,,,,,,,,,,Bulls Bridge
"Tapti River, Athwa and Adajan areas, Surat, Gujarat, India","Cable Bridge, Surat or Pandit Dindayal Upadhyay Bridge",Concrete slab collapse during construction,10 June 2014,"10 fatalities, 6 injuries",,,,,"Named after Deendayal Upadhyaya, proposed in 2006, construction started in 2010",,,,,"Gammon India, Rachana Construction, Spectrum Techno Consultant Private Limited, Gujarat Engineering Research Institution",Not mentioned in the provided text,,,Investigation by Gujarat Engineering Research Institution,,,,,,,,,,,,,,,,,,,,,,,,,,,,,,,,,,,,,,,,,,,,,,,,,,,,,,,,,,,,,,,,,,,,,,,,,,,,,,,,,,,,,,,,,,,,,,,,,,,,,,,,,,,,,,,,,,,,,,,,,,,,,,,,,,,,,,,,,,,,,,,,,,,,,,,,,,,,,,,,,,,,,,,,,,,,,,,,,,,,,,,,,,Cable Bridge Surat
"Italian state highway SS330 near the town of Aulla, Italy",Caprigliola Bridge,"Unknown, potential small event leading to structural instability",8 April 2020,"No fatalities, minor injuries to two truck drivers",,"Collapse caused minor injuries, gas pipeline damage isolated by Italgas",Attilio Muggia,,,"Designed by Attilio Muggia in 1901, pioneer of reinforced concrete in Italy",,,,,,,,,,,,,,,,,,,,,,,,,,,,,,,,,,,,,,,,,,,,,,,,,,,,,,,,,,,,,,,,,,,,,,,,,,,,,,,,,,,,,,,,,,,,,,,,,,,,,,,,,,,,,,,,,,,,,,,,,,,,,,,,,,,,,,,,,,,,,,,,,,,,,,,,,,,,,,,,,,,,,,,,,,,,,,,,,,,,,,,,,,,,,,,,,,Caprigliola bridge collapse
"Chesapeake City, Maryland, United States",Chesapeake City Bridge,Destruction of an older vertical lift drawbridge in 1942,,Not mentioned in the provided text,1949,,,Tanker Franz Klasen striking the older vertical lift drawbridge in 1942,,,,,,,,,,,,,,,,,,,,,,,,,,,,,,,,,,,,,,,,,,,,,,,,,,,,,,,,,,,,,,,,,,,,,,,,,,,,,,,,,,,,,,,,,,,,,,,,,,,,,,,,,,,,,,,,,,,,,,,,,,,,,,,,,,,,,,,,,,,,,,,,,,,,,,,,,,,,,,,,,,,,,,,,,,,,,,,,,,,,,,,,,,,,,,,,,,,,Chesapeake City Bridge
"New Orleans, Louisiana, United States",Claiborne Avenue Bridge,Barge collision with a support pier causing a section to collapse,"May 28, 1993","1 fatality, 2 severe injuries",Not specified,Barge collision in 1993 leading to a section collapse,,,,,,,,,,,,,"Four vehicular lanes, two in each direction",,,,,,,,,,,,,,,,,,,,,,,,,,,,,,,,,,,,,,,"North Claiborne Avenue, also Louisiana Highway 39",,,,,,,,,,,,,,,,,,,,,,,,,,,,,,,,,,,,,,,,,,,,,,,,,,,,,,,,,,,,,,,,,,,,,,,,,,,,,,,,,,,,,,,,,,,,,,,,,,,,,,,,,,,,,,,,,,,,,,,,,,,,,,,,,,,,,,,,,,,,,,,,,,Claiborne Avenue Bridge
"Pembrokeshire, Wales",Cleddau Bridge,Errors in box girder design during construction,2 June 1970,"4 fatalities, 5 injuries",1968-1975,,,"Collapse of a cantilever during construction, halting work until 1972",,,,,,,,,,,,,"Sir Alexander Gibb & Partners, Freeman Fox and Partners",,,,,,,,,,,,,,,,,,,,,,,,,,,,,,,,,,,,,,Pembrokeshire County Council,,,,,,,,,,,,,,,,,,,,,,,,,,,,,,,,,,,,,,,,,,,,,,,,,,,,,,,,,,,,,,,,,,,,,,,,,,,,,,,,,,,,,,,,,,,,,,,,,,,,,,,,,,,,,,,,,,,,,,,,,,,,,,,,,,,,,,,,,,,,,,,,,Cleddau Bridge
"Oakland, California, United States",Cypress Street Viaduct,Partial collapse during the 1989 Loma Prieta earthquake,"October 17, 1989",42 fatalities,1949-1957,"Collapse resulted in 42 fatalities, subsequent demolition of the structure",,,,,,,"June 11, 1957",,,,,,,,,,,,,,,,,,,,,,,,,,,,,,,,,,,,,,,,,,,,,,,,,,,,,,,,,,,,,,,,,,,,,,,,,,,,,,,,,,,,,,,,,,,,,,,,,,,,,,,,,,,,,,,,,,,,,,,,,,,,,,,,,,,,,,,,,,,,,,,,,,,,,,,,,,,,,,,,,,,,,,,,,,,,,,,,,,,,,,,,,,,,,,,Cypress Street Viaduct
"Cần Thơ, southern Vietnam",Cần Thơ Bridge,,,,,,,,,,,Integration of Mekong Delta into Vietnam's road network,,,,2.75 kilometers,,,"6 lanes (4 for automobiles, 2 for bicycles/motorbikes)",,,,,,,,,,,,,"April 24, 2010",,,,,,,,,,,,,,,,,,,,,,,,,,,,23 meters,39 meters,"September 25, 2004",Partial collapse in 2007,Nippon Koei-Chodai,"Taisei Corporation, Kajima Construction, Nippon Steel","Japan International Cooperation Agency, Japan Bank of International Cooperation, Vietnamese government","Petrolimex Joint Stock Insurance Company, PetroVietnam Insurance Company",Three contracts for different sections of the bridge,"Approach ramp collapse on September 26, 2007",,,,,,,,,,,,,,,,,,,,,,,,,,,,,,,,,,,,,,,,,,,,,,,,,,,,,,,,,,,,,,,,,,,,,,,,,,,,,,,,,,,,,,,,,,,,,,,,,,,,,,,,,,,,,,,,,,,,,,,,,,,,,,,,,,,,,,,C岷 Th啤 Bridge
"Rhine at Deutz in Cologne, Germany",Deutz Suspension Bridge,Collapsed during repair works,,,1913-1915,,,,,,,,,,,,,,,,,,,,28 February 1945,World's first steel box girder bridge in 1948,,,,,,,,,,,,,,,,,,,,,,,,,,,,,,,,,,,,,,,,,,,,Named Hindenburg Bridge in 1935,"H. D. Robinson, Fritz Leonhardt, Gerd Lohmer","Inspired American bridge engineers, influenced Three Sisters bridges in Pittsburgh and Kiyosu Bridge in Tokyo",,,,,,,,,,,,,,,,,,,,,,,,,,,,,,,,,,,,,,,,,,,,,,,,,,,,,,,,,,,,,,,,,,,,,,,,,,,,,,,,,,,,,,,,,,,,,,,,,,,,,,,,,,,,,,,,,,,,,,,,,,,,,,,,,,,,Deutz Suspension Bridge
"Pawtucket, Rhode Island, United States",Division Street Bridge,,,,1875-1877,,,None mentioned in the provided text,"Symbolic icon of unity between neighborhoods, listed on National Register of Historic Places",,,,,,,,,,,,,,,,,,Approximately 450 feet,,,,,,,,"Considered architecturally and historically significant, in need of repairs",,,,,,,,,,,,,,,,,,,,,,,,,,,,,,,,,,,,,,"Nine-span stone and brick bridge, segmented arches, granite construction, iron walkways",,,,,,,,,,,,,,,,,,,,,,,,,,,,,,,,,,,,,,,,,,,,,,,,,,,,,,,,,,,,,,,,,,,,,,,,,,,,,,,,,,,,,,,,,,,,,,,,,,,,,,,,,,,,,,,,,,,,,,,,,,,,,,,,,,,Division Street Bridge
"St. Petersburg, Russia",Egyptian Bridge,Original bridge collapsed on 20 January 1905 when a cavalry squadron was marching across it,,,"1825-1826 (original bridge), completed in 1955 (replacement structure)",,,,"Monument to early 19th-century Egyptomania, incorporated sphinxes and other details from the 19th-century bridge",,Replacement structure completed in 1955,,,,,,,,,,,,,,,,,,,,,,,,,,,,,,,,,,,,,,,,,,,,,,,,,,,,,,,,,,,,,,,,,,,,,,,,,,,,,,,,,,,,,,,,,,,,,,,,,,,,,,,,,,,,,,,,,,,,,,,,,,,,,,,,,,,,,,,,,,,,,,,,,,,,,,,,,,,,,,,,,,,,,,,,,,,,,,,,,,,,,,,,,,,,,,,,,Egyptian Bridge
"Eschede, Celle district, Lower Saxony, Germany",Road bridge,High-speed train derailment due to a single fatigue crack in a wheel,3 June 1998,"101 fatalities, 88 injuries",,"Worst rail disaster in the history of Germany, worst high-speed-rail disaster worldwide",,,,,,,,,,,,,,,,,,,,,,,,,,,,,,,,,,,,,,,,,,,,,,,,,,,,,,,,,,,,,,,,,,,,,,,,,,,,,,,,,,,,,,,,,,,,,,,,,,,,,,,,,,,,,,,,,,,,,,,,,,,,,,,,,,,,,,,,,,,,,,,,,,,,,,,,,,,,,,,,,,,,,,,,,,,,,,,,,,,,,,,,,,,,,,,,,,,,,,Eschede train disaster
"Miami, Florida, United States",Florida International University pedestrian bridge,Miscalculation of resistance to sliding in the connection between the walkway surface and the truss,"March 15, 2018",6 fatalities,,,,,,,,,,,,,,,,,,,,,,,,,,,,,,,,,,,,,,,,,,,,,,,,,,,,,,,,,,,,,,,,,,,,,,10 injuries,8 vehicles,"National Transportation Safety Board, FIGG Bridge Engineers",Miscalculation of resistance to sliding in the connection between the walkway surface and the truss,,,,,,,,,,,,,,,,,,,,,,,,,,,,,,,,,,,,,,,,,,,,,,,,,,,,,,,,,,,,,,,,,,,,,,,,,,,,,,,,,,,,,,,,,,,,,,,,,,,,,,,,,,,,,,,,,,,,,,,,,,,,,,,Florida International University pedestrian bridge collapse
"Tablazo Strait outlet of Lake Maracaibo, western Venezuela",General Rafael Urdaneta Bridge,,,,,,Riccardo Morandi,"Partial collapse in April 1964 due to a collision with the tanker Esso Maracaibo, resulting in seven deaths",,,,Vehicle transportation,24 August 1962,,,8.678 kilometers,,,,,,,,,,,,,,,,,,,,,,,,,,,,,,,,,,,,,,,,,,,,,,,,,,,,,,,,,,,,,,Reinforced and prestressed concrete,92 meters,46 meters,"Grün & Bilfinger, Julius Berger, Bauboag AG, Philipp Holzmann AG, Precomprimido C.A., Wayss & Freytag, K Ingeniería","Proposed since 1982, studies conducted since 2000, estimated cost of US$440m, to be privately financed via tolls",,,,,,,,,,,,,,,,,,,,,,,,,,,,,,,,,,,,,,,,,,,,,,,,,,,,,,,,,,,,,,,,,,,,,,,,,,,,,,,,,,,,,,,,,,,,,,,,,,,,,,,,,,,,,,,,,,,,,,,,,,General Rafael Urdaneta Bridge
"Johannesburg, South Africa",Grayston Pedestrian and Cycle Bridge,,,,,"Collapse of temporary works over M1 motorway on October 14, 2015",,,,,,,,,,,,,,,,,,,,,,"Little permanent works executed, alternative construction method adopted post-collapse",,,,,,,,"Two people killed, 19 injured",,,,,,,,,,,,,,,,,,,,,,,,,,,,,,,,,,,,,,,,,,,,,,,Cantilever spar cable-stayed bridge,176 meters,Three,70 meters,26°6′26.85″S 28°4′35.14″E﻿ / ﻿26.1074583°S 28.0764278°E﻿ / -26.1074583; 28.0764278,,,,,,,,,,,,,,,,,,,,,,,,,,,,,,,,,,,,,,,,,,,,,,,,,,,,,,,,,,,,,,,,,,,,,,,,,,,,,,,,,,,,,,,,,,,,,,,,,,,,,,,,,,,,,,,,,,,,,Grayston Pedestrian and Cycle Bridge
"Hudson River, New York, United States",Green Island Bridge,,,,Not specified,,,Collapse of the lift span pier due to flooding in 1977,,"Original bridge built in 1832, replaced by a steel railroad bridge in 1884, converted for automobile traffic in 1963",,,"September 12, 1981",,,,,,,,,,,,,,,,Vertical lift bridge,,,,,,,,,,,,,,,,,,,,,,,,,,,,,,,,,,,,,,,,,,,,,,,,,,,,,,,,,,,Flood-induced scour causing the collapse of the lift span pier in 1977,,,,,,,,,,,,,,,,,,,,,,,,,,,,,,,,,,,,,,,,,,,,,,,,,,,,,,,,,,,,,,,,,,,,,,,,,,,,,,,,,,,,,,,,,,,,,,,,,,,,,,,,,,,,,,,,,,,,Green Island Bridge
"Pittsburgh, Pennsylvania, United States",Greenfield Bridge,"Serious structural problems leading to collapse, no injuries reported",,,,,,"Collapse occurred at about 2:40 on a Saturday afternoon, no injuries reported",,,,,,,,,,,,,,,,,"June 18, 1921",,,,,,,,,,,,,,,,,,,,,,,,,,,,,,,,,,,,,,,,,,,,,,,,,,,,,,,,,,,,,,,,"Original wooden bridge built in 1891, replaced by concrete arch bridge in 1923, demolished in 2015","Wooden deck truss bridge (1891), concrete arch bridge (1923)",,,,,,,,,,,,,,,,,,,,,,,,,,,,,,,,,,,,,,,,,,,,,,,,,,,,,,,,,,,,,,,,,,,,,,,,,,,,,,,,,,,,,,,,,,,,,,,,,,,,,,,,,,,,,,,,,,Greenfield Bridge
"Ottawa, Ontario, Canada",Heron Road Workers Memorial Bridge,"Bridge collapse during construction, worst construction accident in Ottawa and Ontario history",1966 (specific date needed),"9 fatalities, over 60 injuries",1964-1967,,,,Renamed in 2016 to commemorate the victims of the accident,,,,,"Beaver Construction, O.J. Gaffney Ltd, M.M. Dillon & Company Ltd",,,,,,,,,,,,,,,,,,,,,,,,,,,,,,,,,,,,,,,,,,,,,,,,,,,,,,,,,,,,,,,,,,,,,,,,,,,,,,,,,,,,,,,,,,,,,,,,,,,,,,,,,,,,,,,,,,,,,,,,,,,,,,,,,,,,,,,,,,,,,,,,,,,,,,,,,,,,,,,,,,,,,,,,,,,,,,,,,,,,,,,,,,,,,,Heron Road Bridge
"Milwaukee, Wisconsin, United States",Daniel Hoan Memorial Bridge,,,,"1970-1972 (briefly), opened to traffic in 1977","Temporary closure on December 13, 2000, due to the bridge failure, removal of damaged section on December 28, 2000","Howard, Needles, Tammen & Bergendoff",,,,,,1977,,,,,,,,,,,,,,,,,"Failure of two of the three support beams causing the north-bound lanes to buckle and sag by 4 feet, leading to temporary closure",,,,,,,,,,,,,,,,,,,,,,,,,,,,,,,,,,,,,,,,,,,,,,,,,,,,,,,,,,,,,,,,,,,,,,,,,,,,,,,,,,,,,,,,,,,,,,,,,,,,,,,,,,,,,,,,,,,,,,,,,,,,,,,,,,,,,,,,,,,,,,,,,,,,,,,,,,,,,,,,,,,,,,,,,,,,,,Hoan Bridge
"Western Washington, United States",Hood Canal Bridge,,,,,,William A. Bugge,"Two pontoons sank during fabrication, returned to bay due to severe sea conditions","Longest floating bridge in a saltwater tidal basin, third longest floating bridge overall",,,,1961,,,"7,869 feet","Second concrete floating bridge in Washington, vital link for local residents and travelers",,,,,,,,,,,,,,,,,,,,,,,,,,,,,,,,,,,,,,,,,,,,,,,,,,,,,,,,,,,,,,,,,,,,,,,,,,,,,,,,,,,,,,,,,,,,,,,,,,,,,,,,,,,,,,,,,,,,,,,,,,,,,,,,,,,,,,,,,,,,,,,,,,,,,,,,,,,,,,,,,,,,,,,,,,,,,,,,,,,,,,,,,,,Hood Canal Floating Bridge 
"Kansas City, Missouri, United States",,Structural failure of two overhead walkways during a tea dance event,"July 17, 1981","114 fatalities, 216 injuries",,,,"Roof partially collapsed during construction, skywalk design flaws, collapse led to billions in insurance claims and legal investigations","Contributed to engineering ethics and safety reforms, deadliest structural failure in the U.S. since the Pemberton Mill collapse",,,,,"Hyatt Regency Hotel, engineering company involved in the design","Engineering company convicted of gross negligence, misconduct, and unprofessional conduct",,,,,,,,,,,,,,,,,,,,,,,,,,,,,,,,,,,,,,,,,,,,,,,,,,,,,,,,,,,,,,,,,,,,,,,,,,,,,,,,,,,,,,,,,,,,,,,,,,,,,,,,,,,,,,,,,,,,,,,,,,,,,,,,,,,,,,,,,,,,,,,,,,,,,,,,,,,,,,,,,,,,,,,,,,,,,,,,,,,,,,,,,,,,,Hyatt Regency walkway collapse
"Eastern end of Lake Pontchartrain, New Orleans to Slidell, Louisiana","I-10 Twin Span Bridge, Frank Davis ""Naturally N'Awlins"" Memorial Bridge",,,,Second half of the 2000s,,,,,,,,,,,,,,,,,,,,,,,,,,,,,,,,,,,,,,,,,,,,,,,,,,,,,,,,,,,,,,,,,,,,,,,,,,,,,,,,,,,,,,Extensive damage by Hurricane Katrina in 2005,"Eastbound span: July 9, 2009; Second span: April 7, 2010","April 7, 2010","September 8, 2011","December 21, 1965","Constructed with 433 65-foot concrete segments, two lanes wide",Used to line the nearby lake bottom as an underwater reef,"August 1, 2014, honoring Frank Joseph Davis",,,,,,,,,,,,,,,,,,,,,,,,,,,,,,,,,,,,,,,,,,,,,,,,,,,,,,,,,,,,,,,,,,,,,,,,,,,,,,,,,,,,,,,,,,,,,,,,,,,,,,,,,,I-10 Twin Span Bridge
"Southeast of Webbers Falls, Oklahoma, United States",I-40 bridge,Collision of freight barges with a pier supporting the bridge,"May 26, 2002","14 fatalities, 11 injuries",Not specified,"Captain of the towboat losing consciousness, causing the collision",,,,,,,,,,,,,,,,,,,,,,,,,,,,,,,,,,,,,,,,,,,,,,,,,,,,,,,,,,,,,,,,,,,,,,,,,,,,,,,,,,,,,,,,,,,,,,,,,,,,,,,,,,,,,,,,,,,,,,,,,,,,,,,,,,,,,,,,,,,,,,,,,,,,,,,,,,,,,,,,,,,,,,,,,,,,,,,,,,,,,,,,,,,,,,,,,,,,,,I-40 bridge disaster
"Interstate 5, Skagit County, Mount Vernon, Burlington, Washington",Skagit River Bridge,"Oversize load striking support beams, immediate collapse of northernmost span","May 23, 2013",Not mentioned in the provided text,Built in 1955,Collapse of northernmost span into the Skagit River,Not mentioned in the provided text,,,,,,,,,,,,,,,,,,,,,,,,,,,,,,,,,,,,,,,,,,,,,,,,,,,,,,,,,,,,,,,,,,,,,,,,,,,,,,,,,,,,,,,,,,,,,,,,,,,,,,,,,,,,,,,,,,,,,,,,,,,,,,,,,,,,,,,,,,,,,,,,,,,,,,,,,,,,,,,,,,,,,,,,,,,,,,,,,,,,,,,,,,,,,,,,,,,,,I-5 Skagit River Bridge collapse
"Vancouver, British Columbia, Canada",Ironworkers Memorial Second Narrows Crossing,"Miscalculation by bridge engineers, collapse during construction","June 17, 1958",19 fatalities,1956-1960,,Swan Wooster Engineering Co. Ltd.,,,,,,,,,,,Temporary arm holding the fifth anchor span was too light to bear the weight,,,,,,,,,,,,,,,,,,,,,,,,,,,,,,,,,,,,,,,,,,,,,,,,,,,,,,,,,,,,,,,,,,,,,,,,,,,,,,,,,,,,,,,,,,,,,,,,,,,,,,,,,,,,,,,,,,,,,,,,,,,,,,,,,,,,,,,,,,,,,,,,,,,,,,,,,,,,,,,,,,,,,,,,,,,,,,,,,,,,,,,,,,Ironworkers Memorial Second Narrows Crossing
"Cooper River, Charleston, South Carolina",John P. Grace Memorial Bridge,,,,Seventeen months,,Shortridge Hardesty of Waddell & Hardesty,,,,,To cross the Cooper River and relieve traffic,"August 8, 1929",,,,,,Two 10 ft lanes,,,,,,,,,,,,,,,,,,Six million dollars,,,,,,,,,,,,,,,,,,,,,,,,,,,,,,,,,,,,,,,,,,,,,,,,,,,,,,,,,,,,,,"Cooper River Bridge, Inc.",50 cents,,,,,,,,,,,,,,,,,,,,,,,,,,,,,,,,,,,,,,,,,,,,,,,,,,,,,,,,,,,,,,,,,,,,,,,,,,,,,,,,,,,,,,,,,,,,,,,,,,,,,,,,John P. Grace Memorial Bridge
"Lucerne, central Switzerland",Kapellbrücke,,,,,,,,"Oldest wooden covered bridge in Europe, oldest surviving truss bridge in the world",,,,,,,,,,,,,,,,,,,,,,,,,,"Subsequently restored, serves as a symbol of the city and a tourist attraction",,,,,,,,,,,,,,,,,,,,,,,,,,,,,,,,,,,,,,,,,,,,,,,,,,,,,,,,,,,,,,,,,,"Contains interior paintings dating back to the 17th century, octagonal Wasserturm tower",18 August 1993,Fire incident destroyed two-thirds of interior paintings,,,,,,,,,,,,,,,,,,,,,,,,,,,,,,,,,,,,,,,,,,,,,,,,,,,,,,,,,,,,,,,,,,,,,,,,,,,,,,,,,,,,,,,,,,,,,,,,,,,,,Kapellbr眉cke 
"McKean County, Pennsylvania, United States",Kinzua Bridge,"Tornado strike in 2003, corroded anchor bolts failure",July 2003,,,,,,"""Eighth Wonder of the World"", tallest railroad bridge in the world for two years, National Register of Historic Places listing, National Historic Civil Engineering Landmark designation",,,,,,,"2,052 feet","Originally built in 1882, rebuilt in 1900 out of steel, commercial service until 1959, centerpiece of a state park",,,,,,,,,,,,,,,,,,,,,,,,,,,,,,,,,,,,,,,,,,,,,,,,,,,,,,,,,,,,,,,,,,,,,,,,,,,,,,,,,,,,,,,301 feet,"Restoration started in 2002, collapsed before completion in 2003",,,,,,,,,,,,,,,,,,,,,,,,,,,,,,,,,,,,,,,,,,,,,,,,,,,,,,,,,,,,,,,,,,,,,,,,,,,,,,,,,,,,,,,,,,,,,,,,,,,Kinzua Bridge
Palau,Koror–Babeldaob Bridge,"Middle hinge point sag, collapse due to creep and low modulus of elasticity",,,2002 (for the replacement bridge),,"Dyckerhoff & Widmann AG, Alfred A. Yee and Associates","Collapse in 1996, emergency aid provided by Japan",,,,,,,,,,,,,,,,,"September 26, 1996",,413 meters,,"Reinforced concrete, portal frame, cable-stayed",,,,,,,,,,,,,,,,,,,,,,,,,,,,,,,,,,,,,,,,,,,,,,,,,,,,,,,,,,,,,,,,,,,,,,,,,,,,,Kajima Corporation of Japan,Balanced cantilever prestressed concrete box girder bridge,385.6 meters,,,,,,,,,,,,,,,,,,,,,,,,,,,,,,,,,,,,,,,,,,,,,,,,,,,,,,,,,,,,,,,,,,,,,,,,,,,,,,,,,,,,,,,,,,,,,,,,Koror-Babeldaob Bridge
"Kota, Rajasthan, India",Kota Bridge,Collapse of the under-construction west side of the bridge,24 December 2009,48 fatalities,"Agreement signed in 2006, construction started in 2007","Collapse of span P4-P3, Pilon P4, Pier P4, and cantilever portion",,,,,,,,"National Highways Authority of India, Hyundai Engineering",,,,,,,,,,,,,,,,,,,,,,,,,,,,,,,,,,,,,,,,,,,,,,,,,,,,,,,,,,,,,,,,,,,,,,,,,,,,,,,,,,,,,,,,,,,,,,,,,,,,,,,,,,,,,,,,,,,,,,,,,,,,,,,,,,,,,,,,,,,,,,,,,,,,,,,,,,,,,,,,,,,,,,,,,,,,,,,,,,,,,,,,,,,,,,Kota Chambal Bridge
"Island of Borneo, Kalimantan Timur, Indonesia",Kutai Kartanegara Bridge,"Support cable snapped during maintenance, catastrophic failure",26 November 2011,At least 20 fatalities,,,,,,,,,,,,,,,,,,,,,,"Built in 2013, formally opened in December 2015",,,,,,,,,,,Rp 150 billion,,,,,,,,,,,,,,,,,,,,,,,,,,,,,,,,,,,,,,,,,,,,,,,,,,,,,,,,,,,,,,,,,,,,,,,,1995-2001,,,,,,,,,,,,,,,,,,,,,,,,,,,,,,,,,,,,,,,,,,,,,,,,,,,,,,,,,,,,,,,,,,,,,,,,,,,,,,,,,,,,,,,,,,,,,,,Kutai Kartanegara Bridge
"Seattle metropolitan area, Washington, United States",Lacey V. Murrow Memorial Bridge,,,,1939-1940,,,,,"Proposal by Homer Hadley in 1921, lobbying by George Lightfoot, construction started in 1939",,,,,,,"Second-longest floating bridge in the world, National Historic Civil Engineering Landmark",,,,Homer Hadley,,,,,,,,,,,,,,,,,,,,,,,,,,,,,,,,,,,,,,,,,,,,,,,,,,,,,,,,,,,,,,,,,,,,,,,,,,,,,,,,,,,,,,,,,"6,620 ft",1940,1967,1989,1993,Approximately $9 million,Removed in 1949,,,,,,,,,,,,,,,,,,,,,,,,,,,,,,,,,,,,,,,,,,,,,,,,,,,,,,,,,,,,,,,,,,,,,,,,,,,,,,,,,,,,,,,,Lacey V. Murrow Memorial Bridge
"Southeastern Louisiana, United States",Lake Pontchartrain Causeway,,,,,,,,,"Idea dates back to the 19th century, modern causeway envisioned in 1948",,,,,,,,,,,,"Bernard de Marigny, Ernest M. Loëb Jr., James E. Walters Sr.",,,,,,,,,,,,,,,,,,,,,,,,,,,,,,,,,,,,,,,,,,,,,,,,,,,,,,,,,,,,,,,,,,,,,,,,,,,,,,,,,,,,,,,,,,,,,,,23.83 miles,"Metairie, Louisiana","Mandeville, Louisiana",Longest continuous bridge over water until 2011,"9,500","Bascule bridge, navigation channel span, supported by concrete pilings",,,,,,,,,,,,,,,,,,,,,,,,,,,,,,,,,,,,,,,,,,,,,,,,,,,,,,,,,,,,,,,,,,,,,,,,,,,,,,,,,,Lake Pontchartrain Causeway
"Aalborg and Nørresundby, North Jutland, Denmark",Limfjord Railway Bridge,,,,"Inaugurated in 1938, replaced an earlier bridge from 1879","Damaged by a ship on March 28, 2012, repaired and reopened in April 2013",,,,"Opened in 1879, replaced in 1938, part of the Vendsyssel railway line",,,,,,403 meters,,,,,,,,,,,,,,,,,,,,,,,,,,,,,,,,,,,,,,,,,,,,,,,,,,,,,,,,,,,,,,,,,,,,,,,,,,,,,,,,,,,,,,,,,,,,,,,,,,,,,,,,,,,Bascule bridge of steel truss design with nine spans,60 kilometers per hour,Jernbanebroen over Limfjorden,,,,,,,,,,,,,,,,,,,,,,,,,,,,,,,,,,,,,,,,,,,,,,,,,,,,,,,,,,,,,,,,,,,,,,,,,,,,,,,Limfjord Railway Bridge
"Monmouth County, New Jersey, United States",,,,,,,,,,,,,,,,,,,,,,,,,,,,,,,,,,"2010: 5,950, 2000: 6,170, 1990: 5,721",,,,,,,,,,,,,,,,,,,,,,,,,,,,,,,,,,,,,,,,,,,,,,,,,,,,,,,,,,,,,,,,,,,,,,,,,,,,,,,,,,,,,,,,,,,,Little Silver,"1663 (King's land grant), settled in 1667","March 19, 1923","Act of the New Jersey Legislature, referendum held on April 28, 1923",Area inhabited by the Navesink Native Americans,"Named after the Parker brothers' father's estate in Portsmouth, Rhode Island",,,,,,,,,,,,,,,,,,,,,,,,,,,,,,,,,,,,,,,,,,,,,,,,,,,,,,,,,,,,,,,,,,,,,,,,,Little Silver
"Remagen, Germany","Ludendorff Bridge, Remagen Bridge",,"March 17, 1945",,,,,,,,,,,,,,,,,,,,,,,,,,,,"Enabled establishment of a bridgehead, shortened the war",,,,,"28 Army engineers killed, 63 injured, 18 missing presumed drowned",,,,,,,,,,,,,,,,,,,,,,,,,,,,,,,,,,,,,,,,,,,,,,,,,,,,,,,,,,,,,,,,,,,,,,,,,,,,,,,,,,,,,,,,,,,,,,,,Early March 1945,United States Army,"Critical remaining bridge across the Rhine, captured during Battle of Remagen","Not rebuilt, west bank towers converted into a museum",,,,,,,,,,,,,,,,,,,,,,,,,,,,,,,,,,,,,,,,,,,,,,,,,,,,,,,,,,,,,,,,,,,,,Ludendorff Bridge
"Oakland, California, United States",MacArthur Maze,,,,,,,,,,,"Hub for east-west and north-south traffic accessing San Francisco and Oakland, connections to other parts of the country",,,,,,,,,,,,,,,,,,,"Central location near the east end of the San Francisco-Oakland Bay Bridge, hub for local and long-distance traffic, next to the Port of Oakland",,,,,,,,,,,,,,,,,,,,,,,,,,,,,,,,,,,,,,,,,,,,,,,,,,,,,,,,,,,,,,,,,,,,,,,,,,,,,,,,,,,,,,,,,,,,,,,,,,,,,,,,,"Eastshore Freeway, MacArthur Freeway, Nimitz Freeway, I-80, I-580, I-880, US 101",,,,,,,,,,,,,,,,,,,,,,,,,,,,,,,,,,,,,,,,,,,,,,,,,,,,,,,,,,,,,,,,,,,,MacArthur Maze
"Yarkon River, Tel Aviv, Israel",Maccabiah bridge,"Negligent shortcuts in construction, lack of permits, non-compliance with government requirements","July 14, 1997","4 fatalities, more than 60 injuries",,,,,"Highlighted environmental problems in Israel, prompted clean-up efforts, memorial unveiled at the games",,,,,,"Convictions for recklessly causing death and injury, prison sentences, community service",,,,,,,"Engineer, chair of Tel Aviv Games Organising Committee",,,,,,,,,,,,,,,,,,,,,,,,,,,,,,,,,,,,,,,,,,,,,,,,,,,,,,,,,,,,,,,,,,,,,,,,,,,,,,,,,,,,,,,,,,,,,,,,,,,,,,,,,,,,,,,,,,,,,,,,,,,,,,,,,,,,,,,,,,,,,,,,,,,,,,,,,,,,,,,,,,,,,,,,,,,,,,,,,,,,,,Maccabiah bridge collapse
"Between Mysore and Maddur, Karnataka, India",Maddur Railway Bridge,,,,,,,,,,,,,,,,,,,,,,,,,,,"Single track railway bridge duplicated in 2014, two new concrete railway bridges constructed, old steel bridge placed out of use",,,,,,,,,,,,,,,,,,,,,,,,,,,,,,,,,,,,,,,,,,,,,,,,,,,,,,,,,,,,,,,,,,,,,,,,,,,,,,,,,,,,,,,,,,,,,,,,,,,,,,,,,,,,,River in flood causing collapse,"Five fully loaded carriages fell into the river, approximately 150 fatalities","New bridges are 1,676 mm gauge, separated by about a meter, allowing increased axle loads and speeds, new bridges are more robust and allow for easier debris clearance",,,,,,,,,,,,,,,,,,,,,,,,,,,,,,,,,,,,,,,,,,,,,,,,,,,,,,,,,,,,,,,,,Maddur railway bridge collapse
"Tláhuac, Mexico City, Mexico",Line 12 of the Mexico City Metro,"Deficiencies in construction, lack of functional studs, poor welds",3 May 2021,26 fatalities,,,,,"Deadliest accident in almost fifty years, significant impact on Metro system",,,,,"Empresas ICA, Alstom Mexicana, Grupo Carso","Charges filed against ten former officials, awaiting trial",,,Deficiencies in construction of the bridge,,,,,,,,,,,,,,,,,,,,,,,,,,,,,,,,,,,,,,,,,,,,,,,,,,,,,,,,,,,,,,,,,,,,,,,,,,,,,,,,,,,,,,,,,,,,,,,,,,,,,,,,,,,,,,,,,,,,,,,,,,,,,,,,,,,,,,,,,,,,,,,,,,,,,,,,,,,,,,,,,,,,,,,,,,,,,,,,,,,,,,,,,,Mexico City Metro overpass collapse
"Interstate 95 over the Mianus River, Cos Cob and Riverside, Connecticut",Mianus River Bridge,"Failure of two pin and hanger assemblies, corrosion from water buildup","June 28, 1983",3 fatalities,,Collapse of a 100-foot section of the northbound span into the Mianus River,,,,,,,,,,,,,,,,,,,,,,,,,,,,,,,,,,,,,,,,,,,,,,,,,,,,,,,,,,,,,,,,,,,,,,,,,,,,,,,,,,,,,,,,,,,,,,,,,,,,,,,,,,,,,,,,,,,,,,,,,,,,,,,,,,,,,,Michael L. Morano Bridge,Not mentioned in the provided text,,,,,,,,,,,,,,,,,,,,,,,,,,,,,,,,,,,,,,,,,,,,,,,,,,,,,,,,,,,,,,,Mianus River Bridge
,,,,,,,,,,,,,,,,,,,,,,,,,,,,,,,,,,,,,,,,,,,,,,,,,,,,,,,,,,,,,,,,,,,,,,,,,,,,,,,,,,,,,,,,,,,,,,,,,,,,,,,,,,,,,,,,,,,,,,,,,,,,,,,,,,,,,,,,,,,,,,Mungo Olayipo Oladapo Erogbogbo Bridge,Annecy (on loan from Aston Villa),Aston Villa,8 January 2021,6 July 2021,27 January 2022,10 June 2022,English,Nigerian,,,,,,,,,,,,,,,,,,,,,,,,,,,,,,,,,,,,,,,,,,,,,,,,,,,,,,Mungo Bridge
"Turku, Finland",Myllysilta,,,,,,,,,,"Demolished in 2010, new bridge construction completed in 2011",Connects Turku's IV district to the VII district,19 September 2011,,,,,,Four westbound lanes,,,,,,,,,,,Structural failures of both piers,,,,,,,,Prestressed concrete box girder bridge built in 1975,,,,,,,,,,,,,,,,,,,,,,,,,,,,,,,,,,,,,,,,,,,,,,,,,,,,,,,,,,,,,,,,,,,,,,,,,,,,,,,,,,,,,,,,,,,,,,,,,,,,,,,,,,,,,,,,,6 March 2010,,,,,,,,,,,,,,,,,,,,,,,,,,,,,,,,,,,,,,,,,,,,,,,,,,,,,Myllysilta
"Nanfang'ao Fishing Port, Su'ao Township, Yilan County, Taiwan",Nanfang'ao Bridge,,1 October 2019,"6 fatalities, 12 injuries",1996-1998,"Collapse during the bridge on October 1, 2019, injuring over 20 people, with a video showing an oil tanker truck falling into the water and catching fire",MAA Consultants,,,,,,,,,,,,,,,,,,,,,,,,,,,,,,,,,,,,,,,,,,,,,,,,,,,,,,,,,,,,,,,,,,,,,,,,,,,,,,,,,,,,,,,,,,,,,,,,,,,,,,,,,,,,,,,,,,,,,,,,,,,,,,,,,,,,,,,,,,,,,,,,,Replacement for the former lower bridge to allow large fishing vessels to pass through,,,,,,,,,,,,,,,,,,,,,,,,,,,,,,,,,,,,,,,,,,,,,,,,,,,,Nanfang'ao Bridge
"Southern South Sudan, Magwi County, Eastern Equatoria",,,,,,,,,,British punitive expedition against the Lango in 1901,,,,,,,,,,,,,,,,,,,,,,,,,,,,,,,,,,,,,,,,,,,,,,,,,,,,,,,,,,,,,,,,,,,,,,,,,,,,,,,,,,,,,,,,,,,,,,,,,,,,,,,,,,,,,,,,,,,,,,,,,,,,,,,,,,,,,,,,,,,,,,,Approximately 197 kilometers by road,Approximately 120 kilometers by road,"Around 45,000 in 2006, current population not publicly known","Upgraded to City Council status in 2013, new bank branch in 2014, power supply pledge in 2017, one-stop border post opened in 2020",,,,,,,,,,,,,,,,,,,,,,,,,,,,,,,,,,,,,,,,,,,,,,,,Nimule
"Nipigon, Ontario, Canada",Nipigon River Bridge,Not mentioned in the provided text,Not mentioned in the provided text,Not mentioned in the provided text,"1937 (original bridge), 1974 (replacement), mid-2000s (rehabilitation), 2015-2016 (demolition), 2013 (replacement project)",,,"Dismantling project won two awards at the 2016 World Demolition Awards, $106 million project to replace the bridge began in 2013, cable-stayed design for twin bridges first of its kind in Ontario, eastbound span completed in 2018",,,,,,,,,,,,,,,,,,,,,,,,,,,,,,,,,,,,,,,,,,,,,,,,,,,,,,,,,,,,,,,,,,,,,,,,,,,,,,,,,,,,,,,,,,,,,,,,,,,,,,,,,,,,,,,,,,,,,,,,,,,,,,,,,,,,,,,,,,,,,,,,,,,,,,,,,,,,,,,,,,,,,,,,,,,,,,,,,,,,,,,,,,,,,,,,,,,,Nipigon River Bridge
"Near Dimbokro, Ivory Coast",Nzi River Bridge,"Collapse of an approach span during a two-engined goods train crossing, potential destabilization by a bulldozer arm",6 September 2016,Not specified in the text,Built in 1910,"Interruption of rail link between Ivory Coast and Burkina Faso, estimated repair cost of £400 million",,,,,,,,,,,,,,,,,,,,,,,,,,,,,,,,,,,,,,,,,,,,,,,,,,,,,,,,,,,,,,,,,,,,,,,,,,,,,,,,,,,,,,,,,,,,,,,,,,,,,,,,,,,,,,,,,,,,,,,,,,,,,,,,,,,,,,,,,,,,,,,,,,,,,,,,,,,,,,,,,,,,,,,,,,,,,,,,,,,,,,,,,,,,,,,,,,,,,,Nzi River Bridge
"Palu, Central Sulawesi, Indonesia",Palu IV Bridge,Destroyed by the 2018 Sulawesi earthquake and tsunami,28 September 2018,Not mentioned in the provided text,Inaugurated in May 2006,Hit and destroyed by the 2018 Sulawesi earthquake and tsunami,,,,,,,,,,,,,,,,,,,,,,,,,,,,,,,,,"Government announced plans to rebuild with earthquake safety factors, supported by JICA with 2.5 billion yen",,,,,,,,,,,,,,,,,,,,,,,,,,,,,,,,,,,,,,,,,,,,,,,,,,,,,,,,,,,,,,,,,,,,,,,,,,,,,,,,,,,,,,,,,,,,,,,,,,,,,,,,,,,,,,,,,,,,,,,,,,,,,,,,,,,,,,,,,,,,,,,,,,,,,,,,,,,,,,,,,,,,,Palu IV Bridge
"Situated to allow pedestrians to cross water, railways, or roads",,,,,,,,,,Ranges from stepping stones to elaborate steel structures,,"Enables pedestrians to cross wet, fragile, or marshy land",,,,,,,,,,,,,,,,,,,,,,,,,,,,,,,,,,,,,,,,,,,,,,,,,,,,,,,,,,,,,,,,,,,,,,,,,,,,,,,,,,,,,,,,,,,,,,,,,,,,,,,,,,,,,,,,,,,,,,,,,,,,,,,,,,,,,,,,,,,,,,,,,Footbridge,Bridge designed solely for pedestrians,"Provides access to medical clinics, schools, businesses, and markets",Simple suspension bridge designs using local materials and labor,"Stepping stones, boardwalks, enclosed footbridges, greenbridges",,,,,,,,,,,,,,,,,,,,,,,,,,,,,,,,,,,,,,,,,,,Pedestrian bridge
"Big Sur region of California, United States",,,,,,,,,,"Proposed by Dr. John L. D. Roberts in 1894, remote region access",,,,,,71 miles,,,,,,,,,,,,,,,Considered one of the most scenic driving routes in the world,,,,,,,,,,,,,,,,,,,,,,,,,,,,,,,,,,,,,,,,,,,,,,,,,,,,,,,,,,,,,,,,,,,,,,,,,,,,,,,,,,,,,,,,,,,,,,,,,,,,,,,,,,,,,,,,,,,,,,,,,,,,,,,,,,,Big Sur Coast Highway,"National Scenic Highway, California Scenic Highway",,,,,,,,,,,,,,,,,,,,,,,,,,,,,,,,,,,,,,,,,Pfeiffer Canyon Bridge
"Borders of Arta and Ioannina prefectures, Greece",Plaka Bridge,Collapsed during floods,1 February 2015,Not mentioned in the provided text,,,,,,"Built in 1866, largest one-arch stone bridge in Greece and Balkans",,,,,,,,,,,,,,,,,,,,,,,,,,,,,Rebuilt in 2020,,,,,,,,,,,,,,,,,,,,,,,,,,,,,,,,,,,,,,,,,,,,,,,,,,,,,,,,,,,,,,,,,,,,,,,,,,,,,,,,,,,,,,,,,,,,,,,,,,,,,,,,,,,,,,,,,,,,,,,,,,,,,,,,,,,,,,,,,,,,,,,,,,,,,,,,,,,,,,,,,,,,,Plaka Bridge
"Victoria, British Columbia, Canada",Point Ellice Bridge,"Overloading of streetcar, poor maintenance, design flaws","May 26, 1896",55 fatalities,,,,,"One of the worst transit disasters in British Columbia, led to changes in railway operations and city maintenance",,,,,,,,,,,,,,,,,,,,,,,,,,,,,,,,,,,,,,,,,,,,,,,,,,,,,,,,,,,,,,,,,,,,,,,,,,,,,,,,,,,,,,,,,,,,,,,,,,,,,,,,,,,,,,,,,,,,,,,,,,,,,,,,,,,,,,,,,,,,,,,,,,,,,,,,,,,"Consolidated Electric Railway Company, Victoria City Council",,,,,,,,,,,,,,,,,,,,,,,,,,,,,,,,,,,,,,,,Point Ellice Bridge
"Ottawa River, connecting Gatineau, Quebec, and Ottawa, Ontario",Portage Bridge,,,,"Built in 1973, expanded in 1988, ongoing construction work since 2019",,,Not mentioned in the provided text,,,,Connects Laurier Street and Alexandre-Taché Boulevard to Wellington Street,,,,,,,,,,,,,,,,,,,,,,,,,,,,,,,,,,,,,,,,,,,,,,,,,,,,,,,,,,,,,,,,,,,,,,,,,,,,,,,,,,,,,,,,,,,,,,,,,,,,,,,,,,,,,,,,,,,,,,,,,,,,,,,,,,,,,,,,,,,,,,,,,,,,,,,,,"Improving safety of bidirectional cycle track, adjusting motor vehicle lanes, repairs to drains and expansion joints, asphalt surface repairs",,,,,,,,,,,,,,,,,,,,,,,,,,,,,,,,,,,,,,,Portage Bridge
"Sainte-Foy and Lévis, Quebec, Canada",Quebec Bridge,"Failed twice during construction, cost of 88 lives and injuries",,88 lives lost,"Over 30 years, opened in 1919",,Not specified,,"Longest cantilever bridge span in the world, National Historic Site",,,,,,,,,,,,,,,,,,,,,,,,,,,,,,,,,,,,,,,,,,,,,,,,,,,,,,,,,,,,,,,,,,,,,,,,,,,,,,,,,,,,,,,,,,,,,,,,,,,,,,,,,,,,,,,,,,,,,,,,,,,,,,,,,,,,,,,,,,,,,,,,,,,,,,,,,,,,,1907 and 1916,,,,,,,,,,,,,,,,,,,,,,,,,,,,,,,,,,,,,,Quebec Bridge
"Southern Cameron County, Texas, United States",Queen Isabella Memorial Bridge,,,,"Opened in 1974, replaced the previous bridge",,,"Cessna TR182 collision in 1996, barge crash in 2001",Named after Queen Isabella of Castile,,,,,,,,,,,,,,,,,,,,,,,,,,,,,,,,,,,,,,,,,,,,,,,,,,,,,,,,,,,,,,,,,,,,,,,,,,,,,,,,,,,,,,,,,,,,,,,,,,,,,,,,,,,,,,,,,,,,,,,,,,,,,,,,,,,,,,,,,,,,,,,,,,,,,,,,,,,,,,2.37 miles,,,,,,,,,,,,,,,,,,,,,,,,,,,,,,,,,,,,,Queen Isabella Causeway
"St. Anna Bay, Willemstad, Curaçao, The Kingdom of The Netherlands",Koningin Julianabrug,Eastern part of the bridge collapsed during construction,1967 (specific date needed),15 fatalities,Not specified,Replacement of the collapsed eastern part of the bridge,,,,,"The current bridge opened on Queen's Day, 30 April 1974",,,,,,,,,,,,,,,,,,,,,,,,,,,,,,,,,,,,,,,,,,,,,,,,,,,,,,,,,,,,,,,,,,,,,,,,,,,,,,,,,,,,,,,,,,,,,,,,,,,,,,,,,,,,,,,,,,,,,,,,,,,,,,,,,,,,,,,,,,,,,,,,,,,,,,,,,,,,,,,,,,,,,,,,,,,,,,,,,,,,,,,,,,,,,,,,,Queen Juliana Bridge
,,,,,,,,,,,,,,,,,,,,,,,Arkadiko Bridge,"Log bridges, intentionally felled trees, Holzbrücke Rapperswil-Hurden",,,,,,,,,,,,,,,,,,,,,,,,,,,,,,,,,,,,,,,,,,,,,,,,,,,,,,,,,,,,,,,,,,,,,,,,,,,,,,,,,,,,,,,,,,,,,,,,,,,,,,,,,,,,,,,,,,,,,,,,,,,,,,,,,,,,,,,,,,,,,,,,"Fallen trees and stepping stones, boardwalk bridges across marshland",Traced back to Proto-Indo-European *bʰrēw-,6-metre-wide wooden bridge built in the late 2nd century AD,,,,,,,,,,,,,,,,,,,,,,,,,,,,,,,,,,Rail bridge
,,,,,,,,,,,,,,,,,,,,,,,Arkadiko Bridge is one of the oldest arch bridges still in existence,Holzbrücke Rapperswil-Hurden in Switzerland dates back to 1523 BC,,,,,,,,,,,,,,,,,,,,,,,,,,,,,,,,,,,,,,,,,,,,,,,,,,,,,,,,,,,,,,,,,,,,,,,,,,,,,,,,,,,,,,,,,,,,,,,,,,,,,,,,,,,,,,,,,,,,,,,,,,,,,,,,,,,,,,,,,,,,,,,,,,,Fallen trees and stepping stones used for early bridges,Neolithic people built boardwalk bridges across marshland,"Origin traced to Old English word ""brycg"" from Proto-Indo-European","Simplest types were stepping stones, log bridges, and felled trees",Built a 6-metre-wide wooden bridge in the late 2nd century AD,,,,,,,,,,,,,,,,,,,,,,,,,,,,,Railway bridge
"Vienna, Austria",Reichsbrücke,,,,1934-1937,,,"Renovation between 1948-1952, survived World War II without damage",,,No replacement mentioned,,10 October 1937,,,,,,,,"Siegfried Theiß, Hans Jaksch, Clemens Holzmeister",,,,,,,,,,,,,,,,,,,,,,,,,,,,,,,,,,,,,,,,,,,,,,,,,,,,,,,,,,,,,,,,,,,,,,,,,,,,,,,,,,,,,,,,,,,,,,,,,,,,,,,,,,,,,,,,,,,,,,,,,,,,,,,,,,,,,,,,,,,,,,,,,,,,,,,,,,,,,,,,,,,,,,,,,,,,,,,,,,,,,,,Reichsbr眉cke
,,,,,,,,,,,,,,,,,,,,,,,,,,,,,,,,,,,,,,,,,,,,,,,,,,,,,,,,,,,,,,,,,,,,,,,,,,,,,,,,,,,,,,,,,,,,,,,,,,,,,,,,,,,,,,,,,,,,,,,,,,,,,,,,,,,,,,,,,,,,,,,,,,,,,,,,,,,,,,,,,,,,,,,,,,,,,,,,Historical Background,"Bridges were initially made with fallen trees and stepping stones. The Neolithic people built boardwalk bridges across marshland. The Arkadiko Bridge is one of the oldest arch bridges still in existence. The Oxford English Dictionary traces the origin of the word bridge to an Old English word brycg. The word can be traced back to Proto-Indo-European *bʰrēw-. The simplest and earliest types of bridges were stepping stones. Neolithic people also built a form of boardwalk across marshes. Undoubtedly, ancient people would have used log bridges, timber bridges that fall naturally or are intentionally felled or placed across streams. Some of the first man-made bridges with significant span were probably intentionally felled trees. Among the oldest timber bridges is the Holzbrücke Rapperswil-Hurden crossing upper Lake Zürich in Switzerland. The prehistoric timber piles discovered to the west of the Seedamm date back to 1523 BC. The first wooden footbridge led across Lake Zürich, followed by several reconstructions at least until the late 2nd century AD when the Roman Empire built a 6-metre-wide wooden bridge.",,,,,,,,,,,,,,,,,,,,,,,,,,,Road bridge
"San Francisco Bay, California, United States",San Francisco–Oakland Bay Bridge,Partial collapse during the 1989 Loma Prieta earthquake,1989 (specific date needed),Not mentioned in the provided text,"1933-1936 (for the original bridge), ongoing maintenance and repairs",Partial collapse during the 1989 Loma Prieta earthquake,Charles H. Purcell,,,,,,,,,,,,,,,,,,,,,,,,,,,,,,,,,,,,,,,,,,,,,,,,,,,,,,,,,,,,,,,,,,,,,,,,,,,,,,,,,,,,,,,,,,,,,,,,,,,,,,,,,,,,,,,,,,,,,,,,,,,,,,,,,,,,,,,,,,,,,,,,,,,,,,,,,,,,,,,,,,,,,,,,,,,,,,,,,,,,,,,,,,,,,,,,,,,,,San Francisco–Oakland Bay Bridge
"San Francisco Bay, California, United States",San Francisco–Oakland Bay Bridge,Partial collapse during the 1989 Loma Prieta earthquake,1989 (specific date needed),Not mentioned in the provided text,"1933-1936 (for the original bridge), ongoing maintenance and repairs",Partial collapse during the 1989 Loma Prieta earthquake,Charles H. Purcell,,,,,,,,,,,,,,,,,,,,,,,,,,,,,,,,,,,,,,,,,,,,,,,,,,,,,,,,,,,,,,,,,,,,,,,,,,,,,,,,,,,,,,,,,,,,,,,,,,,,,,,,,,,,,,,,,,,,,,,,,,,,,,,,,,,,,,,,,,,,,,,,,,,,,,,,,,,,,,,,,,,,,,,,,,,,,,,,,,,,,,,,,,,,,,,,,,,,,San Francisco聽鈥_Oakland Bay Bridge
"Kramfors Municipality, northern Sweden",Sandö Bridge,"Collapse during construction, 18 workers killed",31 August 1939,18 fatalities,Not specified,,,,,,Replaced by the Höga Kusten Bridge in 1997,,,,,,,,,"Renovated after 1997, reopened in 2003",,,,,,,,,,,,,,,,,,,,,,,,,,,,,,,,,,,,,,,,,,,,,,,,,,,,,,,,,,,,,,,,,,,,,,,,,,,,,,,,,,,,,,,,,,,,,,,,,,,,,,,,,,,,,,,,,,,,,,,,,,,,,,,,,,,,,,,,,,,,,,,,,,,,,,,,,,,,,,,,,,,,,,,,,,,,,,,,,,,,,,,,Sand枚 Bridge
"Han River, Seoul, South Korea",Seongsu Bridge,Failure of supporting truss due to a faulty weld,"October 21, 1994","32 fatalities, 17 injuries",Completed in 1979,,,,,,"Dismantled and replaced, new design finished on August 15, 1997",,,,,,,,,,,,,,,,,,,,,,,,,,,,,,,,,,,,,,,,,,,,,,,,,,,,,,,,,,,,,,,,,,,,,,,,,,,,,,,,,,,,,,,,,,,,,,,,,,,,,,,,,,,,,,,,,,,,,,,,,,,,,,,,,,,,,,,,,,,,,,,,,,,,,,,,,,,,,,,,,,,,,,,,,,,,,,,,,,,,,,,,,,,,,,,,,Seongsu Bridge
"River Severn, between Sharpness and Lydney, Gloucestershire, England",Severn Railway Bridge,"Collisions with vessels due to strong tides, collapse of spans",,Not specified,1870s,,Hamilston's Windsor Ironworks Company Limited,Collisions with river barges causing span collapses,"Furthest-downstream bridge over the Severn until 1966, demolished between 1967 and 1970",,,,,,,,,,,,,,,,,,,,,,,,,,,,,,,,,,,,,,,,,,,,,,,,,,,,,,,,,,,,,,,,,,,,,,,,,,,,,,,,,,,,,,,,,,,,,,,,,,,,,,,,,,,,,,,,,,,,,,,,,,,,,,,,,,,,,,,,,,,,,,,,,,,,,,,,,,,,,,,,,,,,,,,,,,,,,,,,,,,,,,,,,,,,,,,,,,,Severn Railway Bridge
"Latchford, Ontario, Canada",Sgt. Aubrey Cosens VC Memorial Bridge,Partial failure due to torn rivets on support cables in January 2003,,,,"Closure of the highway, no casualties reported",,,"Renamed in 1986 in honour of Aubrey Cosens, a Victoria Cross recipient",,,,,,,,,,,,,,,,,,,,,,,,,,,,,,,,,,,,,,,,,,,,,,,,,,,,,,,,,,,,,,,,,,,,,,,,,,,,,,,,,,,,,,,,,,,,,,,,,,,,,,,,,,,,,,,,,,,,,,,,,,,,,,,,,,,,,,,,,,,,,,,,,,,,,,,,,,,,,,,,,,,,,,,,,October 1960,,,,,,,,,,,,,,,,,,,,,,,,,,Sgt. Aubrey Cosens VC Memorial Bridge
"Brunswick, Georgia, United States",Sidney Lanier Bridge,,,,"Opened on June 22, 1956",,Sverdrup & Parcel,"Struck by the ship African Neptune in 1972, struck by the Polish freighter Ziemia Bialostocka in 1987",,,,,,,,,,,,,,,,,,,,,,,,,,,,,,,,,,,,,,,,,,,,,,,,,,,,,,,,,,,,,,,,,,,,,,,,,,,,,,,,,,,,,,,,,,,,,,,,,,,,,,,,,,,,,,,,,,,,,,,,,,,,,,,,,,,,,,,,,,,,,,,,,,,,,,,,,,,,,,,,,,,,,,,,,,,,,,,,,,,,,,,,,,,,,,,,,,,,Sidney Lanier Bridge
"Nzoia River, Budalangi, Busia, Kenya",Sigiri Bridge,Mid-span section collapse during construction,26 June 2017,,,,,,,,,,,,,,,,,,,,,,,,,"Three spans, supported by two abutments and two piers",Multi-span deck-type plate girder bridge,,,,,,,,,,,,,,,,,,,,,,,,,,,,,,,,,,,,,,,,,,,,,,,,,,,,,,,,,,,,,,,,,,,,,,,,,,,,,,,,,,,,,,,,,,,,,,,,,,,,,,,,,,,,,,,,,,,,,,,,,,,,,,,,,,,,,,,,,,,,,,,,,,,,,,COVEC (contractor),Kenyan Government launched reconstruction works,31 August 2018,,,,,,,,,,,,,,,,,,,,,,,Sigiri Bridge
"Ohio River, connecting Point Pleasant, West Virginia, and Gallipolis, Ohio",Silver Bridge,"Failure of a single eyebar in a suspension chain due to a small defect, bridge carrying heavier loads than designed for, poor maintenance","December 15, 1967",46 fatalities,,,,,,"Built in 1928, named for the color of its aluminum paint, part of U.S. Route 35",Silver Memorial Bridge completed in 1969,,,,,,"Eyebar-chain suspension bridge, collapse during rush-hour traffic, 2 victims never found",,,,,,,,,,,,,,,,,,,,,,,,,,,,,,,,,,,,,,,,,,,,,,,,,,,,,,,,,,,,,,,,,,,,,,,,,,,,,,,,,,,,,,,,,,,,,,,,,,,,,,,,,,,,,,,,,,,,,,,,,,,,,,,,,,,,,,,,,,,,,,,,,,,,,,,,,,,,,,,,,,,,,,,,,,,,,,,,,,,,,,,,,,,Silver Bridge
"Holmestrand municipality, Vestfold og Telemark county, Norway",Skjeggestad Bridge,Partial collapse caused by a landslide in quick clay around a support pillar,2 February 2015,"No fatalities, no injuries",,,,,,,,,,,,,,,,,,,,,,,,,,,,,,,,,,,,,,,,,,,,,,,,,,,,,,,,,,,,,,,,,,,,,,,,,,,,,,,,,,,,,,,,,,,,,,,,,,,,,,,,,,,,,,,,,,,,,,,,,,,,,,,,,,,,,,,,,,,,,,,,,,,,,,,,,,,,,,,,,,,,,,,,,,,,,,,,,,"Both bridges closed after collapse, southbound lane fully destroyed and northbound lane repaired","Northbound lane reopened on 26 June 2015, southbound lane fully operational on 4 July 2016","Southbound lane partially reopened on 1 July 2016, controlled explosive demolitions on 21 February and 25 March 2015","Article on the bridge is a stub, potential for expansion on Wikipedia",,,,,,,,,,,,,,,,,,,Skjeggestad Bridge
"Lower Tampa Bay, connecting St. Petersburg, Florida to Terra Ceia",Bob Graham Sunshine Skyway Bridge,,,,,,,"Collision of USCGC Blackthorn with tanker Capricorn, MV Summit Venture collision",,"Original bridge opened in 1954, site of two major maritime disasters in 1980",,"Gateway to Tampa Bay, carries Interstate 275 and U.S. Route 19",1987,,,,,,,,"Figg & Muller Engineering Group, American Bridge Company","J.G. ""Jim"" Foley, Charles R. Carter, James E. Bussey",,,,,,,,,,,,,,,,Original bridge converted into a fishing pier after the 1980 incidents,,,,,,,,,,,,,,,,,,,,,,,,,,,,,,,,,,,,,,,,,,,,,,,,,,,,,,,,,,,,,,,,,,,,,,,,,,,,,,,,,,,,,,,,,,,,,,,,,,,,,,,,,,,,,,,,,,,,,,,,,,,,,,,,,,,,,,,,,,,,,,,,,,,,"$1.50 toll for two-axle vehicles, collected via cash or SunPass",,,,,,,,,,,,,,,,,,Sunshine Skyway Bridge
"Yosemite Valley, California, United States",Swinging Bridge,,,,,,,,,,,,,,,,,,,,,,,,,,,,,,,,,,,,,,,,,,,,,,,,,,,,,,,,,,,,,,,,,,,,,,,,,,,,,,,,,,,,,,,,,,,,,,,,,,,,,,,,,,,,,,,,,,,,,,,,,,,,,,,,,,,,,,,,,,,,,,,,,,,,,,,,,,,,,,,,,,,,,,,,,,,,,,,,,,,,,,,,,,"Swimming, excellent view of Yosemite Falls",Visitors not allowed to jump off the bridge,"Mostly shallow water, some areas 6 to 12 feet deep",Area northeast of the bridge for weddings of 20 people or less,Not allowed on the bridge,,,,,,,,,,,,,Swinging Bridge
"Tacoma Narrows strait, Puget Sound, Pierce County, Washington",Tacoma Narrows Bridge,Aeroelastic flutter during high winds,,,,,,,,,"Construction began in 2002, new bridge opened in 2007",,,,,,,,,,,,,,,"Opened in 1950, still stands as westbound lanes",,,,,,,,,,,,,,,,,,,,,,,,,,,,,,,,,,,,,,,,,,,,,,,,,,,,,,,,,,,,,,,,,,,,,,,,,,,,,,,,,,,,,,,,,,,,,,,,,,,,,,,,,,,,,,,,,,,,,,,,,,,,,,,,,,,,,,,,,,,,,,,,,,,,,,,,,,,,,,,,,,,,,,"Opened in July 1940, collapsed in November 1940",Galloping Gertie,,,,,,,,,,,Tacoma Narrows Bridge
"Tadcaster, North Yorkshire, England",Tadcaster Bridge,Partial collapse due to flooding following Storm Eva,29 December 2015,,,,,,,"Built around 1700, with an earlier bridge dating back to around 1200, widened in the 19th century, listed at Grade II in 1985",,,,,,,,,,Bridge reopened on 3 February 2017 after a 13-month repair costing £4.4 million,,,,,,,,,,,,,,,,,,,,,,,,,,,,,,,,,,,,,,,,,,,,,,,,,,,,,,,,,,,,,,,,,,,,,,,,,,,,,,,,,,,,,,,,,,,,,,,,,,,,,,,,,,,,,,,,,,,,,,,,,,,,,,,,,,,,,,,,,,,,,,,,,,,,,,,,,,,,,,,,,,,,,,,,,,,,,,"Evacuation of residents, closure led to traffic detours, temporary pedestrian footbridge provided",,,,,,,,,,Tadcaster Bridge
"Hobart, Tasmania, Australia",Tasman Bridge,Struck by the bulk ore carrier Lake Illawarra during transit,5 January 1975,"7 crew members of the ship, 5 motorists",May 1960 - 18 March 1965,"Collapse caused by the ship collision, resulting in fatalities",Reed & Mallik,,,,,,,,,,,,,,,,,,,,,,,,,,,,,,,,,,,,,,,,,,,,,,,,,,,,,,,,,,,,,,,,,,,,,,,,,,,,,,,,,,,,,,,,,,,,,,,,,,,,,,,,,,,,,,,,,,,,,,,,,,,,,,,,,,,,,,,,,,,,,,,,,,,,,,,,,,,,,,,,,,,,,,,,,,,,,,,,,,,,,,,,,,,,,,,,,,,,,Tasman Bridge
"Firth of Tay, Scotland",Tay Bridge,Insufficient engineering to cope with high winds,28 December 1879,Not specified in the provided text,"1870-1878 (for the first bridge), 1883-1887 (for the second bridge)",Collapse of the first bridge in high winds,Thomas Bouch,,,,,,,,,,,,,Strengthened and refurbished in 2003,,,,,,,,,,,,,2.75 miles,,,,,,,,,,,,,,,,,,,,,,,,,,,,,,,,,,,,,,,,,,,,,,,,,,,,,,,,,,,,,,,,,,,,,,,,,,,,,,,,,,,,,,,,,,,,,,,,,,,,,,,,,,,,,,,,,,,,,,,,,,,,,,,,,,,,,,,,,,,,,,,,,,,,,,,,,,,,,,,,,,,,,,,,,,,Tay Rail Bridge
"Girish Park neighborhood, Kolkata, India",Vivekananda Road flyover,Steel span collapse during construction,31 March 2016,"27 fatalities, 50 injuries","Contracted in 2008, began in 2009, scheduled for completion in 2010",,,"Concrete laid one day before collapse, cracking noise heard before collapse",,,,,,IVRCL (construction firm based in Hyderabad),IVRCL charged with murder under section 302 of the Indian Penal Code,,,,,,,,,,,,,,,,,,,,,,,,,,,,,,,,,,,,,,,,,,,,,,,,,,,,,,,,,,,,,,,,,,,,,,,,,,,,,,,,,,,,,,,,,,,,,,,,,,,,,,,,,,,,,,,,,,,,,,,,,,,,,,,,,,,,,,,,,,,,,,,,,,,,,,,,,,,,,,,,,,,,,,,,,,,,,,,,,,,,,,,,,,,,,Vivekananda Flyover Bridge
"Conococheague Creek, United States",Conococheague Creek Aqueduct,Wall collapse due to a boat collision,Not specified,None,,"Boat hitting the wall, captain jumping off before collapse",,,,,,,,,,,,,,,,,,,,,,,,,,,,,,,,,,,,,,,,,,,,,,,,,,,,,,,,,,,,,,,,,,,,,,,,,,,,,,,,,,,,,,,,,,,,,,,,,,,,,,,,,,,,,,,,,,,,,,,,,,,,,,,,,,,,,,,,,,,,,,,,,,,,,,,,,,,,,,,,,,,,,,,,,,,,,,,,,,,,,,,,,,,,,,,,,,,,,,Water bridge
"Melbourne, Victoria, Australia",West Gate Bridge,,,,,,,,"Vital link between Melbourne's inner city and western suburbs, one of the busiest road corridors in Australia",,,,,,,,,,10 lanes (5 in each direction),,,,,,,,"2,582.6 meters",,,,,,,,,,,,,336 meters,,,,,,,,,,,,,,,,,,,,,,,,,,,,,,,,,,,,,,,,,,,,,,,,,,,,,,,,,,,,,,,,,,,,,,,,,,,,,,,,,,,,,,,,,,,,,,,,,,,,,,,,,,,,,,,,,,,,,,,,,,,,,,,,,,,,,,,,,,,,,,,,,,,,,,,,,,,58 meters,"180,000–200,000 vehicles per day",,,,,,,,West Gate Bridge
"Manhattan, New York City, United States",West Side Elevated Highway,,,,1929-1951,,,Truck and car falling through at 14th Street in 1973,,,"Dismantled, underground interstate-quality highway plan (Westway) scuttled in 1985",,,,,,,,,,,,,,,,,,,"Obsolete design, lack of maintenance, decay, falling facade, accidents",,,,,,,,,,,,,,,,,,,,,,,,,,,,,,,,,,,,,,,,,,,,,,,,,,,,,,,,,,,,,,,,,,,,,,,,,,,,,,,,,,,,,,,,,,,,,,,,,,,,,,,,,,,,,,,,,,,,,,,,,,,,,,,,,,,,,,,,,,,,,,,,,,,,,,,,,,,,,,,,,,,,,,,,,,,,,,West Side Elevated Highway
"Wheeling, West Virginia, United States",Wheeling Suspension Bridge,,,,,,Charles Ellet Jr.,Litigation in the U.S. Supreme Court regarding obstruction of steamboat smokestacks,"Largest suspension bridge in the world from 1849 to 1851, National Historic Landmark designation in 1975",,,,,,,,"First bridge to span a major river west of the Appalachian mountains, strategically important during the American Civil War",,,,,,,,,,,,,,,,,,,,,,,"1,010 feet",,,,,,,,,,,,,,,,,,,,,,,,,,,,,,,,,,,,,,,,,,,,,,,,,,,,,,,,,,,,,,,,,,,,,,,,,,,,,,,,,,,,,,,,,,,,,,,,,,,,,,,,,,,,,,,,,,,,,,,,,,,,,,,,,,,,,,,,,,,,,,,,,,,,,,,,,,,,,"East tower: 153.5 feet above low-water level, West tower: 132.75 feet above low water","2-ton weight limits for vehicles, closure to automobile traffic in September 2019",Conducted by Dr. Emory Kemp,,,,,Wheeling Suspension Bridge
"Isle of Wight, United Kingdom",Wootton Bridge,,,,,,,,,"First recorded around 1086, evolved name, construction of the bridge",,,,,,,,,,,,,,,,,,,,,,,,,,,,,,,,,,,,,,,,,,,,,,,,,,,,,,,,,,,,,,,,,,,,,,,,,,,,,,,,,,,,,,,,,,,,,,,,,,,,,,,,,,,,,,,,,,,,,,,,,,,,,,,,,,,,,,,,,,,,,,,,,,,,,,,,,,,,,,,,,,,,,,,,,,,,,,,,,,,,,,,,,,,,,,"Possibly ""Woodtown"", clearing in a forest",1969 Isle of Wight Festival took place at Woodside Bay in Wootton,,,Wootton Bridge
"Great Yarmouth, Norfolk, United Kingdom",Yarmouth Suspension Bridge,"Collapse under load from a crowd watching a circus stunt, design and workmanship faults",2 May 1845,79 fatalities,,,,,,,,,,,,,,,,,,,,,,,,,,,,,,,,,,,,,,,,,,,,,,,,,,,,,,,,,,,,,,,,,,,,,,,,,,,,,,,,,,,,,,,,,,,,,,,,,,,,,,,,,,,,,,,,,,,,,,,,,,,,,,,,,,,,,,,,,,,,,,,,,,,,,,,,,,,,,,,,,,,,,,,,,,,,,,,,,,,,,,,,,,,,,,,,,,,,,,Joseph John Scoles,"Widened in 1832, site marked by a modern-day memorial, act of parliament passed in 1827 for construction",Yarmouth suspension bridge
"Yekaterinburg, Russia",Yekaterinburg Bridge,"Design mistake, violation of city-building codex","September 6, 2006",Not mentioned in the provided text,Not specified,Collapse of automobile bridge near the city center,,,,,,,,,Responsibility placed on Viktor Menshikov for violating city-building codex,,,,,,,"Shevket Shaidullin, Arkady Mikhailovich Chernetsky, Viktor Menshikov",,,,,,,,,,,,,,,,,,,,,,,,,,,,,,,,,,,,,,,,,,,,,,,,,,,,,,,,,,,,,,,,,,,,,,,,,,,,,,,,,,,,,,,,,,,,,,,,,,,,,,,,,,,,,,,,,,,,,,,,,,,,,,,,,,,,,,,,,,,,,,,,,,,,,,,,,,,,,,,,,,,,,,,,,,,,,,,,,,,,,,Yekaterinburg bridge collapse
