Date,Event,Magnitude,Death Toll,Time,Mercalli Intensity,Epicenter,Intensity,Impacted Regions,Impact on Infrastructure and Population,Casualties,Location,Date of Impact,Total Monetary Losses,Town of Impact,Hurricane Name,Typhoon,Death Toll Range,Villages Affected,Total Casualties,Fatalities,Injured,Affected Regions,Landfall Date,Maximum Intensity,Aftershocks Recorded,Cause,International Response,Cyclone Name,Ground Deformation,Financial Losses,Duration,Total Fatalities,Peak Intensity,Date of Formation,People Affected,Areas Affected,Most Affected Areas,Buildings Damaged,Notable Impact,Notable Buildings Destroyed,Notable Impacts,Population Affected,Dissipation Date,Maximum Slip,Economic Losses,Deaths,Impact on Infrastructure,Regions Affected,Most Affected Regions,Displaced People,Date of Landfall,Landfall Location,Villages Destroyed,Buildings Damaged/Destroyed,Effects,Notable Effects,Area Affected (sq km),Fatality Estimates,Key Events Leading to Disaster,Aftermath,Other Impacts,Impact on Towns,Notable Phenomena,Death Toll Estimate,Economic Toll,State Record High Temperatures Set,Start Month,Peak Month,Temperature Records set in Different States/Provinces,Significant Damage,Recorded Wind Speeds,Affecting Fault,Duration of Shaking,Tsunami Height,Affected Area,Geological Information,Magnitude (Mainshock),Magnitude (Aftershock),Tsunami Generated,Impact,Other notable impacts,Estimated Monetary Losses,Towns Affected,Communications Impact,Houses Flooded,Impact on Region,Time Period,Impacted Province,Highest Flood Levels,Estimated Death Toll,Fault,Dasht-e Bayaz Earthquake,Ferdows Earthquake,Houses Collapsed,Houses Severely Damaged,Landslides,Sandblows Observed,Region of Impact,Focal Mechanism,Main Impacts,Construction Material,Impact on Fishermen,Notable Impact on Infrastructure,Key Statistics,Distance to Tehran,Surface Rupture,Vertical Slip,Infrastructure Damage,Injuries,Injured Individuals,Distance to Major City,Missing,Monetary Damage,MSK Intensity,Notable Film References,Formation Date,Monetary Damages,Relief Efforts,Villages Demolished,Main Districts Affected,Hypocenter Depth,Possible Causes,Depth,Government Response,Cyclone,Rupture Length,Fault Line,Plate Tectonics Impact,Ground Conditions,Displaced Population,Land Area Affected,Mode of Onset,Lasting Impact,Distance to Epicenter,Timeframe,Highest Recorded Temperature,Significant Impacts on Infrastructure,Year,Contributing Factors,Seismic Activity,Geological Factors,Severely Injured,Slightly Injured,Affected Houses,Affected Families,Earthquake Type,Houses Affected,Significance of Infrastructural Damage,Noteworthy Rescue Efforts,Record High Temperature,Affected Population,Impact on Water Resources and Agriculture,Drought Association,Delay in Monsoon Rains,Climate Change Connection,Warning Plans Implemented,Impact on Buildings and Infrastructure,Tsunami Triggered,States Affected,Rescued by Indian Navy,Notable Details,Total Deaths,Total Injuries,Buildings Damaged or Destroyed,International Aid Response,Geological Context,Warning Prior to Event,Rainfall Amount,Maximum Mercalli Intensity,Impact on Armero,Overall Death Toll,Controversy Over Government Warnings,International Attention,Relief Challenges,Affected Region,Peak Sustained Winds,Estimated Monetary Damage,Key Events,Impact on Kobe,Hurricane,Most Affected Countries,Dates,Livestock Lost,Trigger of Eruption,Prevention Measures,Highest Rainfall Amount,Records Set,Iris,Joan,Kate,Max Sustained Winds,Maximum Sustained Winds,Peak Wind,Peak Pressure,Estimated Damage,Origin,Development,Landfalls,Peak Wind Speed,Impact on Philippines,Notable Event,Damage and Significance,Minimum Pressure Recorded,Peak Winds,Storm Surge,Seawalls Destroyed,Boats Destroyed,Crop Damage,Date of Dissipation,trigger
December 16,1920 Haiyuan earthquake,8.25 Mw,,19:05:53,Maximum Intensity,"Haiyuan County, Ningxia",,,,,,,,,,,"258,707-273,407",,,,,,,,,,,,,,,,,,"73,000",,,,,,,,,,,,,,,,,,"Sujiahe, Xiji County","Mosque in Zhangjiachuan, Lanzhou, Taiyuan, Xi'an, Xining, Yinchuan",,,,,,,,,,,,,,,,,,,,,,,,,,,,,,,,,,,,,,,,,,,,,,,,,,,,,,,,,,,,,,,,,,,,,,,,,,,,,,,,,,,,,,,,,,,,,,,,,,,,,,,,,,,,,,,,,,,,,,,,,,,,,,,,,,,,,,,,,,,,,,,,,,,,,,,,,,,,1920 Haiyuan earthquake
August 1922,1922 Swatow Typhoon,,,,,,"100 mph winds, 27.53 inHg pressure, 12 ft storm surge",,,"60,000-100,000","Swatow, China",,,,,,,,,,,,,,,,,,,,,,,,,,,,,,,,,,,,,,,,,,,,"5,000 deaths in Swatow, villages destroyed, ships wrecked, 50,000 casualties in surrounding area",,,,,,,,,,,,,,,,,,,,,,,,,,,,,,,,,,,,,,,,,,,,,,,,,,,,,,,,,,,,,,,,,,,,,,,,,,,,,,,,,,,,,,,,,,,,,,,,,,,,,,,,,,,,,,,,,,,,,,,,,,,,,,,,,,,,,,,,,,,,,,,,,,,,,,,,,,,1922 Swatow typhoon
"September 1, 1923",Great Kantō Earthquake,7.9,"142,800–200,000",11:58:44,,,,"Kantō Plain, Tokyo, Yokohama, Chiba, Kanagawa, Shizuoka",,,,,,,,,,,,,,,,,,,,,,,,,,,,,,,,,,,,,,,,,,,,,,,,"Extensive firestorms, fire whirl, widespread destruction",,,,,,,,,,,,,,,,,,,,,,,,,,,,,,,,,,,,,,,,,,,,,,,,,,,,,,,,,,,,,,,,,,,,,,,,,,,,,,,,,,,,,,,,,,,,,,,,,,,,,,,,,,,,,,,,,,,,,,,,,,,,,,,,,,,,,,,,,,,,,,,,,,,,,,,,,,1923 Great Kant艒 earthquake
16 March 1925,1925 Dali earthquake,7.0,"5,000",14:42,,"Province of Yunnan, China",,,"Severe damage in Dali city, 76,000 homes destroyed, significant casualties in surrounding areas",,,,,,,,,,,,,,,IX,,,,,,,,,,,,,,,,,,,,,,,,,,,,,,,,,"5,000",,,,,,,,,,,,,,,,,,,,,,,,,,,,,,,,,,,,,,,,,,,,,,,,,,,,,,,,,,,,,,,,,,,,,,,,,,,,,,,,,,,,,,,,,,,,,,,,,,,,,,,,,,,,,,,,,,,,,,,,,,,,,,,,,,,,,,,,,,,,,,,,,,,,,,,,,1925 Dali earthquake
,,,,,,,Category 4,"Cuba, Bermuda","Devastated large areas, major hurricane, peak winds of 150 mph",,,October 1926,,,1926 Havana,,,,,,,,,,,,,,,,,,,,,,,,,,,,,,,,,,,,,,,,,,,,,,,,,,,,,,,,,,,,,,,,,,,,,,,,,,,,,,,,,,,,,,,,,,,,,,,,,,,,,,,,,,,,,,,,,,,,,,,,,,,,,,,,,,,,,,,,,,,,,,,,,,,,,,,,,,,,,,,,,,,,,,,,,,,,,,,,,,,,,,,,,,,,,,,,,,,1926 Havana–Bermuda hurricane
22 May,1927 Gulang earthquake,7.6 Mw,"40,912",6:32 a.m.,,"Near Gulang, Gansu, Republic of China",,,"Extensive destruction of houses, schools, temples, city walls, and civilian buildings with a death toll of nearly 41,000 people",,,,,,,,,,,,,,,,,,,,,,,,,,,,,,,,,,,,,,,,,,,,,,,,,,,,,,,,,,,,,,,,,,,,,,,,,,,,,,,,,,,,,,,,,,,,,,,,,,,,,,,,,,,,,,,,,,,,,,,,,,,,,,,,,,,,,,,,,,,,,,,,,,,,,,,,,,,,,,,,,,,,,,,,,,,,,,,,,,,,,,,,,,,,,,,,,,,,,,,,,1927 Gulang earthquake
,,,,,,,Category 5,"Florida, Lake Okeechobee, Puerto Rico","Devastation in Florida, especially around Lake Okeechobee",,,September 1928,$50 million,,Okeechobee hurricane,,,,,,,,,,,,,,,,,,,,,,,,,,,,,,,,,,,,,,,,,,,,,,,,,,,,,,,,,,,,,,,,,,,,,,,,,,,,,,,,,,,,,,,,,,,,,,,,,,,,,,,,,,,,,,,,,,,,,,,,,,,,,,,,,,,,,,,,,,,,,,,,,,,,,,,,,,,,,,,,,,,,,,,,,,,,,,,,,,,,,,,,,,,,,,,,,,,1928 Okeechobee hurricane
1 May,1929 Kopet Dag earthquake,7.2,"Up to 3,800",15:37 UTC,IX,"Kopet Dag area, Iran",,,,,,,,,,,,88 villages damaged,,,,,,,Over four years,,,,,,,,,,,,,,,,,,,,,,,,,,,,,,,,,,,,,,,,,,,,,,,,,,,,,,,,,,,,,,,,,,,,,,,,,,,,,,,,,,,,,,,,,,,,,,,,,,,,,,,,,,,,,,,,,,,,,,,,,,,,,,,,,,,,,,,,,,,,,,,,,,,,,,,,,,,,,,,,,,,,,,,,,,,,,,,,,,,,,,,,,1929 Kopet Dag earthquake
,,,,,,,Category 4,Dominican Republic,Devastation and widespread casualties in the Dominican Republic,,,August - September 1930,,,Hurricane San Zenón,,,,"Approximately 8,000",,,,,,,,,,,,,,,,,,,,,,,,,,,,,,,,,,,,,,,,,,,,,,,,,,,,,,,,,,,,,,,,,,,,,,,,,,,,,,,,,,,,,,,,,,,,,,,,,,,,,,,,,,,,,,,,,,,,,,,,,,,,,,,,,,,,,,,,,,,,,,,,,,,,,,,,,,,,,,,,,,,,,,,,,,,,,,,,,,,,,,,,,,,,,,,1930 San Zen贸n hurricane
June - August,1931 China Floods,,,,,,,"Wuhan, Nanjing, etc.",,,,,,,,,,,,,,,,,,,,,,,,,,,,,,,,,,,,,,,,,,,,,,,,,,"140,000 - 4 million","Drought in 1928-1930, harsh winter of 1930, melting snow and ice, heavy spring rain, extreme cyclonic activity","Cholera epidemic in 1932, massive displacement and property destruction",,,,,,,,,,,,,,,,,,,,,,,,,,,,,,,,,,,,,,,,,,,,,,,,,,,,,,,,,,,,,,,,,,,,,,,,,,,,,,,,,,,,,,,,,,,,,,,,,,,,,,,,,,,,,,,,,,,,,,,,,,,,,,,,,,,,,,,,,,,,,,,,,,,,,,1931 China floods
,,,,,,,Category 5,"Cuba, Cayman Islands, Bahamas","Considered worst natural disaster of the 20th century, widespread devastation in central and eastern Cuba.",,,November 1932,Unknown,,1932 Cuba hurricane,,,,,,,,,,,,,,,,,,,,,,,,,,,,,,,,,,,,,,,,,,,,,,,,,,,,,,,,,,,,,,,,,,,,,,,,,,,,,,,,,,,,,,,,,,,,,,,,,,,,,,,,,,,,,,,,,,,,,,,,,,,,,,,,,,,,,,,,,,,,,,,,,,,,,,,,,,,,,,,,,,,,,,,,,,,,,,,,,,,,,,,,,,,,,,,,,,,1932 Cuba hurricane
August 25,1933 Diexi earthquake,7.3,"Up to 9,300",,X,,,,,,,,,Diexi,,,,Surrounding,,,,,,,,,,,,,,,,,,,,,,,,,,,,,,,,,,,,,,,,,,,"Landslides, sinking of town into Diexi Lake",,,,,,,,,,,,,,,,,,,,,,,,,,,,,,,,,,,,,,,,,,,,,,,,,,,,,,,,,,,,,,,,,,,,,,,,,,,,,,,,,,,,,,,,,,,,,,,,,,,,,,,,,,,,,,,,,,,,,,,,,,,,,,,,,,,,,,,,,,,,,,,,,,,,,1933 Diexi earthquake
"January 15, 1934",1934 Nepal–India earthquake,8.0,,2:13 pm IST,,"Eastern Nepal, near Mount Everest",,,,,,,,,,,,,,,,,,,,,,,,,,,,,,"Northern Bihar, Nepal",,,,,,,,,,,,,,,,,,,,,,,,,,Munger and Muzaffarpur completely destroyed,"Extensive liquefaction, sand and water vents",,,,,,,,,,,,,,,,,,,,,,,,,,,,,,,,,,,,,,,,,,,,,,,,,,,,,,,,,,,,,,,,,,,,,,,,,,,,,,,,,,,,,,,,,,,,,,,,,,,,,,,,,,,,,,,,,,,,,,,,,,,,,,,,,,,,,,,,,,,,,,,,,,,1934 Nepal–India earthquake
31 May,1935 Quetta earthquake,7.7 Mw,,2:33 am - 3:40 am,,"4 km south-west of Ali Jaan, Balochistan, British India",,,,,,,,,,,,,,,,,,IX+,5.8 Mw on 2 June 1935,,,,,,,,,,,,"Quetta, Balochistan, British India and neighboring towns",,,,,,,,,,,,,,,,,,,,,,,,,,,"30,000 - 60,000",,,,,,,,,,,,,,,,,,,,,,,,,,,,,,,,,,,,,,,,,,,,,,,,,,,,,,,,,,,,,,,,,,,,,,,,,,,,,,,,,,,,,,,,,,,,,,,,,,,,,,,,,,,,,,,,,,,,,,,,,,,,,,,,,,,,,,,,,,,,,,,,,,1935 Quetta earthquake
June - July 1936,1936 North American heat wave,,"5,000+",,,,,,,,,,,,,,,,,,,,,,,,,,,,,,,,,,,,,,,,,,,,,,,,,,,,,,,,,,,,,,Enormous,13 state record high temperatures,June 1936,July 1936,"North Dakota: 121°F, Ohio: 110°F, Texas, Oklahoma, Kansas, Arkansas, Minnesota, Michigan, North Dakota, South Dakota, Pennsylvania, Louisiana, Nebraska, Wisconsin, West Virginia, New Jersey, Ontario, Manitoba above 110°F.",,,,,,,,,,,,,,,,,,,,,,,,,,,,,,,,,,,,,,,,,,,,,,,,,,,,,,,,,,,,,,,,,,,,,,,,,,,,,,,,,,,,,,,,,,,,,,,,,,,,,,,,,,,,,,,,,,,,,,,,,,,,,,,,,,,,,,,,,,,,,1936 North American heat wave
2 September 1937,,,,,,,,,,"11,000",,,,,,1937 Great HK Typhoon,,,,,,,,,,,,,,,,,,,,,,,,,,,,,,,,,,,,,,,,,,,,,,,,,,,,,,"9.1m tidal wave, villages of Taipo and Shatin damaged","Mean: 59 knots, 10-minute mean: 74 knots, Maximum gust: 130 knots",,,,,,,,,,,,,,,,,,,,,,,,,,,,,,,,,,,,,,,,,,,,,,,,,,,,,,,,,,,,,,,,,,,,,,,,,,,,,,,,,,,,,,,,,,,,,,,,,,,,,,,,,,,,,,,,,,,,,,,,,,,,,,,,,,,,,,,,,,,1937 Great Hong Kong typhoon
July 1938,1938 Hanshin flood,,,,,,,,,,"Mount Rokkō area, Hyōgo Prefecture",,,,,,,,,715,,,,,,"Heavy rains, landslides, floods",,,,,,,,,,,,,,,,,,,,,,,,,,,,,,,,,,,,,,,,,,,,,,,,,,,,,,,,,,,,,,,,,,,,,,,,,,,,,,,,,,,,,,,,,,,,,,,,,,,,,,,,,,,,,,,,,,,,,,,,,,,,,,,,,,,,,,,,,,,,,,,,,,,,,,,,,,,,,,,,,,,,,,,,,,,,,,,,,,,,,,,,1938 Hanshin flood
27 December,1939 Erzincan Earthquake,7.8 Mw,"32,968",1:57:23 AM,XII,"Erzincan, Turkey",,,,,,,,,,,,,,,"100,000",,,,,,,,,,,,,,,,,"116,720","Historic death toll, significant infrastructure damage",,,,,,,,,,,,,,,,,,,,,,,,,,,,,,,,,North Anatolian Fault,52 seconds,1-3 meters,,,,,,,,,,,,,,,,,,,,,,,,,,,,,,,,,,,,,,,,,,,,,,,,,,,,,,,,,,,,,,,,,,,,,,,,,,,,,,,,,,,,,,,,,,,,,,,,,,,,,,,,,,,,,,,,,,,,,,,,,,,,,,,,,,,,,,,,1939 Erzincan earthquake
10 November 1940,1940 Vrancea earthquake,7.7,,03:39,,Vrancea zone,,,,,,,,,,,,,,,,,,IV-VI (estimate),,,,,,,,,,,,,,,,,,,,,,,,,,,,,,,,,,,,,,,,,,,,,,,,,,,"80,000 km2","Strongest earthquake in Romania in the 20th century, epicenter depth of 133 km, seismic activity due to active fault mechanisms",,,,,,,,,,,,,,,,,,,,,,,,,,,,,,,,,,,,,,,,,,,,,,,,,,,,,,,,,,,,,,,,,,,,,,,,,,,,,,,,,,,,,,,,,,,,,,,,,,,,,,,,,,,,,,,,,,,,,,,,,,,,,,,,,,,,,,1940 Vrancea earthquake
27 November,1943 Tosya–Ladik earthquake,7.5,"2,824-5,000",00:20,IX–X,,,,,,"Tosya, Kastamonu Province, Turkey",,,,,,,,,,,,,,,,,,,,,,,,,,,,,,,,,,,,,,,,,,,,,,,,,,,,,,,,,,,,,,,,,,,,,,,,,,,,,,,,,,,,,,,,,,,,,,,,,,,,,,,,,,,,,,,,,,,,,,,,,,,,,,,,,,,,,,,,,,,,,,,,,,,,,,,,,,,,,,,,,,,,,,,,,,,,,,,,,,,,,,,,,,,,,,,,,,,,,,,1943 Tosya–Ladik earthquake
15 January 1944,1944 San Juan earthquake,Moderate to Strong,"10,000 fatalities, 10% of population",8:52 pm,,"30 km north of San Juan, Argentina",,,"Large destruction in San Juan, 90% of buildings destroyed, one-third population homeless",,,,,,,,,,,,,,,,,,,,,,,,,,,,,,,"Significant damage to construction, led to adoption of a new building code",,,,,,,,,,,,,,,,,,,,,,,,,,,,,,,,,,,,,,,,,,,,,,,,,,,,,,,,,,,,,,,,,,,,,,,,,,,,,,,,,,,,,,,,,,,,,,,,,,,,,,,,,,,,,,,,,,,,,,,,,,,,,,,,,,,,,,,,,,,,,,,,,,,,,,,,,,,,,,,,,,,,,,,,,,1944 San Juan earthquake
28 November 1945,1945 Balochistan earthquake,8.1,,01:26 PKT,X,"97.6 km south-southwest of Pasni, Balochistan",,,,,,,,,,,"300 to 4,000",,,,,,,,,,,,,,,,,,,,,,,,Tsunami along Makran coast,,,,,,,,,,,,,,,,,,,,,,,,,,,,,,,,,,,,,,,,,,,,,,,,,,,,,,,,,,,,,,,,,,,,,,,,,,,,,,,,,,,,,,,,,,,,,,,,,,,,,,,,,,,,,,,,,,,,,,,,,,,,,,,,,,,,,,,,,,,,,,,,,,,,,,,,,,,,,,,,,,,,,,,,,1945 Balochistan earthquake
August 4,1946 Dominican Republic earthquake,,,17:51 UTC,,,,,,,"Samaná, Dominican Republic",,,,,,,,,,,,,,,,,,,,,,,,,,,,,,,,,,,,,,,,,,,,,,,,,,,,,,,,,,,,,,,,,,8.1,7.6,Yes,"Widespread devastation, Caribbean-wide tsunami",,,,,,,,,,,,,,,,,,,,,,,,,,,,,,,,,,,,,,,,,,,,,,,,,,,,,,,,,,,,,,,,,,,,,,,,,,,,,,,,,,,,,,,,,,,,,,,,,,,,,,,,,,,,,,,,,,,,,,,,,,,,,,,,,,1946 Dominican Republic earthquake
"October 6, 1948",1948 Ashgabat earthquake,7.3,,,X,,,,,"10,000-110,000",,,,Ashgabat,,,,,,,,,,,,,,,,,,,,,,,,,,,,,,,,,,,,,,,,,,,,,,,,,,,,,,,,,,,,,,,,,,,"Extensive damage to infrastructure, significant number of casualties",,,,,,,,,,,,,,,,,,,,,,,,,,,,,,,,,,,,,,,,,,,,,,,,,,,,,,,,,,,,,,,,,,,,,,,,,,,,,,,,,,,,,,,,,,,,,,,,,,,,,,,,,,,,,,,,,,,,,,,,,,,,,,,,,1948 Ashgabat earthquake
"Oct 14-16, 1949",,,,,,,,,,,,,,,,,"1,000 to 40,000",,,,,,,,,,"Foreign aid pledged, assistance from neighboring countries",,,,,,,,,,,,,,,,,,,,,,,,,,,,,,,,,,,,,,,,,,,,,,,,,,,,,,,"$15,000,000 to $40,000,000",Guatemala,"Landslides, road blockages",,,,,,,,,,,,,,,,,,,,,,,,,,,,,,,,,,,,,,,,,,,,,,,,,,,,,,,,,,,,,,,,,,,,,,,,,,,,,,,,,,,,,,,,,,,,,,,,,,,,,,,,,,,,,,,,,,,,,,,,,,,,,,1949 Eastern Guatemalan floods
June 1953,1953 North Kyushu flood,,,,,,,,,"1,001 dead or missing","Northern Kyushu, Japan",,,,,,,,,,,,,,,"Cloudbursts, prolonged rain",,,,,,,,,,,,,,,,About 1 million,,,,,,,,,,,,,,,,,,,,,,,,,,,,,,,,,,,,,,,,,,,"450,000","Major disaster with devastating impact, flood control measures revised",,,,,,,,,,,,,,,,,,,,,,,,,,,,,,,,,,,,,,,,,,,,,,,,,,,,,,,,,,,,,,,,,,,,,,,,,,,,,,,,,,,,,,,,,,,,,,,,,,,,,,,,,,,,,,,,,,,,,,,,,,,,1953 Northern Kyushu flood
June-September 1954,,,,,,,,,,,,,,,,,,,,,,,,,,,,,,,,,,,,,,,,,,,,,,,,,,,,,,,,,,,,,,,,,,,,,,,,,,,,,,,,,,,,,,,Hubei,"Jingzhou, Hubei, Wuhan","44.67 m (Jingzhou), 29.73 m (Wuhan)","~33,000 fatalities",,,,,,,,,,,,,,,,,,,,,,,,,,,,,,,,,,,,,,,,,,,,,,,,,,,,,,,,,,,,,,,,,,,,,,,,,,,,,,,,,,,,,,,,,,,,,,,,,,,,,,,,,,,,,,,,,,,,,,,,1954 Yangtze floods
September 1,1962 Buin Zahra earthquake,7.1 Richter,"12,225 fatalities",,,,,,,,"Buin Zahra, Qazvin Province, Iran",,,,,,,,,,,,,,,,,,,,,,,,,,,,,,,,,,,,,,,,,,,,,,,,,,,,,,,,,,,,,,,,,,,,,,,,,,,,,,,,Ipak Fault,,,,,,,,,,,,,,,,,,,,,,,,,,,,,,,,,,,,,,,,,,,,,,,,,,,,,,,,,,,,,,,,,,,,,,,,,,,,,,,,,,,,,,,,,,,,,,,,,,,,,,,,,,,,,,,,,,,,,,,1962 Buin Zahra earthquake
19 August,1966 Varto earthquake,6.8,"2,394",,,,,,,,,,,Varto,,,,,,,,,,,,,,,,,,,,,,,,,,,,,,,,,,,,,,,,,,,,,,,,,,,,,,,,,,,,,,,,,,,,,,,,,,,,,,,,,,,,,,,,,,,,,,,,,,,,,,,,,,,,,,,,,,,,,,,,,,,,,,,,,,,,,,,,,,,,,,,,,,,,,,,,,,,,,,,,,,,,,,,,,,,,,,,,,,,,,,,,,,,,,,,,,,,,1966 Varto earthquake
,,,,,,,,,,,,,,,,,,,,,,,,,,,,,,,,,,,,,,,,,,,,,,,,,,,,,,,,,,,,,,,,,,,,,,,,,,,,,,,,,,,,,,,,,,,,N/A,N/A,,,,,,,,,,,,,,,,,,,,,,,,,,,,,,,,,,,,,,,,,,,,,,,,,,,,,,,,,,,,,,,,,,,,,,,,,,,,,,,,,,,,,,,,,,,,,,,,,,,,,,,,,,,,,,,,,,,,,1968 Dasht-e Bayaz and Ferdows earthquakes
"July 26, 1969",1969 Yangjiang earthquake,6.4,"3,000 (unconfirmed)",6:49am,VIII,,,,,,,,,,,,,,,,,,,,,,,,,,,,,,,,,,,,,,,,,,,,,,,,,,,,,,,,,,,,,,,,,,,,,,,,,,,,,,,,,,,,,,,,,"10,700","36,000",Yes,Yes,"Yangjiang, Guangdong Province",Strike-slip,,,,,,,,,,,,,,,,,,,,,,,,,,,,,,,,,,,,,,,,,,,,,,,,,,,,,,,,,,,,,,,,,,,,,,,,,,,,,,,,,,,,,,,,,,,,,,,,,,,,,,,,,,,,,,,1969 Yangjiang earthquake
,,,,,,,185 km/h,"East Pakistan, India's West Bengal",,,,"November 11, 1970",,,,,,,"300,000-500,000",,,,,,,,,1970 Bhola cyclone,,,,,,,,,,,,,,,,,,,,,,,,,,,,,,,,,,,,,,,,,,,,,,,,,,,,,,,,,,,,,,,,,,,,,,,,"Deadliest tropical cyclone, storm surge, widespread flooding, political consequences leading to Bangladesh Liberation War",,,,,,,,,,,,,,,,,,,,,,,,,,,,,,,,,,,,,,,,,,,,,,,,,,,,,,,,,,,,,,,,,,,,,,,,,,,,,,,,,,,,,,,,,,,,,,,,,,,,,,,,,,,,,,1970 Bhola cyclone
"April 10, 1972",1972 Qir earthquake,6.7,"5,374",05:36,IX,,,,,,,,,Qir,,,,Towns and villages in the area,,,,,,,,,,,,,,,,,,,,,,,,,,,,,,,,,,,,,,,,,,,,,,,,,,,,,,,,,,,,,,,,,,,,,,,,,,,,,,,,,,,"Adobe brick, date palm beams",,,,,,,,,,,,,,,,,,,,,,,,,,,,,,,,,,,,,,,,,,,,,,,,,,,,,,,,,,,,,,,,,,,,,,,,,,,,,,,,,,,,,,,,,,,,,,,,,,,,,,,,,,,,,1972 Qir earthquake
April 26-30,1973 Flores cyclone,,"1,653",,,,,,,,"Banda Sea, Indonesia",,,,,,,,,,,,,Category 3,,,,,,,,,,,,,,,,,,,April 30,,,,,,,,,,,,,,,,,,,,,,,,,,,,,,,,,,,,,,,,,,,,,,,,,,,,,,,,,,,"1,500 fishermen killed",,,,,,,,,,,,,,,,,,,,,,,,,,,,,,,,,,,,,,,,,,,,,,,,,,,,,,,,,,,,,,,,,,,,,,,,,,,,,,,,,,,,,,,,,,,,,,,,,,,,,,,,,,,,1973 Flores cyclone
"July 28,1976",1976 Tangshan earthquake,7.6 Mw,"242,769",,XI,,,,,,"Tangshan, Hebei, China",,,Tangshan,,,,,,,,,,,,,,,,,,,,,,,,,,,,,,,,,,,,,,,,,,,,,,,,,,,,,,,,,,,,,,,,,,,,,,,,,,,,,,,,,,,,,,,,,"85% building collapse, bridges collapsed",,,,,,,,,,,,,,,,,,,,,,,,,,,,,,,,,,,,,,,,,,,,,,,,,,,,,,,,,,,,,,,,,,,,,,,,,,,,,,,,,,,,,,,,,,,,,,,,,,,,,,,,,,,1976 Tangshan earthquake
November 1977,1977 Andhra Pradesh Cyclone,,,,,,Category 1,,,"10,000",,,,,,,,,,,,Andhra Pradesh,,,,,,,,,,,,,,,,,,,,,,,,,,,,,,,,,,,,,,,,,,,,,,,,,,,,,,,,,,,,,,,,,,,,,,,,,,,,,,,,,,"Originated as tropical disturbance, intensified rapidly, caused significant devastation",,,,,,,,,,,,,,,,,,,,,,,,,,,,,,,,,,,,,,,,,,,,,,,,,,,,,,,,,,,,,,,,,,,,,,,,,,,,,,,,,,,,,,,,,,,,,,,,,,,,,,,,,,1977 Andhra Pradesh cyclone
September 16,1978 Tabas earthquake,7.4,"15,000–25,000",19:05:55,IX+,,,,,,,,,Tabas,,,,85,,,,,,,,,,,55–85 km,,,,,,,,,,,,,,,1.7 meters,,,,,,,,,,,,,,,,,,,,,,,,,,,,,,,,,,,,,,,,,,,,,,,,,,,,,,,,,,,,,610 km,,,,,,,,,,,,,,,,,,,,,,,,,,,,,,,,,,,,,,,,,,,,,,,,,,,,,,,,,,,,,,,,,,,,,,,,,,,,,,,,,,,,,,,,,,,,,,,,,,,,,,,,,1978 Tabas earthquake
October 10,1980 El Asnam earthquake,7.1,,13:25:23,X,"El Asnam, Algeria",,,,"2,633",,,,,,,,,,,,,,,Magnitude 6.2,,,,,,,,,,,,,,,,,"900,000",,,$5.2 billion,,,,,,,,,,,,,,,,,,,,,,,,,,,,,,,,,,,,,,,,,,,,,,,,,,,,,,,,,,,,,42 km,4.2 m,"Hospital, mosque, school","8,369",,,,,,,,,,,,,,,,,,,,,,,,,,,,,,,,,,,,,,,,,,,,,,,,,,,,,,,,,,,,,,,,,,,,,,,,,,,,,,,,,,,,,,,,,,,,,,,,,,,,,1980 El Asnam earthquake
June 11,1981 Golbaf earthquake,6.6,,10:54:25,VIII+,,,,,,,,,,,,"1,400–3,000",,,,,,,,,,,,,$5 million,,,,,,,,,,,,,,,,,,,,,,,,,,,,,,,,,,,,,,,,,,,,,,,,,,,,,,,,,,,,,,,,,,,,,,,,,,,,,,,,Many,,,,,,,,,,,,,,,,,,,,,,,,,,,,,,,,,,,,,,,,,,,,,,,,,,,,,,,,,,,,,,,,,,,,,,,,,,,,,,,,,,,,,,,,,,,,,,,,,,,,1981 Golbaf earthquake
December 13,1982 North Yemen earthquake,6.2,"2,800 killed",,VIII,,,,,,"Near Dhamar, North Yemen",,,,,,,,,,,,,,,,,,,,,,,,,,,,,,,,,,,,,,,,,,,,,,,,,,,,,,,,,,,,,,,,,,,,,,,,,,,,,,,,,,,,,,,,,,,,,,,,,,,,,,,,,,,,,,,,,,,,,,,,,,,,,,,,,,,,,,,,,,,,,,,,,,,,,,,,,,,,,,,,,,,,,,,,,,,,,,,,,,,,,,,,,,,,,,,,,,,,,,,1982 North Yemen earthquake
30 October 1983,1983 Erzurum earthquake,6.6,1340,07:12,IX,,,,,,,,,"Erzurum, Kars",,,,50,,,,,,,,,,,,,,,,,,,,,,,,,,,,,,,,,,,,,,,,,,,,,,,,,,,,,,,,,,,,,,,,,,,,,,,,,,,,,,,,,,,,,,,,,,,,,,,,,,,,,,,,,,,,,,,,,,,,,,,,,,,,,,,,,,,,,,,,,,,,,,,,,,,,,,,,,,,,,,,,,,,,,,,,,,,,,,,,,,,,,,,,,,,,,,,,1983 Erzurum earthquake
March 6,1987 Ecuador Earthquakes,"6.7, 7.1, 6.0",,,IX,"Napo Province, Ecuador",,,,"1,000",,,,,,,,,,,,,,,,,,,,,6 hours,,,,,,,,,,"75 km ENE of Quito, 25 km north of Reventador Volcano",,,,,,,,,,,,,,,,,,,,,,,,,,,,,,,,,,,,,,,,,,,,,,,,,,,,,,,,,,,,,,,,,,,,,,,"4,000",$1 billion,,,,,,,,,,,,,,,,,,,,,,,,,,,,,,,,,,,,,,,,,,,,,,,,,,,,,,,,,,,,,,,,,,,,,,,,,,,,,,,,,,,,,,,,,,,,,,,,,1987 Ecuador earthquakes
December 7,1988 Armenian earthquake,6.8,,11:41,,,,,,,,,,,,,,,,,"Up to 130,000","Northern Armenia (Spitak, Leninakan, Kirovakan)",,,,,Humanitarian aid from 113 countries,,,,,,,,,,,,,,,,,,,"25,000-50,000","Devastation of buildings, high casualties, request for US humanitarian aid",,,,,,,,,,,,,,,,,,,,,,,,,,,,,,,,,,,,,,,,,,,,,,,,,,,,,,,,,,,,,,,,,,,X,,,,,,,,,,,,,,,,,,,,,,,,,,,,,,,,,,,,,,,,,,,,,,,,,,,,,,,,,,,,,,,,,,,,,,,,,,,,,,,,,,,,,,,,,,,,,,,,1988 Armenian earthquake
"June 21, 1990",1990 Manjil-Rudbar earthquake,7.4,"35,000-50,000",00:30:14,X,,,,,,,,$8 billion,"Rudbar, Manjil",,,,,,,,,,,,,,,,,,,,,,,,,,,,,,,,,,,,,,,,,,,,,,,,,,,,,,,,,,,,,,,,,,,,,,,,,,,,,,,,,,,,,,,,,,,,,,,,,,,,,Abbas Kiarostami films,,,,,,,,,,,,,,,,,,,,,,,,,,,,,,,,,,,,,,,,,,,,,,,,,,,,,,,,,,,,,,,,,,,,,,,,,,,,,,,,,,,,,,,,,,,,,,,1990 Manjil–Rudbar earthquake
,1991 Bangladesh cyclone,,"138,866",,,,Super Cyclonic Storm,,,,,,,,,,,,,,,"Bangladesh, India, China","April 29, 1991",,,,,,,,,,,,,,,,,,,,Early May 1991,,,,,,,,,,,,,,,,,,,,,,,,,,,,,,,,,,,,,,,,,,,,,,,,,,,,,,,,,,,,,,,,,,,,,,,,,"April 22, 1991",$1.7 billion,Operation Sea Angel,,,,,,,,,,,,,,,,,,,,,,,,,,,,,,,,,,,,,,,,,,,,,,,,,,,,,,,,,,,,,,,,,,,,,,,,,,,,,,,,,,,,,,,,,,,,1991 Bangladesh cyclone
30 September 1993,1993 Latur earthquake,6.2,,3:56 am,,,,,,"10,000",,,,,,,,,,,"30,000",,,,,,"Immediate relief teams, medical aid, relief materials",,,,,,,,,,,,,,,,,,,,,,,,,,,,,,,,,,,,,,,,,,,,,,,,,,,,,,,,,,,,,,,,,,,,,,,,,,,,,,,,,,,,,,,,,,,,52,"Latur, Osmanabad",10 km,"Intraplate shifting, reservoir construction",,,,,,,,,,,,,,,,,,,,,,,,,,,,,,,,,,,,,,,,,,,,,,,,,,,,,,,,,,,,,,,,,,,,,,,,,,,,,,,,,,,,,,,,1993 Latur earthquake
June 6,1994 Páez River earthquake,6.8,"1,100",,,,,,,,,,,Páez,,,,,,,,,,,,,,,,,,,,,,,,,,,,,,,,,,"Cauca, Huila departments",,,,,,,,,,,,,,,,,,,,,,,,,,,,,,,,,,,,,,,,,,,,,,,,,,,,,,,,,,,,,,,,,,,,,,,,,,,12 km,Nasa Kiwe Corporation created for relief and reconstruction,,,,,,,,,,,,,,,,,,,,,,,,,,,,,,,,,,,,,,,,,,,,,,,,,,,,,,,,,,,,,,,,,,,,,,,,,,,,,,,,,,,,,,1994 P谩ez River earthquake
4-7 November,,,,,,,Category 2,Andhra Pradesh,,,,,₹21.5 billion,,,,,,,,,,,,,,,,,,,,,,,,,,,,,,,,,,,,,,,,,,,,,,,,,,,,,,,,,,,,,,,,,,,,,,,,,,,,,,,,,,,,,,,,,,,,,,,,,,,,,,,,,,,,,,,,1996 Andhra Pradesh,,,,,,,,,,,,,,,,,,,,,,,,,,,,,,,,,,,,,,,,,,,,,,,,,,,,,,,,,,,,,,,,,,,,,,,,,,,,,,,,,,,,,1996 Andhra Pradesh cyclone
August 17,1999 İzmit Earthquake,7.6,-,,X,,,,,,,,,,,,,,,,,,,,,,,,,,,,,,,"İzmit, Turkey",,,,,,,,,,,,,,,,,,,,,,,,,,,,,,,,,,,,,,,,,,,,,,,,,,,,,,,,,,,,,,,,,,,,,,,,,,,,,,,,,,,,,,,,,,150 km,North Anatolian Fault,Anatolian Plate being pushed by Eurasian and Arabian Plates,"Weak, poorly consolidated rock",,,,,,,,,,,,,,,,,,,,,,,,,,,,,,,,,,,,,,,,,,,,,,,,,,,,,,,,,,,,,,,,,,,,,,,,,,,,,,,,,1999 陌zmit earthquake
Feb-March 2000,2000 Mozambique Flood,,,,,,,,,,,,,,,,,,,,,,,,,,,,,,,800,,,,,,,,,,,,,$15 million,,,,,,,,,,,,,,,,,,,,,,,,,,,,,,,,,,,,,,,,,,,,,,,,,,,,,,,,,,,,,,,,,,,,,,,,,,,,,,,,,,,,,"44,000","1,400 km2",Heavy rainfall/Cyclone Eline,Continuing recovery shelters and limited water supplies,,,,,,,,,,,,,,,,,,,,,,,,,,,,,,,,,,,,,,,,,,,,,,,,,,,,,,,,,,,,,,,,,,,,,,,,,,,,,2000 Mozambique flood
26 Jan 2001,2001 Gujarat earthquake,7.7,"13,805–20,023",08:46,X,,,,"Devastation of Bhuj, Bhachau, Anjar, destruction of over a million structures and historic buildings",,,,,Bhuj,,,,Hundreds,,,,,,,,,,,Significant,,,,,,,,,,,,,,,,,,,,,,,,,,,,,,,,,,,,,,,,,,,,,,,,,,,,,,,,,,,,,,,,,,,,,,,,,,,,,,,,,,,,,,,,,,,,,,,,,,,,,,,,,9 km,,,,,,,,,,,,,,,,,,,,,,,,,,,,,,,,,,,,,,,,,,,,,,,,,,,,,,,,,,,,,,,,,,,,,,,,,,,,2001 Gujarat earthquake
,2002 Heatwave,,,,,,,,,,,,,,,,,,"1,030",,,,,,,,,,,,,,,,,,,,,,,,,,,,,,"Andhra Pradesh, South India",,,,,,,,,,,,,,,,,,,,,,,,,,,,,,,,,,,,,,,,,,,,,,,,,,,,,,,,,,,,,,,,,,,,,,,,,,,,,,,,,,,,,,April to May 2002,49 degrees Celsius,"Ponds and rivers evaporated, severe animal deaths",,,,,,,,,,,,,,,,,,,,,,,,,,,,,,,,,,,,,,,,,,,,,,,,,,,,,,,,,,,,,,,,,,,,,,,,,2002 Indian heat wave
,2003 European Heat Wave,,"Over 70,000",,,,,,,,,,,,,,,,,,,,,,,,,,,,July-August 2003,,,,,,,,,,,,,,,,,"Europe, particularly France",,,,,,,,,,,,,,,,,,,,,,,,,,,,,,,,,,,,,,,,,,,,,,,,,,,,,,,,,,,,,,,,,,,,,,,,,,,,,,,,,,,,,,,,,,2003,"Lack of air conditioning, unclaimed bodies, unusually high temperatures",,,,,,,,,,,,,,,,,,,,,,,,,,,,,,,,,,,,,,,,,,,,,,,,,,,,,,,,,,,,,,,,,,,,,,,2003 European heat wave
8 October 2005,2005 Kashmir earthquake,7.6,"86,000",08:50:39,XI,,,,,,,,,,,,,,,,"86,000",,,,,,,,,,,,,,,,"Muzaffarabad, Balakot, Jammu and Kashmir",,,,,,,,,,,,,Millions,,,,,,,,,,,,,,,,,,,,,,,,,,,,,,,,,,,,,,,,,,,,,,,,,,,,,,,,,,,,,,,,,,,,,,,,,,,,,,,,,,,,,,,,,,Collision of Eurasian and Indian plates,,,,,,,,,,,,,,,,,,,,,,,,,,,,,,,,,,,,,,,,,,,,,,,,,,,,,,,,,,,,,,,,,,,,,,2005 Kashmir earthquake
"May 27, 2006",2006 Yogyakarta earthquake,6.4,"5,700+",05:54,VIII,,,,,,,,,,,,,,,,,,,,,,,,,Rp 29.1 trillion,,,,,,,,,,,,,,,,,Housing and businesses,,,,,,,,,,,,,,,,,,,,,,,,,,,,,,,,,,,,,,,,,,,,,,,,,,,,,,,,,,,,,,,,,,,,,,,,,,,,,,,,,,,,,,,,,,,,,,"Proximity to Mount Merapi, soil liquefaction risks",,,,,,,,,,,,,,,,,,,,,,,,,,,,,,,,,,,,,,,,,,,,,,,,,,,,,,,,,,,,,,,,,,,,,2006 Yogyakarta earthquake
30 September 2009,,7.6 Mw,"1,115 dead",17:16:10,,"45km west-northwest of Padang, West Sumatra",,,,,,,,,,,,,,,,,,,,,,,,,,,,,,,,,,,,,,,,,,,,,,,,,,,,,,,,,,,,,,,,,,,,,,,,,,,,,,,,,,,,,,,,,,,,,,,,,,,,,,,,,,,,,,,,,,,,,,,,,,,,,,,,,,,,,,,,"1,214","1,688","Severe: 135,000  Moderate: 65,000 Slightly: 79,000","250,000",Megathrust (deemed to result from deformation in the mantle),,,,,,,,,,,,,,,,,,,,,,,,,,,,,,,,,,,,,,,,,,,,,,,,,,,,,,,,,,,,,,,,2009 Sumatra earthquakes
12 Jan 2010,,7.0 Mw,,16:53,,"Near Léogâne, Haiti",,,,,,,,,,,"100,000 to 316,000",,,,,,,,At least 52,,"Humanitarian aid, funds pledged, rescue teams dispatched",,,,,,,,Approx. 3 million,,,"250,000 residences, 30,000 commercial buildings collapsed",,"Presidential Palace, National Assembly, Port-au-Prince Cathedral, main jail",,,,,,,,,,,,,,,,,,,,,,,,,,,,,,,,,,,,,,,,,,,,,,,,,,,,,,,,,,,,,,,,,,,,,,,,,,,,,,,,,,,,,,,,,,,,,,,,,,,,,,,,,,,,,,,,,,,,,,,,,,,,,,,,,,,,,,,,,,,,,,,,,,,,,,,,,,,,,,,,,,,,,,,,,,2010 Haiti earthquake
2 May 2014,,,,,,,,,,,"Argo District, Badakhshan Province",,,,,,"350-2,700",,,,,,,,,,,,,,,,,,,,,,,,,,,,,,,,,,,,,,,,,,,,,,,,,,,,,,,,,,,,,,,,,,,,,,,,,,,,,,,,,,,,,,,,,,,,,,,,,,,,,,,,,,,,,,,,,,,,,,,,,,,,,,,,,,"300 buried, 14,000 affected","1000 houses affected, village leveled",Second mudslide hampered rescue efforts,,,,,,,,,,,,,,,,,,,,,,,,,,,,,,,,,,,,,,,,,,,,,,,,,,,,,,,,,,,,,2014 Badakhshan mudslides
April - May 2016,2016 Indian heat wave,,,,,,,,,330 million,,,,,,,,,,,,,,,,,,,,,51.0 °C,,,,,,,,,,,,,,,,,,,,,,,,,,,,,,,,,,,,,,,,,,,,,,,,,,,,,,,,,,,,,,,,,,,,,,,,,,,,,,,,,,,,,,,,,,,,,,,,,,,,,,,,,,,,,,,,,,,,,,,over 160,"Water shortages, worsened drought",Yes,nearly one week,Yes,Yes,Yes,,,,,,,,,,,,,,,,,,,,,,,,,,,,,,,,,,,,,,,,,,,,,,,,,,,,,,2016 Indian heat wave
28 Sep 2018,,7.5,"4,340 fatalities",,,"Donggala Regency, Central Sulawesi",,,,"4,340",,,,,,,,,,,,,,,,,,,,,,,,,,,,,,,,,,,,,,,,,,,,,,,,,,,,,,,,,,,,,,,,,,,,,,,,,,,,,,,,,,,,,,,,,,,,,,,,,,,,,,,,,,,,,,,,,,,,,,,,,,,,,,,,,,,,,,,,,,,,,,,,,,,"Major destruction, soil liquefaction",Yes,,,,,,,,,,,,,,,,,,,,,,,,,,,,,,,,,,,,,,,,,,,,,,,,,,,,2018 Sulawesi earthquake and tsunami
July-Aug,2019 Indian floods,,,,,,,,,,,,,,,,,,,,,,,,,,,,,,,,,,,,,,,,,,,,,200+,,,,1 million,,,,,,,,,,,,,,,,,,,,,,,,,,,,,,,,,,,,,,,,,,,,,,,,,,,,,,,,,,,,,,,,,,,,,,,,,,,,,,,,,,,,,,,,,,,,,,,,,,,,,,,,,,,,,"Karnataka, Maharashtra, Gujarat,",Yes,"Heavy monsoon, over 1600 total deaths, Kerala severely hit, Vadodara flooded, proactive deployment of NDRF and SDRF teams",,,,,,,,,,,,,,,,,,,,,,,,,,,,,,,,,,,,,,,,,,,,,,,,,2019 Indian floods
14 Aug 2021,,7.2,,08:29:09,,"Tiburon Peninsula, Haiti",,,,,,,,,,,,,,,,,,,,,,,,Over $1.5 billion,,,,,,,,,,,,,,,,,,,,,,,,,,,,,,,,,,,,,,,,,,,,,,,,,,,,,,,,,,,,,,,,,,,,,,,,,,,,,,,,,,,,,,,,,,,,,,,,,,,,,,,,,,,,,,,,,,,,,,,,,,,,,,,,,,,,"2,248","12,200","137,500",USAID provided $32 million,Located in a complex plate boundary zone with active faults,,,,,,,,,,,,,,,,,,,,,,,,,,,,,,,,,,,,,,,,,,,,2021 Haiti earthquake
"February 15, 2022",,,,,,,,,,231,"Petrópolis, Rio de Janeiro, Brazil",,,,,,,,,,,,,,,Intense rainfall causing mudslides and flooding,,,,,,,,,,,,,,,,,,,,,,,,,,,,,,,,,,,,,,,,,,,,,,,,,,,,,,,,,,,,,,,,,,,,,,,,,,,,,,,,,,,,,,,,,,,,,,,,,,,,,,,,,,,,,,,,,,,,,,,,,,,,,,,,,,,,,,,,,,,,,Warning of moderate risk of landslides issued 2 days before,258mm within 3 hours (250mm between 4:20pm - 7:20pm),,,,,,,,,,,,,,,,,,,,,,,,,,,,,,,,,,,,,,,,,,2022 Petr贸polis floods
"April 25, 2015",April 2015 Nepal earthquake,7.8Mw,"8,964",11:56 NST,,"East of Gorkha District, Nepal",,,"Extensive devastation resulted in over 8,900 deaths, injuries to over 21,900, widespread damage to structures, and destruction of UNESCO World Heritage Sites.",,,,,,,,,,,,"21,952",,,,,,,,,,,,,,,,,,,,,,,,,,,,"Gorkha, Kathmandu, Langtang",,,,,,,,,,,,,,,,,,,,,,,,,,,,,,,,,,,,,,,,,,,,,,,,,,,,,,,,,,,,,,,,,,,,,,,,,,,,,,,,,,,,,,,,,,,,,,,,,,,,,,,,,,,,,,,,,,,,,,,,X,,,,,,,,,,,,,,,,,,,,,,,,,,,,,,,,,,,,,,,,,April 2015 Nepal earthquake
"Nov 13, 1985",Armero Tragedy,,,,,,,,,,"Tolima, Colombia",,,,,,,,"23,000",,,,,,,Eruption of Nevado del Ruiz volcano,,,,,,,,,,,,,,,,,,,,,,,,,,,,,,,,,,,,,,,,,,,,,,,,,,,,,,,,,,,,,,,,,,,,,,,,,,,,,,,,,,,,,,,,,,,,,,,,,,,,,,,,,,,,,,,,,,,,,,,,,,,,,,,,,,,,,,,,,,,,,,,,Engulfed the town of Armero,"23,000",Government warnings controversy,Worldwide attention,Mud composition made relief difficult,,,,,,,,,,,,,,,,,,,,,,,,,,,,,,,,,,,,Armero tragedy
,,,,,,,,,"Catastrophic destruction with over 138,000 fatalities reported",,,,$12 billion,,,,,,,"138,373",,,,,,,,Cyclone Nargis,,,,,,,,,,,,,,,,,,,,,,,"May 2, 2008",,,,,,,,,,,,,,,,,,,,,,,,,,,,,,,,,,,,,,,,,,,,,,,,,,,,,,,,,,,,,,,,,,,,,,,,,,,,,,,,,,,,,,,,,,,,,,,,,,,,,,,,,,,,,,,,,,,,,,,,,,,,"Myanmar, Irrawaddy Delta",,,,,,,,,,,,,,,,,,,,,,,,,,,,,,,,,,,Cyclone Nargis
,,,,,,,,,,,,,,,,,,,,"3,447 to 15,000",,,,,,,,Cyclone Sidr,,,,,,,,,,,,,,,,,,,,,,,"November 15, 2007",,,,,,,,,,,,,,,,,,,,,,,,,,,,,,,,,,,,,,,,,,,,,,,,,,,,,,,,,,,,,,,,,,,,,,,,,,,,,,,,,,,,,,,,,,,,,,,,,,,,,,,,,,,,,,,,,,,,,,,,,,,,,260 km/h (Category 5),196.25 billion taka,"Formed in Bay of Bengal, landfall in Bangladesh, significant evacuation efforts, international aid pledged",,,,,,,,,,,,,,,,,,,,,,,,,,,,,,,,Cyclone Sidr
"January 17, 1995",Great Hanshin Earthquake,6.9,"6,434",05:46:53,VII,17 km beneath northern Awaji Island,,,,,,,,,,,,,,,,,,,,,,,,,,,,,,,,,,,,,,,,,,,,,,,,,,,,,,,,,,,,,,,,,,,,,,,,,,,,,,,,,,,,,,,,,,,,,,,,,,,,,,,,,,,,,,,,,,,,,,,,,,,,,,,,,,,,,,,,,,,,,,,,,,,,,,,,,,,,,,,,,,,,,,,,,,,,,"Strongest tremors hit Kobe, resulting in 4,600 deaths",,,,,,,,,,,,,,,,,,,,,,,,,,,,,,,Great Hanshin earthquake
,,,,,,,Category 5,"Dominican Republic, Leeward Islands, Greater Antilles, East Coast of the United States","Catastrophic devastation, over 2,000 people killed, most intense hurricane in the country's history",,,August 1979,,,Hurricane David,,,,"2,000",,,,,,,,,,,,,,,,,,,,,,,,,,,,,,,,,,,,,,,,,,,,,,,,,,,,,,,,,,,,,,,,,,,,,,,,,,,,,,,,,,,,,,,,,,,,,,,,,,,,,,,,,,,,,,,,,,,,,,,,,,,,,,,,,,,,,,,,,,,,,,,,,,,,,,,,,,,,,,,,,,,,,,,,,,,,,,,,,,,,,,,,,,,,,,,Hurricane David
,,,,,,,Category 2,"Honduras, Belize, Mexico, etc.","Over 8,200 fatalities, widespread flash flooding, mudslides, significant loss of life and damage",,,September 1974,$1.8 billion,,Hurricane Fifi,,,,,,,,,,,,,,,,,,,,,,,,,,,,,,,,,,,,,,,,,,,,,,,,,,,,,,,,,,,,,,,,,,,,,,,,,,,,,,,,,,,,,,,,,,,,,,,,,,,,,,,,,,,,,,,,,,,,,,,,,,,,,,,,,,,,,,,,,,,,,,,,,,,,,,,,,,,,,,,,,,,,,,,,,,,,,,,,,,,,,,,,,,,,,,,,,,,Hurricane Fifi–Orlene
,,,,,,,Category 5,"Lesser Antilles, Caribbean, Mexico","Catastrophic devastation and 1,000+ deaths, first named storm with that death toll",,,September 1955,$7.8 million,,Hurricane Janet,,,,,,,,,,,,,,,,,,,,,,,,,,,,,,,,,,,,,,,,,,,,,,,,,,,,,,,,,,,,,,,,,,,,,,,,,,,,,,,,,,,,,,,,,,,,,,,,,,,,,,,,,,,,,,,,,,,,,,,,,,,,,,,,,,,,,,,,,,,,,,,,,,,,,,,,,,,,,,,,,,,,,,,,,,,,,,,,,,,,,,,,,,,,,,,,,,,Hurricane Janet
,,,,,,,Category 5,"Lesser Antilles, Dominica, Puerto Rico","Catastrophic devastation on housing, infrastructure, and population",,,September 2017,$91.61 billion,,Hurricane Maria,,,,,,,,,,,,,,,,,,,,,,,,,,,,,,,,,,,,,,,,,,,,,,,,,,,,,,,,,,,,,,,,,,,,,,,,,,,,,,,,,,,,,,,,,,,,,,,,,,,,,,,,,,,,,,,,,,,,,,,,,,,,,,,,,,,,,,,,,,,,,,,,,,,,,,,,,,,,,,,,,,,,,,,,,,,,,,,,,,,,,,,,,,,,,,,,,,,Hurricane Maria
,,,,,,,,,,,,,$2.005 billion,,,,,,,,,,,,,,,,,,,"Over 11,000",Category 5,,,,,,,,,,,,,,,,,,,,,,,,,,,,,,,,,,,,,,,,,,,,,,,,,,,,,,,,,,,,,,,,,,,,,,,,,,,,,,,,,,,,,,,,,,,,,,,,,,,,,,,,,,,,,,,,,,,,,,,,,,,,,,,,,,,,,,,,,,,,,,,,,,,Hurricane Mitch,"Honduras, Nicaragua, Central America",October 22 - November 9,,,,,,,,,,,,,,,,,,,,,,,,,,,,Hurricane Mitch
21 August 1986,Lake Nyos Eruption,,,,,,,,,"1,746",,,,,,,,,,,,,,,,,,,,,,,,,,,,,,,,,,,,,,,,,,,,,,,,,,,,,,,,,,,,,,,,,,,,,,,,,,,,,,,,,,,,,,,,,,,,,,,,,,,,,,,,,,,,,,,,,,,,,,,,,,,,,,,,,,,,,,,,,,,,,,,,,,,,,,,,,,,,,,,,,,,,,,,,,,,,,"3,500","Suspected landslide, potential volcanic eruption, or cool rainwater event",Installation of degassing system to reduce CO2 risk,,,,,,,,,,,,,,,,,,,,,,,,,Lake Nyos disaster
,,,,,,,Category 1,"Mexico, Texas",,,,September 1921,,,1921 Texas Hurricane,,,,,,,,,,,,,,,,,,,,,,,,,,,,,,,,,,,,,,,,,,,,,,,,,,,,,,,,,,,,,,,,,,,,,,,,,,,,,,,,,,,,,,,,,,,,,,,,,,,,,,,,,,,,,,,,,,,,,,,,,,,,,,,,,,,,,,,,,,,,,,,,,,,,,,,,,,,,,,,,,,,,,,,,,,,"40 in near Thrall, 36.40 in elsewhere in Williamson County",Fourth-highest rainfall total in Texas since record keeping began; Sixth-highest rainfall total for the state.,,,,,,,,,,,,,,,,,,,,,,,September 1921 San Antonio floods
,,,,,,,,,,,,,,,,,,,,,,,,,,,,,,,,,,,,,,,,,,,,,,,,,,,,,,,,,,,,,,,,,,,,,,,,,,,,,,,,,,,,,,,,,,,,,,,,,,,,,,,,,,,,,,,,,,,,,,,,,,,,,,,,,,,,,,,,,,,,,,,,,,,,,,,,,,,,,,,,,,,,,,,,,,,,,,,,,,,,,,,,,,,,"Quảng Nam, Quảng Tín",,,,,,,,,,,,,,,,,,,,,,Tropical Storm Joan (1964)
,Typhoon Linda,,"3,275",,,,,,"Extensive damage, 3,111 fatalities, 200,000 houses damaged or destroyed, 383,000 people homeless, crop and transportation damage, relief efforts impeded.",,,,$385 million,,,,,,,,,"Southern Vietnam, Gulf of Thailand, Malay Peninsula, Bay of Bengal, Indian Ocean, Thailand, Burma, Indonesia, Malaysia, Cambodia","November 2, 1997",,,,,,,,,,,"October 31, 1997",,,,,,,,,,,,,,,,,,,,,,,,,,,,,,,,,,,,,,,,,,,,,,,,,,,,,,,,,,,,,,,,,,,,,,,,,,,,,,,,,,,,,,,,,,,,,,,,,,,,,,,,,,,,,,,,,,,,,,,,,,,,,,,,,,,,,,,,,,,,,,,,,,,,,,,,,,,,,,,,,,,,,,,,,,,,,,,,Tropical Storm Linda (1997)
,,,,,,,Category 5,"Palau, Mindanao",,,,,,,,Bopha/Pablo,,,1901,,,,December 3,,,,,,,,,,,,,,,,,,,,,,,,,,,,,,,,,,,,,,,,,,,,,,,,,,,,,,,,,,,,,,,,,,,,,,,,,,,,,,,,,,,,,,,,,,,,,,,,,,,,,,,,,,,,,,,,,,,,,,,,,,,,,,,,,,,,,,,,,,,,,,,,,,,,,,,,,,,,,,,,,,,,,,,,175 mph,,,,,,,,,,,,,,,,,,,Typhoon Bopha
"November 2-8, 2013",Typhoon Haiyan,,"6,300+",,,,Category 5/Super Typhoon,"Philippines, Southeast Asia",,,,,,,,,,,,,,,,,,,,,,,,,,,,,,,,,,,,,,,,,,,,,,,,,,,,,,,,,,,,,,,,,,,,,,,,,,,,,,,,,,,,,,,,,,,,,,,,,,,,,,,,,,,,,,,,,,,,,,,,,,,,,,,,,,,,,,,,,,,,,,,,,,,,,,,,,,,,,,,,,,,,,,,,,,,,,,,,,,,,,,,,230 km/h,,,,,,,,,,,,,,,,,,Typhoon Haiyan
,,,,,,,,,,,,,,,,Typhoon Ida,,,,"1,269",,,"September 26, 1958",,,,,,,,,,,"September 20, 1958",,,,,,,,,,,,,,,,,,"Honshū, Japan",,,,,,,,,,,,,,,,,,,,,,,,,,,,,,,,,,,,,,,,,,,,,,,,,,,,,,,,,,,,,,,,,,,,,,,,,,,,,,,,,,,,,,,,,,,,,,,,,,,,,,,,,,,,,,,,,,,,,,,,,,,,,,,,,,,,,,,,,,,,,325 km/h,877 mb,$50 million,,,,,,,,,,,,,,,Typhoon Ida (1958)
,,,,,,,,,,,,,,,,Typhoon Ike,,,,,,,,,,,,,,,,,170 km/h,,,,,,,,,,,,,,,,,,,,,,,,,,,,,,,,,,,,,,,,,,,,,,,,,,,,,,,,,,,,,,,,,,,,,,,,,,,,,,,,,,,,,,,,,,,,,,,,,,,,,,,,,,,,,,,,,,,,,,,,,,,,,,,,,,,,,,,,,,,,,,,,,,,,,,,,,,,,,,,,,,,Southeast of Guam,Formed a tropical depression on August 26 and intensified into a typhoon on August 30,Landfall on northeastern Mindanao,170 km/h,"Second deadliest tropical cyclone in the 20th century in the Philippines, devastating impact on Surigao del Norte and Negros Island",,,,,,,,,,Typhoon Ike
"September 15, 1947",,,,,,,,,,"Over 2,000 deaths and missing persons",,,,,,Typhoon Kathleen,,,,,,"Boso Peninsula, Kanto Region, Japan",,,,,,,,,,,,,,,,,"Record heavy rain, flooding of rivers, severe flood damage in Tokyo, Gunma, Saitama, Tochigi, Ibaraki, and Chiba prefectures, major damage in Ichinoseki City, Iwate Prefecture.",,,,,,,,,,,,,,,,,,,,,,,,,,,,,,,,,,,,,,,,,,,,,,,,,,,,,,,,,,,,,,,,,,,,,,,,,,,,,,,,,,,,,,,,,,,,,,,,,,,,,,,,,,,,,,,,,,,,,,,,,,,,,,,,,,,,,,,,,,,,,,,,,,,,,,,,,,,,,,,,,,,,,,,,,,,Typhoon Kathleen
,,,,,,,,"Taiwan, China",,,,,,,,Nina,,,,,,,August 1975,,,,,,,,,"126,000",,,,,,,,,,,,,,,,,,,,,,,,,,,,,,,,,,,,,,,,,,,,,,,,,,,,,,,,,,,,,,,,,,,,,,,,,,,,,,,,,,,,,,,,,,,,,,,,,,,,,,,,,,,,,,,,,,,,,,,,,,,,,,,,,,,,,,,,,,,,,,,,,,,,,,,,,,,,,,,,,,,,,,,,,Triggered Banqiao Dam collapse,,,,,,,,,Typhoon Nina (1975)
September 1959,Typhoon Vera,,,,,,Category 5,Japan,,,,,,,,,,,,,,,,,,,,,,,,,,,,,,,,,,,,,,,,,,,,,,,,,,,,,,,,,,,,,,,,,,,,,,,,,,,,,,,,,,,,,,,,,,,,,,,,,,,,,,,,,,,,,,,,,,,,,,,,,,,,,,,,,,,,,,,,,,,,,,,,,,,,,,,,,,,,,,,,,,,,,,,,,,,,,,,,,,,,,,,,,,,,,,,,,,"Strongest and deadliest typhoon in Japan, led to significant damage and reform in disaster management systems",,,,,,,,Typhoon Vera
,,,,,,,,,,,,,,,,Wanda,,,,"4,935",,,,,,,,,,,,,Intense,July 25,,,,,,,,,,,,,,,,,,"Zhoushan, Zhejiang",,,,,,,,,,,,,,,,,,,,,,,,,,,,,,,,,,,,,,,,,,,,,,,,,,,,,,,,,,,,,,,,,,,,,,,,,,,,,,,,,,,,,,,,,,,,,,,,,,,,,,,,,,,,,,,,,,,,,,,,,,,,,,,,,,,,,,,,,,,,,,,,,,,,,,,902 mbar,295 km/h,5.02 m,465,902,"20,380 tons",August 5,Typhoon Wanda (1956)
