Location,Date,Casualties,Cause of Explosion,Impacts,Response and Aftermath,Depot Details,Aftermath,Cause,Owner,Time,Additional Details,Aftermath and Response,Number of Injuries,Details,Impacts and Aftermath,Mine Details,Ship Details,Impacts and Response,Details of Incident,Cause of Accident,Impact,Injuries,Significance,Impacts/Aftermath,Factory Details,Operator,Details of Gunpowder Storage Facility,Area of Impact,Specific Details,Description,Type of Missile,"ARCO Chemical, Channelview, Texas",Industrial Context,Extent of Damage,Warning Signs Ignored,Companies Involved,Fines,Details of Explosion,Cause of Explosions,Area Impacted,Response Measures,Plant Details,2013,6 fatalities initially reported,Details of Buildings,Response by Consolidated Edison,NTSB Findings,Impact on Metro-North Railroad Tracks,Company,Response,"October 1, 2014",---------------,Factory completely destroyed,"Huge craters left behind, debris flying","Previous citations for outdated equipment, improperly stored explosives",Specific Details of the Incident,Confirmed Casualties,People in Mine at Time of Explosion,Conflicting Reports by Local Rebels,Call for Access by Ukrainian President,Vehicle Involved,Area of Explosion,Aftermath/Legal Proceedings,Response Time,Background,Facility Details,Fire Brigade Response,Official Actions,Property Damage,Homeless Population,Storage Details,Seismic Impact,Government Response,State of Emergency,Protests Against Government,Economic Crisis,Number of Floors,Safety Measures,Victims,Explosions,Investigation,Previous Incident,25 June 2020,30 June 2020,Time of Explosion,Gas Leak Details,Area of Incident,Colliery Details,Aftermath and Controversies,Event Site Details,Key Details of Incident,Cause of Derailment,Key Details,Gunpowder Store Details,Site Details,Gunpowder Theft Details,Historical Connections,Vehicles Involved,Statements by Officials,"June 1, 1974",Additional Information: Casualty figures could have been higher on a weekday; lack of mechanical engineering expertise in management; impact on UK process safety regulations and Seveso Directive in Europe; change in plant production from fertiliser to caprolactam,Area of Fire,Company Details,Aftermath and Responses,Blast Area Damage,Consequences,Identified Causes,Railway Details,Housing Complex Details,Related Incidents,Extent of Impact,Duration of Repairs,Responsible Party,Fines Imposed,Legal Actions,Fatalities,Main Cause,Monetary Damage,Responsible Parties,Legal Outcome,Significant Impacts/Aftermath,Rocket Details,School Details,Owner/Operator,Impacts or Aftermath,"May 4, 1988","**Please note that the provided table covers the main details of the explosion, such as the date, location, casualties, cause of the explosion, and the area affected. Further details can be added as needed.",Founding Date,Founders,Headquarters,Primary Operations,Notable Achievements,Aftermath and Impact,Incident Details,Aftermath and Investigation,Number of Fatalities,Number of Buildings Damaged,Estimated Cost of Damage,Details of Vehicles Involved,"January 30, 1900",Additional columns that could be included:,- Time of the explosion,- Name and brief background of the individual killed,- Any official investigations conducted,Miners Underground,"January 28, 1986",Additional Information:,- The accident occurred during the Space Shuttle Challenger's tenth flight (STS-51-L) and twenty-fifth flight of the Space Shuttle fleet.,- Crew members were supposed to deploy a communications satellite and study Halley's Comet.,- The disaster was caused by the failure of O-ring seals due to record-low temperatures.,- The accident led to the disintegration of the spacecraft over the Atlantic Ocean.,- Fragments were recovered from the ocean after a search-and-recovery operation.,Building Details,Refinery Details,Aftermath and Consequences,Magnitude of Explosion,--------------,"April 17, 2013",trigger
"Birgu, Malta",18 July 1806,Approximately 200 dead,Negligence during shell transfer in gunpowder magazine,,,,,,,,,,,,,,,,,,,,,,,,Gunpowder stored in an improvised casemate within city walls near Porta Marina,,,,,,,,,,,,,,,,,,,,,,,,,,,,,,,,,,,,,,,,,,,,,,,,,,,,,,,,,,,,,,,,,,,,,,,,,,,,,,,,,,,,,,,,,,,,,,,,,,,,,,,,,,,,,,,,,,,,,,,,,,,,,,,,,,,,1806 Birgu polverista explosion
"Nixon, New Jersey","March 1, 1924",20 dead,Ammonium nitrate processing building explosion,,,,,,,,,,,,,,,,,,,,,,,,,12 square miles demolished,"Other materials ignited, plastic manufacturing",,,,,,,,,,,,,,,,,,,,,,,,,,,,,,,,,,,,,,,,,,,,,,,,,,,,,,,,,,,,,,,,,,,,,,,,,,,,,,,,,,,,,,,,,,,,,,,,,,,,,,,,,,,,,,,,,,,,,,,,,,,,,,,,,,1924 Nixon Nitration Works disaster
"Victoria Dock, Bombay, British India",14 April 1944,"Around 800-1,300 killed, 80,000 homeless, 71 firemen dead","British freighter SS Fort Stikine carrying 1,400 tons of explosives, cotton bales, gold",,,,"Debris scattered, surrounding ships sunk, area set on fire, significant loss of life, 71 firemen casualties",,,,,,,,,,"Built in 1942, cargo included sensitive explosives, ammunition, gold bullion, cotton bales, and other materials",,,,,,,,,,,,,,,,,,,,,,,,,,,,,,,,,,,,,,,,,,,,,,,,,,,,,,,,,,,,,,,,,,,,,,,,,,,,,,,,,,,,,,,,,,,,,,,,,,,,,,,,,,,,,,,,,,,,,,,,,,,,,,,,,,,,,,,,,,,,,,1944 Bombay Explosion
"Aarhus, Denmark",4 July 1944,"39 killed, 250 injured",150 tonnes of ammunition explosion,,,Barge loaded with ammunition detonated at basin III near Korn- og Foderstof Kompagniet silos,,,,,,,,,,,,,,,,,,,,,,,,,,,,,,,,,,,,,,,,,,,,,,,,,,,,,,,,,,,,,,,,,,,,,,,,,,,,,,,,,,,,,,,,,,,,,,,,,,,,,,,,,,,,,,,,,,,,,,,,,,,,,,,,,,,,,,,,,,,,,,,,,,,,,,,,,1944 explosion in Aarhus
"Edgewood Arsenal, Harford County, Maryland","May 25, 1945","12 killed, 50+ injured",Phosphorus igniter assembly explosion for incendiary bombs,,,"Building 509, production facility for igniter assemblies, primarily female staff",,,,,,,,,,,,,,,,,,,,,,,,,,,,,,,,,,,,,,,,,,,,,,,,,,,,,,,,,,,,,,,,,,,,,,,,,,,,,,,,,,,,,,,,,,,,,,,,,,,,,,,,,,,,,,,,,,,,,,,,,,,,,,,,,,,,,,,,,,,,,,,,,,,,,,,,,1945 Edgewood Arsenal explosion
"Chicago, Illinois, USA","May 25, 1950","34 dead, 50 injured",Collision with gasoline truck,,,,,,,,,,,,,,,,,,,,,,,,,,,"Green Hornet Streetcar collided with a gasoline truck resulting in explosion, one of deadliest in Chicago",,,,,,,,,,,,,,,,,,,,,,,,,,,,,,,,,,,,,,,,,,,,,,,,,,,,,,,,,,,,,,,,,,,,,,,,,,,,,,,,,,,,,,,,,,,,,,,,,,,,,,,,,,,,,,,,,,,,,,,,,,,,,,,,,1950 Chicago streetcar crash
"Indianapolis, Indiana, United States","October 31, 1963","81 dead, 400 injured",Liquefied petroleum gas leak igniting with electrical heating element,"Severe casualties, significant damage to stands","Emergency responders, evacuation, settlements for victims",,,,,,,,,,,,,,,,,,,,,,,,,,,,,,,,,,,,,,,,,,,,,,,,,,,,,,,,,,,,,,,,,,,,,,,,,,,,,,,,,,,,,,,,,,,,,,,,,,,,,,,,,,,,,,,,,,,,,,,,,,,,,,,,,,,,,,,,,,,,,,,,,,,,,,,,,,1963 Indiana State Fairgrounds Coliseum gas explosion
"Roseville, California","28 April, 1973",48 injured,Small fire in a box car caused by overheated brakes,"No fatalities, 40-mile audible range",,"Hawthorne, NV Army Depot, US military-owned box car, high explosive aircraft ammunition",,,,,,,,,,,,,,,,,,,,,,,,,,,,,,,,,,,,,,,,,,,,,,,,,,,,,,,,,,,,,,,,,,,,,,,,,,,,,,,,,,,,,,,,,,,,,,,,,,,,,,,,,,,,,,,,,,,,,,,,,,,,,,,,,,,,,,,,,,,,,,,,,,,,,,,,,1973 Roseville Yard Disaster
"Bradley Township, Van Buren County, Arkansas","September 18–19, 1980","None directly, 1 injured",,,,,,Liquid fuel explosion inside missile silo,,,"Missile Complex 374-7, 9 megaton W-53 Nuclear Warhead, 3.3 miles NNE of Damascus",,,,,,,,,,,,,,,,,,,,LGM-25C Titan II ICBM,,,,,,,,,,,,,,,,,,,,,,,,,,,,,,,,,,,,,,,,,,,,,,,,,,,,,,,,,,,,,,,,,,,,,,,,,,,,,,,,,,,,,,,,,,,,,,,,,,,,,,,,,,,,,,,,,,,,,,,,,,,,,,,,1980 Damascus Titan missile explosion
,,,,,,,Safety changes at other US plants by ACC,,,,,,,,,,,,,,,,,,,,,,,,,Compressor malfunction causing vaporized gas ignition,Largest industrial disasters in Greater Houston area,,,,,,,,,,,,,,,,,,,,,,,,,,,,,,,,,,,,,,,,,,,,,,,,,,,,,,,,,,,,,,,,,,,,,,,,,,,,,,,,,,,,,,,,,,,,,,,,,,,,,,,,,,,,,,,,,,,,,,,,,,,,,,1990 ARCO explosion
"Analco Colonia Atlas, Guadalajara, Mexico","April 22, 1992","Approximately 252 reported killed, estimates of 1,000",Numerous gasoline explosions in sewer system,,,,,,,,,,,,,,,,,,,,,,,,,,,,,,,"8 kilometers of streets destroyed, $300 million to $3 billion damage","Strong gas-like smell, gasoline in water pipes, high levels of gasoline fumes in sewers",,,,,,,,,,,,,,,,,,,,,,,,,,,,,,,,,,,,,,,,,,,,,,,,,,,,,,,,,,,,,,,,,,,,,,,,,,,,,,,,,,,,,,,,,,,,,,,,,,,,,,,,,,,,,,,,,,,,,,,,,,,,1992 Guadalajara explosions
"Huanjiang county, Guangxi, China","Week of August 1-5, 1994","77 dead, 230+ injured",8 tonnes of dynamite explosion,"Flattened dormitory, warehouses","Government officials mobilized, rescue efforts, investigation",,,,,,,,,,,,,,,,,,,,,,,,,,,,,,,,,,,,,,,,,,,,,,,,,,,,,,,,,,,,,,,,,,,,,,,,,,,,,,,,,,,,,,,,,,,,,,,,,,,,,,,,,,,,,,,,,,,,,,,,,,,,,,,,,,,,,,,,,,,,,,,,,,,,,,,,,,1994 Kenpeng mine disaster
"Jesse, Nigeria","October 18, 1998","1,082 deaths",,"Most deadly pipeline explosion in Nigeria, pipeline link between Warri and Kaduna, located in Niger Delta","Extinguished by US firefighting company, visit by Nigerian President, rising death toll, victims too badly burned for identification, mass graves for over 300 bodies",,,Debate between scavengers and neglect as cause,Nigerian National Petroleum Corporation,,,,,,,,,,,,,,,,,,,,,,,,,,,,,,,,,,,,,,,,,,,,,,,,,,,,,,,,,,,,,,,,,,,,,,,,,,,,,,,,,,,,,,,,,,,,,,,,,,,,,,,,,,,,,,,,,,,,,,,,,,,,,,,,,,,,,,,,,,,,,,,,,,,,,,1998 Jesse pipeline explosion
"Lagos, Nigeria","January 27, 2002","At least 1,100 killed, 20,000 displaced",Accidental detonation of high explosives,,,"Ikeja Cantonment, storage of high calibre bombs",,,,,,,,,"Fires, destroyed buildings, displaced people, government inquiry blamed Nigerian Army",,,,,,,,,,,,,,,,,,,,,,,,,,,,,,,,,,,,,,,,,,,,,,,,,,,,,,,,,,,,,,,,,,,,,,,,,,,,,,,,,,,,,,,,,,,,,,,,,,,,,,,,,,,,,,,,,,,,,,,,,,,,,,,,,,,,,,,,,,,,,,,,2002 Lagos armoury explosion
"Etobicoke, Toronto, Ontario","April 24, 2003","7 dead, 4 injured",Backhoe breach of Enbridge pipeline,,,,"Memorial garden dedication, damages, rescue efforts",,,,,,,,,,,,,,,,,,,,,,,,,,,,,"Enbridge, Precision Utility",Fined in 2011,,,,,,,,,,,,,,,,,,,,,,,,,,,,,,,,,,,,,,,,,,,,,,,,,,,,,,,,,,,,,,,,,,,,,,,,,,,,,,,,,,,,,,,,,,,,,,,,,,,,,,,,,,,,,,,,,,,,,,,,,,2003 Etobicoke gas explosion
"Arkhangelsk, Russia","March 16, 2004",58 dead,Sabotage of the gas system by former employee Sergey Alekseychik,,,,,,,3:03 am,,,,,,,,,,,,,,,,,,,,,,,,,,,,,,,,,,,,,,,,,,,,,,,,,,,,,,,,,,,,,,,,,,,,,,,,,,,,,,,,,,,,,,,,,,,,,,,,,,,,,,,,,,,,,,,,,,,,,,,,,,,,,,,,,,,,,,,,,,,,,,,,,,,,,2004 Arkhangelsk explosion
"Milwaukee, Wisconsin, USA","December 6, 2006","3 killed, 47 injured",Propane gas leak leading to an explosion,"Cars flipped, debris scattered, legal actions launched, leaks in gas pipe found",,"Two joined buildings housing propane tanks, covers 50,000 sq ft",,,Rexnord (owner),,,,,,,,,,,,,,,,,,,,,,,,,,,,,,,,,,,,,,,,,,,,,,,,,,,,,,,,,,,,,,,,,,,,,,,,,,,,,,,,,,,,,,,,,,,,,,,,,,,,,,,,,,,,,,,,,,,,,,,,,,,,,,,,,,,,,,,,,,,,,,,,,,,,,,2006 Falk Corporation explosion
"Glorietta 2, Ayala Center, Makati, Philippines","October 19, 2007","11 dead, 126+ injured",Initially thought to be LPG tank explosion,,,,,,,,,"Unclear cause, bomb suspected, Makati Rescue deployment, UK terrorism advisory",,,,,,,,,,,,,,,,,,,,,,,,,,,,,,,,,,,,,,,,,,,,,,,,,,,,,,,,,,,,,,,,,,,,,,,,,,,,,,,,,,,,,,,,,,,,,,,,,,,,,,,,,,,,,,,,,,,,,,,,,,,,,,,,,,,,,,,,,,,,,,,,,,,2007 Glorietta explosion
"Malhazine suburb of Maputo, Mozambique","March 22, 2007","At least 93 killed, hundreds injured",Heat wave and drought affecting the area,,"Three days of national mourning, police seal off area, detonation of remaining ammunition",Constructed by the Soviet Union in 1984 to store weapons used during the Mozambican Civil War,,,,,,,,,,,,,,,,,,,,,,,,,,,,,,,,,,,,,,,,,,,,,,,,,,,,,,,,,,,,,,,,,,,,,,,,,,,,,,,,,,,,,,,,,,,,,,,,,,,,,,,,,,,,,,,,,,,,,,,,,,,,,,,,,,,,,,,,,,,,,,,,,,,,,,,,,2007 Maputo arms depot explosion
"Chelopechene, Sofia, Bulgaria",3 July 2008,Not specified,Series of explosions at munitions depot,,,Part of a military facility specializing in dismantling obsolete ammunition,,,,,,,,,,,,,,,,,,,,,,,,,,,,,,,,,,,,,,,,,,,,,,,,,,,,,,,,,,,,,,,,,,,,,,,,,,,,,,,,,,,,,,,,,,,,,,,,,,,,,,,,,,,,,,,,,,,,,,,,,,,,,,,,,,,,,,,,,,,,,,,,,,,,,,,,,2008 Chelopechene explosions
"Al Quoz Industrial area, Dubai, UAE","March 26, 2008","2 dead, 2 injured",Unknown,,,,,,,,,,,,"Evacuation of schools in Al Quoz, difficulty for first responders",,,,,,,,,,,,,,,,,,,,,,,"Two explosions, 20 buildings on fire, fireworks going off",,,,,,,,,,,,,,,,,,,,,,,,,,,,,,,,,,,,,,,,,,,,,,,,,,,,,,,,,,,,,,,,,,,,,,,,,,,,,,,,,,,,,,,,,,,,,,,,,,,,,,,,,,,,,,,,,,,,,,,,,2008 Dubai explosion
"Port Wentworth, Georgia","February 7, 2008","14 killed, 40 injured",Dust explosion,"Closure of the refinery, economic decline in Port Wentworth","Proposed safety legislation, rebuilding of factory, lawsuits, investigations",,,,,,,,,,,,,,,,,,,,,,,,,,,,,,,,,,,,,,,,,,,,,,,,,,,,,,,,,,,,,,,,,,,,,,,,,,,,,,,,,,,,,,,,,,,,,,,,,,,,,,,,,,,,,,,,,,,,,,,,,,,,,,,,,,,,,,,,,,,,,,,,,,,,,,,,,,2008 Georgia sugar refinery explosion
"Yizhou City, Guangxi Province, China","August 26, 2008","20 killed, 60 injured, 6 missing",,,,,,,,,,,,,,,,,,,,,,,,,,,,,,,,,,,,,Industrial accident at Guangxi Guangwei Chemical Co.,"Nearly 108,000 sq ft","Evacuation of 11,500 residents, containment of pollutants",,,,,,,,,,,,,,,,,,,,,,,,,,,,,,,,,,,,,,,,,,,,,,,,,,,,,,,,,,,,,,,,,,,,,,,,,,,,,,,,,,,,,,,,,,,,,,,,,,,,,,,,,,,,,,,,,,,,,,2008 Guangxi chemical plant explosions
"Gërdec, Vorë Municipality, Albania","March 15, 2008",Unknown,Chain reaction of controlled explosions,"Hundreds of demolished houses, shattered car windows on highway, airport windows shattered, flights suspended, evacuation of residents, disaster area declared","State of emergency, investigation into possible causes, evacuation efforts, shelter provided for residents",,,,,,,,,,,,,,,,,,,,,,,,,,,,,,,,,,,,,,,,,,,,,,,,,,,,,,,,,,,,,,,,,,,,,,,,,,,,,,,,,,,,,,,,,,,,,,,,,,,,,,,,,,,,,,,,,,,,,,,,,,,,,,,,,,,,,,,,,,,,,,,,,,,,,,,,,,2008 G毛rdec explosions
"Aviastroitelny District, Kazan, Tatarstan, Russia","January 9, 2008","10 dead, 2 injured",,,,,,Undetermined (possible improper gas appliance use),,0:28 a.m. local time,,,,,,,,,,,,,,,,,,,,,,,,,,,,,,,,,,,,,,,,,,,,,,,,,,,,,,,,,,,,,,,,,,,,,,,,,,,,,,,,,,,,,,,,,,,,,,,,,,,,,,,,,,,,,,,,,,,,,,,,,,,,,,,,,,,,,,,,,,,,,,,,,,,,,2008 Kazan gas explosion
"Yevpatoria, Ukraine","December 24, 2008","27 dead, 10 missing",,,,,,Gas explosion in apartment block,,,,,,,,,,"National mourning declared, government to provide new housing and financial compensations, free school instruction for affected children, tougher control measures in gas supply industry",,,,,,,,,,,,,,,,,,,,,,,,,,,,,,,,,,,,,,,,,,,,,,,,,,,,,,,,,,,,,,,,,,,,,,,,,,,,,,,,,,,,,,,,,,,,,,,,,,,,,,,,,,,,,,,,,,,,,,,,,,,,,,,,,,,,,,,,,,,,,2008 Yevpatoria gas explosion
"Bayamón, Puerto Rico","October 23-25, 2009",3 injuries,Explosion at Caribbean Petroleum Corporation,"11 storage tanks destroyed, spread to nearby tanks, equivalent to 2.8-magnitude earthquake, 30 million US gallons of petroleum released","Environmental assessment, dead wildlife, injury to population, 600 in shelters, 5 workers escaped, injuries to drivers, damage to neighboring communities",,,,,,,,,,,,,,,,,,,,,,,,,,,,,,,,,,,,,,,,,,,,,,,,,,,,,,,,,,,,,,,,,,,,,,,,,,,,,,,,,,,,,,,,,,,,,,,,,,,,,,,,,,,,,,,,,,,,,,,,,,,,,,,,,,,,,,,,,,,,,,,,,,,,,,,,,,2009 Cata帽o oil refinery fire
"Tonghua Coal Mine, Qijiang County, Chongqing, China","May 30, 2009","30 dead, 59 injured",,,,,"Detention of coal mine owner, chief engineer, and project manager, 101 miners rescued",Excessive explosives triggered by illegal practice violating mining rules,,,,,,,,,,,,,,,,,,,,,,,,,,,,,,,,,,,,,,,,,,,,,,,,,,,,,,,,,,,,,,,,,,,,,,,,,,,,,,,,,,,,,,,,,,,,,,,,,,,,,,,,,,,,,,,,,,,,,,,,,,,,,,,,,,,,,,,,,,,,,,,,,,,,,,,2009 Chongqing mine blast
"Handlová, Slovakia","August 10, 2009","20 dead, 9 injured",Probably caused by flammable gases,"Largest mining tragedy in Slovakia, deadliest mining disaster in Slovakia's history since 1993",,,,,,,,,9,,,,,,,,,,,,,,,,,,,,,,,,,,,,,,,,,,,,,,,,,,,,,,,,,,,,,,,,,,,,,,,,,,,,,,,,,,,,,,,,,,,,,,,,,,,,,,,,,,,,,,,,,,,,,,,,,,,,,,,,,,,,,,,,,,,,,,,,,,,,,,,,,,2009 Handlov谩 mine blast
"Hegang, Heilongjiang province, China","November 21, 2009","108 dead, 29 hospitalized",,"Buildings damaged, rescue efforts impeded by gas and debris","Rescue operation ongoing, hope for trapped individuals, mining company response",,,"Trapped, pressurized gases underground due to poor ventilation","Heilongjiang Longmay Mining Holding Group Co., Ltd.",,,,,,,,,,,,,,,,,,,,,,,,,,,,,,,,,,,,,,,,,,,,,,,,,,,,,,,,,,,,,,,,,,,,,,,,,,,,,,,,,,,,,,,,,,,,,,,,,,,,,,,,,,,,,,,,,,,,,,,,,,,,,,,,,,,,,,,,,,,,,,,,,,,,,,2009 Heilongjiang mine explosion
"Middletown, Connecticut, USA","February 7, 2010","6 dead, at least 50 injured",Gas and oil-fired power plant explosion during construction,,,,,,,,,,,,,,,,,,,,,,,,,,,,,,,,,,,,,,,"Siemens combined cycle power plant, 620-megawatt",,,,,,,,,,,,,,,,,,,,,,,,,,,,,,,,,,,,,,,,,,,,,,,,,,,,,,,,,,,,,,,,,,,,,,,,,,,,,,,,,,,,,,,,,,,,,,,,,,,,,,,,,,,,,,,,,,,,,2010 Connecticut power plant explosion
"Qixia District, Nanjing, China","July 28, 2010","13 dead, 300 injured",Rupture of propylene pipeline,,,,,,,,,,,,,,,,,,,,,,,,,,,,,,,,,,,,,,,,,,,,,,,,,,,,,,,,,,,,,,,,,,,,,,,,,,,,,,,,,,,,,,,,,,,,,,,,,,,,,,,,,,,,,,,,,,,,,,,,,,,,,,,,,,,,,,,,,,,,,,,,,,,,,,,,,,,,2010 Nanjing chemical plant explosion
"San Martín Texmelucan de Labastida, Puebla, Mexico","December 19, 2010","29 dead, 52 injured",,"Area destroyed, Atoyac River pollution","Firefighters, military deployment, President Calderón visit, investigation",,,Thieves from Los Zetas drug cartel,Pemex petroleum company,,,,,,,,,,,,,,,,,,,,,,,,,,,,,,,,,,,,,,,,,,,,,,,,,,,,,,,,,,,,,,,,,,,,,,,,,,,,,,,,,,,,,,,,,,,,,,,,,,,,,,,,,,,,,,,,,,,,,,,,,,,,,,,,,,,,,,,,,,,,,,,,,,,,,,2010 Puebla oil pipeline explosion
"San Bruno, California","September 9, 2010",8,Natural gas pipeline explosion,"35-37 houses leveled, 8 more damaged, 200 firefighters battled the blaze","Emergency responders evacuated neighborhoods, strong winds hampered firefighting efforts, gas was shut off 60-90 minutes after the explosion, damaged houses torn down in December",,,,,,,,,,,,,,,,,,,,,,,,,,,,,,,,,,,,,,,,,,,,,,,,,,,,,,,,,,,,,,,,,,,,,,,,,,,,,,,,,,,,,,,,,,,,,,,,,,,,,,,,,,,,,,,,,,,,,,,,,,,,,,,,,,,,,,,,,,,,,,,,,,,,,,,,,,2010 San Bruno pipeline explosion
"Sange, South Kivu, Democratic Republic of the Congo",2 July 2010,"At least 230 deaths, 196 injured","Tank truck overturned, explosion during fuel collection",,,,,,,,,,,,,,,,,,,,,,,,,,,,,,,,,,,,,,,,,,,,,,,,,,,,,,,,,,,,,,,,,,,,,,,,,,,,,,,,,,,,,,,,,,,,,,,,,,,,,,,,,,,,,,,,,,,,,,,,,,,,,,,,,,,,,,,,,,,,,,,,,,,,,,,,,,,,2010 South Kivu fuel tank explosion
"Anacortes, Washington","April 2, 2010",7 fatalities,Heat exchanger rupture,,,,,,,,,"Fine disputes, safety violations, recommendations by CSB",,,,,,,,,,,,,,,,,,,,,,,,,,,,,,,,,,,,,,,,,,,,,,,,,,,,,,,,,,,,,,,,,,,,,,,,,,,,,,,,,,,,,,,,,,,,,,,,,,,,,,,,,,,,,,,,,,,,,,,,,,,,,,,,,,,,,,,,,,,,,,,,,,,2010 Tesoro Anacortes Refinery disaster
"Zonguldak Province, Turkey","May 17, 2010",30 miners died,Firedamp explosion,,,,,,,,,,,,,Karadon coal mine operated by the state-owned Turkish Coal Corporation,,,,,,,,,,,,,,,,,,,,,,,,,,,,,,,,,,,,,,,,,,,,,,,,,,,,,,,,,,,,,,,,,,,,,,,,,,,,,,,,,,,,,,,,,,,,,,,,,,,,,,,,,,,,,,,,,,,,,,,,,,,,,,,,,,,,,,,,,,,,,,,2010 Zonguldak mine disaster
"Dar es Salaam, Tanzania",2011,"20-32 killed, 300 injured",Series of explosions at an ammunition depot,Debris scattered up to 15 km away,"Evacuation orders, residents displaced, calls for official resignations","Military base at 8:30 pm local time, 23 military structures destroyed, homes and school impacted",,,,,,,,,,,,,,,,,,,,,,,,,,,,,,,,,,,,,,,,,,,,,,,,,,,,,,,,,,,,,,,,,,,,,,,,,,,,,,,,,,,,,,,,,,,,,,,,,,,,,,,,,,,,,,,,,,,,,,,,,,,,,,,,,,,,,,,,,,,,,,,,,,,,,,,,,2011 Dar es Salaam explosions
"Nairobi, Kenya",12 September 2011,"Approximately 100 killed, 116 injured",,"Fire spread to adjacent shanty town, pipeline system operated by Kenya Pipeline Company","Energy Minister statement, Managing Director comments, ongoing investigation",,,Fuel spill explosion,,,,,,,,,,,,,,,,,,,,,,,,,,,,,,,,,,,,,,,,,,,,,,,,,,,,,,,,,,,,,,,,,,,,,,,,,,,,,,,,,,,,,,,,,,,,,,,,,,,,,,,,,,,,,,,,,,,,,,,,,,,,,,,,,,,,,,,,,,,,,,,,,,,,,,,2011 Nairobi pipeline fire
"Afyonkarahisar, Turkey",5 September 2012,"25 dead, 4 soldiers injured, 3 civilians injured",Accidental explosion of grenades sequentially,,,"41st Ammunition Company, 4th Munition Division, 500th Arsenal Command of Turkish Army Corps of Engineers",,,,,,,,,,,,,,,,,,,,,,,,,,,,,,,,,,,,,,,,,,,,,,,,,,,,,,,,,,,,,,,,,,,,,,,,,,,,,,,,,,,,,,,,,,,,,,,,,,,,,,,,,,,,,,,,,,,,,,,,,,,,,,,,,,,,,,,,,,,,,,,,,,,,,,,,,2012 Afyonkarahisar arsenal explosion
"Astrakhan, Astrakhan Oblast, Russia","February 27, 2012","At least 10 dead, 12 injured, 5 missing",Natural gas explosion,,,"Nine-story apartment building collapsed, individuals trapped in rubble",,,,,,,,,,,,,,,,,,,,,,,,,,,,,,,,,,,,,,,,,,,,,,,,,,,,,,,,,,,,,,,,,,,,,,,,,,,,,,,,,,,,,,,,,,,,,,,,,,,,,,,,,,,,,,,,,,,,,,,,,,,,,,,,,,,,,,,,,,,,,,,,,,,,,,,,,2012 Astrakhan gas explosion
"Riyadh, Saudi Arabia",1 November 2012,26 confirmed dead,"Truck carrying fuel crashed, leaked petrol ignited",,,,,,,,,"23 killed outright, 111-135 injured, speculation of terrorism dispelled, cost over 300 million riyals",,,,,,,,,,,,,,,,,,,,,,,,,,,,,,,,,,,,,,,,,,,,,,,,,,,,,,,,,,,,,,,,,,,,,,,,,,,,,,,,,,,,,,,,,,,,,,,,,,,,,,,,,,,,,,,,,,,,,,,,,,,,,,,,,,,,,,,,,,,,,,,,,,,2012 Riyadh truck crash
"Federal Highway 85, Ecatepec de Morelos, Mexico","May 7, 2013","27 dead, 31 injured",Gas tanker truck collision and explosion,45 homes and 16 vehicles damaged,Federal government lowered cargo weight limits in response,,,,,,,,--,,,,,,,,,,,,,,,,,,,,,,,,,,,,,,,,,,,,,,,,,,,,,,,,,,,,,,,,,,,,,,,,,,,,,,,,,,,,,,,,,,,,,,,,,,,,,,,,,,,,,,,,,,,,,,,,,,,,,,,,,,,,,,,,,,,,,,,,,,,,,,,,,,2013 Ecatepec de Morelos gas tanker explosion
Pakistan (en route to Gujrat),25 May 2013,"17 dead, 7 injured",Gas cylinder explosion in a school minivan,,,,,,,,,,,,,,,,,,,,,,,,,,,,,,,,,,,,,,,,,,,,,,,,,,,,,,,,,,,,,,,,,,,,,,,,,,,,,,,,,,,,,,,,,,,,,,,,,,,,,,,,,,,,,,,,,,,,,,,,,,,,,,,,,,,,,,,,,,,,,,,,,,,,,,,,,,,,2013 Pakistan gas bus explosion
"Divadelní Street, Prague, Czech Republic","April 29, 2013",43 injured,Natural gas leak,"Shock wave damaged windows in nearby buildings, 43 people injured (one seriously), no deaths",,,,,,,,,,,,,,,,,,,,,,,,,,,,,,,,,,,,,,,,,,,,,,,,,,,,,,,,,,,,,,,,,,,,,,,,,,,,,,,,,,,,,,,,,,,,,,,,,,,,,,,,,,,,,,,,,,,,,,,,,,,,,,,,,,,,,,,,,,,,,,,,,,,,,,,,,,,2013 Prague explosion
"Rosario, Argentina","August 6, 2013","22 dead, 60 injured",Gas leak,,"Several organizations, six months for reconstruction, Litoral Gas employee suspected, judiciary investigation",,,,,9:30am,,,,,,,,,,,,,,,,,,,,,,,,,,,,,,,,,,,,,,,,,,,,,,,,,,,,,,,,,,,,,,,,,,,,,,,,,,,,,,,,,,,,,,,,,,,,,,,,,,,,,,,,,,,,,,,,,,,,,,,,,,,,,,,,,,,,,,,,,,,,,,,,,,,,,2013 Rosario gas explosion
,,,,Aftermath,,,,,,,,,,,,,,,,,,,,,,,,,,,,,,,,,,,,,,,"Uncertain, possible bomb attack","Bomb residue not detected, fire traveled through building levels",,,,,,,,,,,,,,,,,,,,,,,,,,,,,,,,,,,,,,,,,,,,,,,,,,,,,,,,,,,,,,,,,,,,,,,,,,,,,,,,,,,,,,,,,,,,,,,,,,,,,,,,,,,,,,,,,,,2013 Serendra explosion
"East Harlem, Manhattan, New York City","March 12, 2014","8 dead, 70+ injured",Gas leak suspected,,,,,,,,,,,,,,,,,,,,,,,,,,,,,,,,,,,,,,,,,,1644 & 1646 Park Avenue,"Received gas leak call, crews sent",Blamed failures by Con Edison & city,"Service suspension, debris on tracks",,,,,,,,,,,,,,,,,,,,,,,,,,,,,,,,,,,,,,,,,,,,,,,,,,,,,,,,,,,,,,,,,,,,,,,,,,,,,,,,,,,,,,,,,,,,,,,,,,,,,,,,,,,,,,,2014 East Harlem gas explosion
"Nagaram, East Godavari district, Andhra Pradesh, India",27 June 2014,"23 killed, around 40 injured",Blast in Gas Authority of India Limited underground gas Pipeline,"Loss of lives, destruction of crops and wildlife in over 10 acres",,,,,,,,,,,,,,,,,,,,,,,,,,,,,,,,,,,,,,,,,,,,,Oil and Natural Gas Corporation (ONGC),Injured shifted to nearby hospitals,,,,,,,,,,,,,,,,,,,,,,,,,,,,,,,,,,,,,,,,,,,,,,,,,,,,,,,,,,,,,,,,,,,,,,,,,,,,,,,,,,,,,,,,,,,,,,,,,,,,,,,,,,,,,2014 GAIL pipeline explosion
,,,,Response and Aftermath,,,,,,,,,,,,,,,,,,,,,,,,,,,,,,,,,,,,,,,,,,,,,,,10 tonnes of highly explosive chemicals and weapons being dismantled stored at the site,------------------------------------------------,October 3 declared national day of mourning,"Workers presumed dead, 3 injured from glass and shrapnel","Previous blasts in 2007 and 2010, notifications to owners",,,,,,,,,,,,,,,,,,,,,,,,,,,,,,,,,,,,,,,,,,,,,,,,,,,,,,,,,,,,,,,,,,,,,,,,,,,,,,,,,,,,,,,,,,,,,,,,,,,,,,,,2014 Gorni Lom explosions
"Cianjhen and Lingya districts, Kaohsiung, Taiwan","July 31, 2014","32 killed, 321 injured",Series of gas explosions following reports of gas leaks,"6 km of road damaged, cars and motorcycles blown into the air, gas, electricity, and water supplies cut to households","Firefighters, emergency workers injured, arrival of Taiwanese army, packed hospitals",,,,,,,,,,,,,,,,,,,,,,,,,,,,,,,,,,,,,,,,,,,,,,,,,,,,,,,,,,,,,,,,,,,,,,,,,,,,,,,,,,,,,,,,,,,,,,,,,,,,,,,,,,,,,,,,,,,,,,,,,,,,,,,,,,,,,,,,,,,,,,,,,,,,,,,,,,2014 Kaohsiung gas explosions
"Zhongrong Metal Production Company, Kunshan, Jiangsu, China","August 2, 2014","146 killed, 114 injured",Dust explosion ignited by metal polishing dust,,,,"Over 180 wounded treated at hospitals, investigation into the cause of the explosion",,,,,,,,,,,,,,,,,,,,,,,,,,,,,,,,,,,,,,,,,,,,,,,,,"Explosion occurred at 7:37 a.m. with more than 260 people present due to weekend overtime, 44 died at the scene, 31 died at hospitals",,,,,,,,,,,,,,,,,,,,,,,,,,,,,,,,,,,,,,,,,,,,,,,,,,,,,,,,,,,,,,,,,,,,,,,,,,,,,,,,,,,,,,,,,,,,,,,,,,,,,,,2014 Kunshan explosion
"Selantik, Pantu at Sri Aman Division, Sarawak, Malaysia",22 November 2014,"4 dead, 30 injured",Spark from a faulty fan leading to tunnel explosion,,,,,,,,,,,,,"Operating since 2006, 119 workers, nationalities of workers (North Korea, Myanmar, Indonesia, China, and Bangladesh)",,,,,,,,,,,,,,,,,,,,,,,,,,,,,,,,,,,,,,,,,,,,,,,,,,,,,,,,,,,,,,,,,,,,,,,,,,,,,,,,,,,,,,,,,,,,,,,,,,,,,,,,,,,,,,,,,,,,,,,,,,,,,,,,,,,,,,,,,,,,,,,2014 Selantik coal mine explosion
"121 Second Avenue, East Village, Manhattan, New York City","March 26, 2015","2 dead, 19 injured",,Destruction of three adjacent buildings,,,,Illegal gas tap,,,,,,,,,,,,,,,,,,,,,,,,,,,,,,,,,,,,,,,,,,,,,,,,,,,,,,,,,,,,,,,,,,,,,,,,,,,,,,,,,,,,,,,,,,,,,,,,,,,,,,,,,,,,,,,,,,,,,,,,,,,,,,,,,,,,,,,,,,,,,,,,,,,,,,,2015 East Village gas explosion
"Port of Tianjin, China",12 August 2015,"173 dead, 8 missing, 798 non-fatal",Overheated container of dry nitrocellulose,,,"Ruihai Logistics - privately held, handles hazardous chemicals, warehouses for hazardous goods, safety regulations not followed",,,,,,,,,,,,,,,,,,,,,,,,,,,,,,,,,,,,,,,,,,,,,,,,,,,,,,,,,,,,,,,,,,,,,,,,,,,,,,,,,,,,,,,,,,,,,,,,,,,,,,,,,,,,,,,,,,,,,,,,,,,,,,,,,,,,,,,,,,,,,,,,,,,,,,,,,2015 Tianjin explosions
"Zasyadko coal mine, rebel-held Eastern Ukraine",4 March 2015,,Gas Explosion,,,,,,,,,,,,,,,,,,,,,,,,,,,,,,,,,,,,,,,,,,,,,,,,,,,,,,23 dead,230,Local rebels claimed higher death toll,Petro Poroshenko called for access,,,,,,,,,,,,,,,,,,,,,,,,,,,,,,,,,,,,,,,,,,,,,,,,,,,,,,,,,,,,,,,,,,,,,,,,,,,,,,,,,,,,,,,,,,,,,,,,,,,2015 Zasyadko mine disaster
"Dangyang, Hubei, China",11 August 2016,"21 dead, 5 injured",High-pressure steam pipe burst during debugging,"Power plant closure, nearby companies shut down",,,,,,,,,,,,,,,,,,,,,,,,,,,,,,,,,,,,,,,,,,,,,,,,,,,,,,,,,,,,,,,,,,,,,,,,,,,,,,,,,,,,,,,,,,,,,,,,,,,,,,,,,,,,,,,,,,,,,,,,,,,,,,,,,,,,,,,,,,,,,,,,,,,,,,,,,,,2016 Dangyang explosion
"Naivasha, Kenya",11 December 2016,"43 dead, 50+ injured",Explosive chemicals truck losing control and exploding,,,,,,,,,,,,,,,,,,,,,,,,,,,,,,,,,,,,,,,,,,,,,,,,,,,,,,,,,,Mitsubishi Canter with Ugandan registration carrying industrial chemicals,,,,,,,,,,,,,,,,,,,,,,,,,,,,,,,,,,,,,,,,,,,,,,,,,,,,,,,,,,,,,,,,,,,,,,,,,,,,,,,,,,,,,,,,,,,,,,,,,,2016 Naivasha Traffic Fireball
"San Pablito Market, Tultepec, Mexico","December 20, 2016","At least 42 killed, dozens injured",Ignition of fireworks,,,,,,,,,,,,,,,,,,,,,,,,,,,,,,,,,,,,,,,,,,,,,,,,,,,,,,,,,,,Major destruction in the market area,,,,,,,,,,,,,,,,,,,,,,,,,,,,,,,,,,,,,,,,,,,,,,,,,,,,,,,,,,,,,,,,,,,,,,,,,,,,,,,,,,,,,,,,,,,,,,,,,2016 San Pablito Market fireworks explosion
"Ahmedpur East, Pakistan","June 25, 2017","219 dead, 34 injured",Tanker truck explosion due to fuel leakage ignition,,,,,,,,,,,,,,,,"Tanker truck carrying 50,000 litres of fuel overturned on N-5 National Highway, villagers looted fuel leading to explosion",,,,,,,,,,,,,,,,,,,,,,,,,,,,,,,,,,,,,,,,,,,,,,,,,,,,,,,,,,,,,,,,,,,,,,,,,,,,,,,,,,,,,,,,,,,,,,,,,,,,,,,,,,,,,,,,,,,,,,,,,,,,,,,,,,,,,,,,,,,,2017 Bahawalpur explosion
"Y-block of Defence, Lahore, Punjab, Pakistan",23 February 2017,10,Gas leak from cooking cylinder,,,,,,,,,,,"Blast in commercial market in affluent area, confusion initially thought to be a terror attack, skepticism over official explanation",,,,,,,,,,,,,,,,,,,,,,,,,,,,,,,,,,,,,,,,,,,,,,,,,,,,,,,,,,,,,,,,,,,,,,,,,,,,,,,,,,,,,,,,,,,,,,,,,,,,,,,,,,,,,,,,,,,,,,,,,,,,,,,,,,,,,,,,,,,,,,,,,2017 Lahore explosion
"Hinckley Road, Leicester",25 February 2018,"5 killed, 5 injured",Intentionally set fire for insurance claim,,,,,,,,,,,,,,,,,,,,,,,,,,,,,,,,,,,,,,,,,,,,,,,,,,,,,,,,,,,,"Major incident, culprits convicted and sentenced to life imprisonment, fraudulent insurance claim details",,,,,,,,,,,,,,,,,,,,,,,,,,,,,,,,,,,,,,,,,,,,,,,,,,,,,,,,,,,,,,,,,,,,,,,,,,,,,,,,,,,,,,,,,,,,,,,,2018 Leicester explosion
"Magnitogorsk, Chelyabinsk Oblast, Russia","December 31, 2018","39 dead, 17 injured",Gas explosion,,,,"Apartment block, 623 units, 12 staircases, collapse on 7th staircase, 48 units destroyed/damaged, 110 residents affected, building evacuated, risk of further collapses, rescue efforts, President Putin visit",,,,,,,,,,,,,,,,,,,,,,,,,,,,,,,,,,,,,,,,,,,,,,,,,,,,,,,,,,,,,,,,,,,,,,,,,,,,,,,,,,,,,,,,,,,,,,,,,,,,,,,,,,,,,,,,,,,,,,,,,,,,,,,,,,,,,,,,,,,,,,,,,,,,,,,,2018 Magnitogorsk building collapse
"115 block of North Duke Street, Durham, North Carolina","April 10, 2019","2 dead, 25 injured (including 9 firefighters)",,"Buildings destroyed, damage widespread","Lawsuits filed, evacuation efforts",,,Gas leak,,,,,,,,,,,,,,,,,,,,,,,,,,,,,,,,,,,,,,,,,,,,,,,,,,,,,,,,,,,,,,,,,,,,,,,,,,,,,,,,,,,,,,,,,,,,,,,,,,,,,,,,,,,,,,,,,,,,,,,,,,,,,,,,,,,,,,,,,,,,,,,,,,,,,,,2019 Durham gas explosion
"Hub, Balochistan, Pakistan",21 January 2019,"26 dead, 16 injured",,,,,,,,,,,,,,,,,,Collision between passenger bus and tank truck,,,,,,,,,,,,,,,,,,,,,,,,,,,,,,,,,,,,,,,,,,,,,,,,,,,,,,,,,,,,,,,,,,,,,,,,,,,,,,,,,,,,,,,,,,,,,,,,,,,,,,,,,,,,,,,,,,,,,,,,,,,,,,,,,,,,,,,,,,,2019 Hub accident
"6 Rue de Trevise, 9th arrondissement, Paris, France",12 January 2019,"4 dead, 47 injured (including 2 firefighters, a Spanish tourist, and another woman)",Gas leak,,,,,,,,,"Fire destroyed windows, overturned cars, trapped individuals, political context, legal repercussions",,,,,,,,,,,,,,,,,,,,,,,,,,,,,,,,,,,,,,,,,,,,,,,,,,,,,,,,,,,,,,,,,,,,,,,,,,,,,,,,,,,,,,,,,,,,,,,,,,,,,,,,,,,,,,,,,,,,,,,,,,,,,,,,,,,,,,,,,,,,,,,,,,,2019 Paris explosion
"Tlahuelilpan, Hidalgo, Mexico",18 January 2019,"137 dead, dozens injured",,,,,,Pipeline gasoline explosion due to fuel thieves,,,,,,,,,,,,,,,,,,,,,,,,,,,,,,,,,,,,,,,,,,,,,,,,,,,,,,,,2 hours,"Fuel theft has been a long-term issue in Mexico, worsened in the 2010s by organized crime involvement and corruption",,,,,,,,,,,,,,,,,,,,,,,,,,,,,,,,,,,,,,,,,,,,,,,,,,,,,,,,,,,,,,,,,,,,,,,,,,,,,,,,,,,,,,,,,,,,,,2019 Tlahuelilpan pipeline explosion
"Chenjiagang Chemical Industry Park, Xiangshui County, Yancheng, Jiangsu, China",21 March 2019,"78 killed, 617 injured",Chemical reaction or Fire,,"State Council involvement, Government investigation, Past incidents, Fines",,,,,,,,,,,,,,,,Severe casualties and injuries,,,,,,,,,,,,,,,,,,,,,,,,,,,,,,,,,,,,,,,,,,,,,Operated by Tianjiayi Chemical plant,,,,,,,,,,,,,,,,,,,,,,,,,,,,,,,,,,,,,,,,,,,,,,,,,,,,,,,,,,,,,,,,,,,,,,,,,,,,,,,,,,,,,,,,,,,,,2019 Xiangshui chemical plant explosion
"Ahmedabad, Gujarat, India",4 November 2020,"12 deaths, 9 injuries",Blast at chemical factory,,,,,,,,,,,,,,,,,,,,,,,,,,,,,,,,,,,,,,,,,,,,,,,,,,,,,,,,,,,,,,,,"60 firefighters, 24 fire engines deployed","Ex gratia of ₹4 lakh to families, investigation ordered by Chief Minister",,,,,,,,,,,,,,,,,,,,,,,,,,,,,,,,,,,,,,,,,,,,,,,,,,,,,,,,,,,,,,,,,,,,,,,,,,,,,,,,,,,,,,,,,,,2020 Ahmedabad chemical factory blast
"Port of Beirut, Lebanon",4 August 2020,"218 deaths, 7,000 injuries",Ammonium nitrate explosion,,,,,,,,,,,,,,,,,,,,,,,,,,,,,,,,,,,,,,,,,,,,,,,,,,,,,,,,,,,,,,,,,,US$15 billion,"300,000","Improper storage for 6 years, originally from MV Rhosus",Magnitude 3.3 seismic event,"Declared state of emergency, ordered demolition of grain silos",Two-week state of emergency,Protests erupted in Lebanon,Economic crisis pre-event,,,,,,,,,,,,,,,,,,,,,,,,,,,,,,,,,,,,,,,,,,,,,,,,,,,,,,,,,,,,,,,,,,,,,,,,,,,,,,,,,,,2020 Beirut explosion
"Yashashvi Rasayan Pvt. Ltd. chemical factory, Dahej, Gujarat, India",3 June 2020,"5 killed, 57 injured",,,,,,,,12:00,,,,,,,,,,,,,,,,,,,,,,,,,,,,,,,,,,,,,,,,,,,,,,,,,,,,,,,,,,,,,,,,,,,,,,,,,,,,,,,,,,,,,,,,,,,,,,,,,,,,,,,,,,,,,,,,,,,,,,,,,,,,,,,,,,,,,,,,,,,,,,,,,,,,,2020 Dahej chemical plant explosion
"Watson Grinding and Manufacturing, Houston, Texas, United States","January 24, 2020","3 deaths, 18 minor injuries reported, significant property damage","Suspected gas leak from a 2,000-US-gallon propylene tank",,,,,,,,,,,,"Debris scattered up to half a mile, 200 nearby houses and businesses damaged, multiple lawsuits, bankruptcy filed",,,,,,,,,,,,,,,,,,,,,,,,,,,,,,,,,,,,,,,,,,,,,,,,,,,,,,,,,,,,,,,,,,,,,,,,,,,,,,,,,,,,,,,,,,,,,,,,,,,,,,,,,,,,,,,,,,,,,,,,,,,,,,,,,,,,,,,,,,,,,,,,2020 Houston explosion
"Icheon, South Korea",29 April 2020,"39 dead, 10 injured",,,,,,Carbon monoxide poisoning,,,,,,,,,,,,,,,,,,,,,,,,,,,,,,,,,,,,,,,,,,,,,,,,,,,,,,,,,,,,,,,,,,,,,"4 above-ground, 2 underground",Absence of sprinklers,Irregular or subcontract workers,At least 10,Ongoing to determine safety violations,Fire at a refrigerated warehouse in Icheon in 2008,,,,,,,,,,,,,,,,,,,,,,,,,,,,,,,,,,,,,,,,,,,,,,,,,,,,,,,,,,,,,,,,,,,,,,,,,,,,,2020 Icheon fire
,,,,,,,,,,,,,,,,,,,,,,,,,,,,,,,,,,,,,,,,,,,,,,,,,,,,,,,,,,,,,,,,,,,,,,,,,,,,,,,,,,,Half of the city experienced a power outage due to the explosion,15 women and 4 men killed,,,,,,,,,,,,,,,,,,,,,,,,,,,,,,,,,,,,,,,,,,,,,,,,,,,,,,,,,,,,,,,,,,,,,,,,,,,2020 Iran explosions
"Baitus Salat Jame mosque, Narayanganj District, Bangladesh",4 September 2020,"31 dead, dozens injured",Gas leak from underground pipeline leading to explosion of air conditioning units,,,,,,,,,,,,,,,,,,,,,,,,,,,,,,,,,,,,,,,,,,,,,,,,,,,,,,,,,,,,,,,,,,,,,,,,,,,,,,,,,,8:30 pm local time,,,,,,,,,,,,,,,,,,,,,,,,,,,,,,,,,,,,,,,,,,,,,,,,,,,,,,,,,,,,,,,,,,,,,,,,,,2020 Narayanganj explosion
"Villa El Salvador, Lima, Peru","January 23, 2020","1 dead, several injured","Gas leak from truck transporting LPG, resulting in explosion",,,,,,,,,,,,,,,,,,,,,,,,,,,,,,,,,,,,,,,,,,,,,,,,,,,,,,,,,,,,,,,,,,,,,,,,,,,,,,,,,,,"Truck from Transgas company suffered accident, valve break leading to gas leak, truck driver unsuccessfully tried to repair and close valve, resulting deflagration and fires in the area",,,,,,,,,,,,,,,,,,,,,,,,,,,,,,,,,,,,,,,,,,,,,,,,,,,,,,,,,,,,,,,,,,,,,,,,,2020 Villa El Salvador explosion
"Volgograd, Russia","August 10, 2020",13 injuries,Gas station fire leading to explosion,,,,,,,,,,,,,,,,,,,,,,,,,,,,,,,,,,,,,,,,,,,,,,,,,,,,,,,,,,,,,,,,,,,,,,,,,,,,,,,,,,,,,,,,,,,,,,,,,,,,,,,,,,,,,,,,,,,,,,,,,,,,,,,,,,,,,,,,,,,,,,,,,,,,,,,,,,,,2020 Volgograd explosion
"Balongan oil refinery, Indramayu, West Java, Indonesia",29 March 2021,"1 dead, 5 seriously injured, 15 slightly injured, 3 missing",Large explosion and fire,"Shutdown of operations, no expected fuel supply disruptions, Greenpeace calls for investigation","Firefighting operations, investigation initiated",,,,Pertamina,,,,,,,,,,,,,,,,,,,,,,,,,,,,,,,,,,,,,,,,,,,,,,,,,,,,,,,,,,,,,,,,,,,,,,,,,,,,,,,,,,,,,,,,,,,,,,,,,,,,,,,,,,,,,,,,,,,,,,,,,,,,,,,,,,,,,,,,,,,,,,,,,,,,,,2021 Balongan refinery explosion
"Nkoantoma, Bata, Equatorial Guinea",7 March 2021,"107 dead, 613 injured",Negligently stored explosives on military base detonated,Significant infrastructural damage throughout the city,,,,,,,,,,,,,,,,,,,,,,,,,,,,,,,,,,,,,,,,,,,,,,,,,,,,,,,,,,,,,,,,,,,,,,,,,,,,,,,,,,,,,,,,,,,,,,,,,,,,,,,,,,,,,,,,,,,,,,,,,,,,,,,,,,,,,,,,,,,,,,,,,,,,,,,,,,,2021 Bata explosions
"Cameron, Texas","February 23, 2021",None,18-wheel truck hits BNSF train carrying chemicals,"Evacuation of nearby homes, structure burned","Fire extinguished, investigation conducted",,,,,,,,,,,,,,,,,,,,,,,,,,,,,,,,,,,,,,,,,,,,,,,,,,,,,,,,,,,,,,,,,,,,,,,,,,,,,,,,,,,,,,,,,,,,,,,,,,,,,,,,,,,,,,,,,,,,,,,,,,,,,,,,,,,,,,,,,,,,,,,,,,,,,,,,,,"2021 Cameron, Texas explosion"
"Chempark, Leverkusen, Germany","July 27, 2021","7 dead, 31 injured",Fire in storage tanks for solvents,"Toxic fallout expected (dioxin, PCB, furan), warnings to residents issued","Casualties were workers at the site, ongoing air pollution monitoring",,,,,,,,,,,,,,,,,,,,,,,,,,,,,,,,,,,,,,,,,,,,,,,,,,,,,,,,,,,,,,,,,,,,,,,,,,,,,,,,,,,,,,,,,,,,,,,,,,,,,,,,,,,,,,,,,,,,,,,,,,,,,,,,,,,,,,,,,,,,,,,,,,,,,,,,,,2021 Leverkusen explosion
"Calle de Toledo, Madrid, Spain",20 January 2021,"4 killed, 10 wounded",Gas leak in the street,,,,,,,,,,,,,,,,,,,,,,,,,,,,,,,,,,,,,,,,,,,,,,,,,,,,,,,,,,,,,,,,,,,,,,,,,,,,,,,,,,,,,,,,,,,,,,,,,,,,,,,,,,,,,,,,,,,,,,,,,,,,,,,,,,,,,,,,,,,,,,,,,,,,,,,,,,,,2021 Madrid explosion
"Ravanusa, Italy","December 11, 2021","9 dead, 2 injured, 100 displaced",Gas leak explosion,"4 buildings collapsed, 3 damaged, 11 missing","Search and rescue operations, victims found over days",,,,,,,,,,,,,,,,,,,,,,,,,,,,,,,,,,,,,,,,,,,,,,,,,,,,,,,,,,,,,,,,,,,,,,,,,,,,,,,,,,,,,,,,,,,,,,,,,,,,,,,,,,,,,,,,,,,,,,,,,,,,,,,,,,,,,,,,,,,,,,,,,,,,,,,,,,2021 Ravanusa explosion
"Yanhu Community, Checheng Road Subdistrict, Zhangwan District, Shiyan, Hubei",13 June 2021,"25 deaths, 138 injuries",Gas line explosion,,,,,,,,,,,,,,,,,,,,,,,,,,,,,,,,,,,,,,,,,,,,,,,,,,,,,,,,,,,,,,,,,,,,,,,,,,,,,,,,,,,,"Market, building collapsed",,,,,,,,,,,,,,,,,,,,,,,,,,,,,,,,,,,,,,,,,,,,,,,,,,,,,,,,,,,,,,,,,,,,,,,,2021 Shiyan pipeline explosion
"Tarkwa-Bogoso-Ayamfuri road, Western Region, Ghana","January 20, 2022","13 dead, 200 injured",Truck with mining explosives collided with motorcycle,"Apiate village leveled, 500 buildings damaged, 100 road vehicles destroyed, 380 residents left without shelter","Emergency services yet to reach scene, conflicting reports on escort vehicles, 45 received in-patient treatment","Truck operated by Maxam transporting 10 tons of mining explosives, Kinross Gold-owned Chirano Gold Mine",,,,,,,,,,,,,,,,,,,,,,,,,,,,,,,,,,,,,,,,,,,,,,,,,,,,,,,,,,,,,,,,,,,,,,,,,,,,,,,,,,,,,,,,,,,,,,,,,,,,,,,,,,,,,,,,,,,,,,,,,,,,,,,,,,,,,,,,,,,,,,,,,,,,,,,,,2022 Bogoso explosion
"Abbeystead, Lancashire, England","May 23, 1984","16 killed, several severely injured",Methane gas explosion in waterworks valve house,,,,,,,,,,,"Methane seeped from coal deposits, built up in pipeline, sudden water pressure ejected gas, official inquiry, part of Lancashire conjunctive use scheme by NWWA",,,,,,,,,,,,,,,,,,,,,,,,,,,,,,,,,,,,,,,,,,,,,,,,,,,,,,,,,,,,,,,,,,,,,,,,,,,,,,,,,,,,,,,,,,,,,,,,,,,,,,,,,,,,,,,,,,,,,,,,,,,,,,,,,,,,,,,,,,,,,,,,,Abbeystead disaster
"Allerton Bywater, England","March 10, 1930","5 miners, 1 pit pony killed",Coal dust and firedamp ignition,,,,,,,,,,,,,,,,,,,,,,,,,,,,,,,,,,,,,,,,,,,,,,,,,,,,,,,,,,,,,,,,,,,,,,,,,,,,,,,,,,,,,"Airedale Collieries Ltd., Old East District, Silkstone Seam, 4-foot-9-inch thick seam, shot hole details",,,,,,,,,,,,,,,,,,,,,,,,,,,,,,,,,,,,,,,,,,,,,,,,,,,,,,,,,,,,,,,,,,,,,,,Allerton Bywater colliery explosion
"Arzamas, Soviet Union","June 4, 1988","91 dead, 1,500 injured",Violation of loading and transport rules of explosives,"151 buildings destroyed, 250 meters of railway track damaged",,,,,,,,,,,,,,,,,,,,,,,,,,,,,,,,,,,,,,,,,,,,,,,,,,,,,,,,,,,,,,,,,,,,,,,,,,,,,,,,,,,,,"Theories of a terrorist act, possible foreign special services involvement",,,,,,,,,,,,,,,,,,,,,,,,,,,,,,,,,,,,,,,,,,,,,,,,,,,,,,,,,,,,,,,,,,,,,,Arzamas train disaster
"Atomic Junction, Madina, Accra, Ghana","October 7, 2017","7 dead, 132 injured",,Nearby Total Filling Station caught fire,"Evacuation of residents, presence of emergency services, unknown source, property damage",,,Liquefied natural gas station explosion,,,,,,,,,,,,,,,,,,,,,,,,,,,,,,,,,,,,,,,,,,,,,,,,,,,,,,,,,,,,,,,,,,,,,,,,,,,,,,,,,,,,,,,,,,,,,,,,,,,,,,,,,,,,,,,,,,,,,,,,,,,,,,,,,,,,,,,,,,,,,,,,,,,,,,,Atomic Junction Gas Explosion
"Avonmouth, Bristol, UK",3 December 2020,"4 dead, 1 injured (including a 16-year old)",Silo containing biosolids exploded,,"Major incident declared, emergency services response, ongoing investigation as of December 2021",,,,,,,,,,,,,,,,,,,,,,,,,,,,,,,,,,,,,,,,,,,,,,,,,,,,,,,,,,,,,,,,,,,,,,,,,,,,,,,,,,,,,"Operated by GENeco, a subsidiary of Wessex Water, products include biomethane produced by anaerobic digestion",,,,,,,,,,,,,,,,,,,,,,,,,,,,,,,,,,,,,,,,,,,,,,,,,,,,,,,,,,,,,,,,,,,,,Avonmouth explosion
"Ibn al-Khatib hospital, Baghdad, Iraq","April 24-25, 2021",82 dead,Explosion of oxygen tanks for COVID-19 patients,,,,,,,,,,,,,,,,,,,110,,,,,,,,,,,,,,,,,,,,,,,,,,,,,,,,,,,,,,,,,,,,,,,,,,,,,,,,,,,,,,,,,,,,,,,,,,,,,,,,,,,,,,,,,,,,,,,,,,,,,,,,,,,,,,,,,,,,,,,,,,,,,,,,,,,,,,,,,Baghdad hospital fire
"Benton, Tennessee","May 27, 1983","11 dead, 1 injured",Explosion at illegal fireworks factory,,,,"21 individuals convicted including the factory owner, deadliest event in US history involving illegal fireworks",,,,,,,,,,,,,,,,,,,,,,,,,,,,,,,,,,,,,,,,,,,,,,,,,,,,,,,,,,,,,,,,,,,,,,,,,,,,,,,,,,,,"Largest illegal fireworks operation in US history, national attention, federal investigation, multiple convictions",,,,,,,,,,,,,,,,,,,,,,,,,,,,,,,,,,,,,,,,,,,,,,,,,,,,,,,,,,,,,,,,,,,,Benton fireworks disaster
"CSX Transportation Big Bayou Canot Bridge, Mobile, Alabama, US","September 22, 1993","47 killed, 103 injured",,,,,,,,,,,,,,,,,,,,,,,,,,,,,,,,,,,,,,,,,,,,,,,,,,,,,,,,,,,,,,,,,,,,,,,,,,,,,,,,,,,,,,,,,,Barge collision leading to displacement of span and deformation of rails,Deadliest Amtrak train wreck in history,,,,,,,,,,,,,,,,,,,,,,,,,,,,,,,,,,,,,,,,,,,,,,,,,,,,,,,,,,,,,,,,,,Big Bayou Canot rail accident
"Braamfontein, Johannesburg",19 February 1896,"Over 70 killed, 200+ injured",Impact of shunter on train with dynamite,,,,"Crater left, heard up to 200 km away, 3000 people homeless, suburbs damaged, memorial at cemetery, artist tribute",,,,,,,,,,,,,,,,,,,,,,,,,,,,,,,,,,,,,,,,,,,,,,,,,,,,,,,,,,,,,,,,,,,,,,,,,,,,,,,,,,,,,,,,,,,,,,,,,,,,,,,,,,,,,,,,,,,,,,,,,,,,,,,,,,,,,,,,,,,,,,,,,,,,,,,,Braamfontein Explosion
"Brazzaville, Republic of the Congo",4 March 2012,"300+ killed, 2,500+ injured, 121,000 homeless",Fire at army arms dump,"$672 million in damages, widespread destruction, hospitals overwhelmed","Defense Minister urged calm, many trapped in collapsed buildings, significant damage",,,,,,,,,,,,,,,,,,,,,,,,,,,,,,,,,,,,,,,,,,,,,,,,,,,,,,,,,,,,,,,,,,,,,,,,,,,,,,,,,,,,,,,,,,,,,,,,,,,,,,,,,,,,,,,,,,,,,,,,,,,,,,,,,,,,,,,,,,,,,,,,,,,,,,,,,,Brazzaville arms dump blasts
"Brescia, Italy","August 18, 1769","Varies (reported up to 6,000)",Lightning strike on gunpowder store,,,,,,,,,,,,,,,,,,"Extensive destruction, many deaths",,,,,,,,,,,,,,,,,,,,,,,,,,,,,,,,,,,,,,,,,,,,,,,,,,,,,,,,,,,,,,,,,,,,,,,,,"90,000 kg stored by Republic of Venice",,,,,,,,,,,,,,,,,,,,,,,,,,,,,,,,,,,,,,,,,,,,,,,,,,,,,,,,,,,,,,,,,Brescia explosion
"Hertfordshire, England","December 11, 2005",Not specified,Fuel-air explosion in a vapour cloud,,,TOTAL UK Limited and Texaco owned oil storage terminal,,,,,,,,,,,,,,,,,,,,,,,,,,,,,,,,,,,,,,,,,,,,,,,,,,,,,,,,,,,,,,,,,,,,,,,,,,,,,,,,,,,,,,,,,,,,,,,,,,,,,,,,,,,,,,,,,,,,,,,,,,,,,,,,,,,,,,,,,,,,,,,,,,,,,,,,,Buncefield fire
"Qala, Gozo, Malta",7 September 1984,7 dead,Illegal fireworks explosion during dumping operation,,,,,,,,"Patrol boat C23 severely damaged, 5 soldiers and 2 policemen killed, only survivor severely injured, boat repaired and returned to service with name P23, later decommissioned",,,,,,,,,,,,,,,,,,,,,,,,,,,,,,,,,,,,,,,,,,,,,,,,,,,,,,,,,,,,,,,,,,,,,,,,,,,,,,,,,,,,,,,,,,,,,,,,,,,,,,,,,,,,,,,,,,,,,,,,,,,,,,,,,,,,,,,,,,,,,,,,,,,,C23 tragedy
"Cali, Colombia","August 7, 1956","1,300+ dead, 4,000+ injured",Explosion of 7 army ammunition trucks loaded with dynamite,"Destruction of 41 blocks, 50m wide crater, 6 affected districts",,,,,,,,,,,,,,,,,,,,,,,,,,,,,,,,,,,,,,,,,,,,,,,,,,,,,,,,,,,,,,,,,,,,,,,,,,,,,,,,,,,,,,,,,,,,,,,,,,,,,,,,,,,,,,,,,,,,,,,,,,,,,,,,,,,,,,,,,,,,,,,,,,,,,,,,,,,Cali explosion
"Celaya, Mexico","September 26, 1999","63 killed, 348 injured",Detonation of illegally stored fireworks and gunpowder,,,,"Arrests of inspectors and business owners, government investigation",,,,,,,,,,,,,,,,,,,,,,,,,,,,,,,,,,,,,,,,,,,,,,,,,,,,,,,,,,,,,,,,,,,,,,,,,,,,,,,,,,,,,,,,,,,,,,,,,,,,,,,,,,,,,,,,,,,,,,,,,,,,,,,,,,,,,,,,,,,,,,,,,,,,,,,,Celaya fireworks disaster
"Kurchaloi near Grozny, Chechnya","February 8, 2006","13 killed, 28 injured",Possible gas leak,Building collapse,,,"Investigation, potential gas leak confirmation, separatist responses",,,,,,,,,,,,,,,,,,,,,,,,,,,,,,,,,,,,,,,,,,,,,,,,,,,,,,,,,,,,,,,,,,,,,,,,,,,,,,,,,,,,,,,,,,,,,,,,,,,,,,,,,,,,,,,,,,,,,,,,,,,,,,,,,,,,,,,,,,,,,,,,,,,,,,,,Chechnya Spetsnaz base explosion
"Tarragona, Catalonia, Spain",14 January 2020,"3 dead, 7 injured",Explosion at Chemical Industries of Ethylene Oxide site,"Fire, large smoke plume, 500-metre exclusion zone, closures, confined residents","Firefighter deployment, controlled burning of propylene oxide, off-site fatalities, investigation",,,,,,,,,,,,,,,,,,,,,,,,,,,,,,,,,,,,,,,,,,,,,,,,,,,,,,,,,,,,,,,,,,,,,,,,,,,,,,,,,,,,,,,,,,"Operated by IQOXE, producer of ethylene oxide, covered by Seveso-III directive",,,,,,,,,,,,,,,,,,,,,,,,,,,,,,,,,,,,,,,,,,,,,,,,,,,,,,,,,,,,,,,,Chemical Industries of Ethylene Oxide explosion
"Wulong District, Chongqing, China",7 January 2022,"16 dead, 10 injured",Gas leak in canteen building,,,,,,,,,,,,,,,,,,,,,,,,,,,,,,,,,,,,,,,,,,,,,,,,,,,,,,,,,,,,,,,,,,,,,,,,,,,,,,,,,,,,,,,,,,,,,,,,,,,,,,,,,,,,,,,,,,,,,,,,,,,,,,,,,,,,,,,,,,,,,,,,,,,,,,,,,,,,Chongqing explosion
"Clarkston, East Renfrewshire, Scotland",21 October 1971,21 or 22 deaths,Gas main leak,,,,"Inquiry held, verdict of no fault assigned, plaque and tribute for victims",,,,,,,"Gas build-up in underground space, accidental ignition, shops destroyed",,,,,,,,,,,,,,,,,,,,,,,,,,,,,,,,,,,,,,,,,,,,,,,,,,,,,,,,,,,,,,,,,,,,,,,,,,,,,,,,,,,,,,,,,,,,,,,,,,,,,,,,,,,,,,,,,,,,,,,,,,,,,,,,,,,,,,,,,,,,,,,,,Clarkston explosion
"Cork, Ireland",3 November 1810,"22 killed, over 40 injured",Gunpowder stored in labourer's house,,,,"Disaster fund opened, £12,000 subscribed, warnings by local newspaper",,,,,,,,,,,,,,,,,,,,,,,,,,,,,,,,,,,,,,,,,,,,,,,,,,,,,,,,,,,,,,,,,,,,,,,,,,,,,,,,,,,,,,,,,Employees from Ballincollig Royal Gunpowder Mills stealing gunpowder for sale,,,,,,,,,,,,,,,,,,,,,,,,,,,,,,,,,,,,,,,,,,,,,,,,,,,,,,,,,,,,,,,Cork gunpowder explosion
"Cádiz, Spain",18 August 1947,"147 dead, 5,000 injured","Explosion of 1,737 sea mines, torpedoes, and depth charges",,,"200 tonnes of TNT and amatol, Base de Defensas Submarinas storage depot. Significant damage to populated areas including San Severiano and San José. Destruction of various buildings and shipyard. Suspected sabotage.",,,,,,,,,,,,,,,,,,,,,,,,,,,,,,,,,,,,,,,,,,,,,,,,,,,,,,,,,,,,,,,,,,,,,,,,,,,,,,,,,,,,,,,,,,,,,,,,,,,,,,,,,,,,,,,,,,,,,,,,,,,,,,,,,,,,,,,,,,,,,,,,,,,,,,,,,C谩diz Explosion
"Delft, Netherlands",,,,,,,,,,,,,,,,,,,,,,,"Dutch Golden Age, birthplace of microbiology",,,,,,,,,,,,,,,,,,,,,,,,,,,,,,,,,,,,,,,,,,,,,,,,,,,,,,,,,,,,,,,,,,,,,,,,,,"House of Orange-Nassau, blue pottery, Jan Vermeer, Delft University of Technology",,,,,,,,,,,,,,,,,,,,,,,,,,,,,,,,,,,,,,,,,,,,,,,,,,,,,,,,,,,,,,Delft Explosion聽
"Cliff of Dschang, Santchou, Cameroon","January 27, 2021","53 killed, 29 injured",,,,,,,,,,,,,,,,,,Collision due to brake problem and fog,,,,,,,,,,,,,,,,,,,,,,,,,,,,,,,,,,,,,,,,,,,,,,,,,,,,,,,,,,,,,,,,,,,,,,,,,,,,,,Passenger bus vs. fuel-carrying truck,Governor mentioned fog and brake issue; Transport Minister attributed negligence in fuel transport,,,,,,,,,,,,,,,,,,,,,,,,,,,,,,,,,,,,,,,,,,,,,,,,,,,,,,,,,,,,Dschang bus-truck crash
"Dublin, Ireland",11 March 1597,"126 dead, numerous injured",Accidental gunpowder explosion,,,,,,,,,,,,,,,,,,,,,"Destruction of 40 houses, rebuilding efforts, significant expansion of Dublin",,,,,,,,,,,,,,,,,,,,,,,,,,,,,,,,,,,,,,,,,,,,,,,,,,,,,,,,,,,,,,,,,,,,,,,,,,,,,,,,,,,,,,,,,,,,,,,,,,,,,,,,,,,,,,,,,,,,,,,,,,,,,,,,,,,,,,,Dublin gunpowder explosion
"Enschede, Netherlands",13 May 2000,"23 dead, 1,000 injured",Fire at S.E. Fireworks depot leading to huge explosions,"400 homes destroyed, 1,500 buildings damaged, 1,250 people homeless, asbestos released into the air","Fire crews from Germany, area around warehouse destroyed, 10,000 residents evacuated",,,,,,,,,,,,,,,,,,,,,,,,,,,,,,,,,,,,,,,,,,,,,,,,,,,,,,,,,,,,,,,,,,,,,,,,,,,,,,,,,,,,,,,,,,,,,,,,,,,,,,,,,,,,,,,,,,,,,,,,,,,,,,,,,,,,,,,,,,,,,,,,,,,,,,,,,,Enschede fireworks disaster
"Longford, Victoria, Australia",25 September 1998,"2 dead, 8 injured",Pump failure leading to gas explosion,Disruption of gas supplies for two weeks,,,,,Esso (ExxonMobil subsidiary),,,,,,,,,,,,,,,,,,,,,,,,,,,,,,,,,,,,,,,,,,,,,,,,,,,,,,,,,,,,,,,,,,,,,,,,,,,,,,,,,,,,,,,,,,,,,,,,,,,,,,,,,,,,,,,,,,,,,,,,,,,,,,,,,,,,,,,,,,,,,,,,,,,,,,Esso Longford gas explosion
"Evangelos Florakis Naval Base, Mari, Larnaca, Cyprus",11 July 2011,"13 dead, 62 injured",Self-detonation of military ammunition and explosives,,,"98 containers of high explosive artillery shells, gunpowder, primers, and seized explosives",,,,,,,,,,,,,,,,,,,,,,,,,,,,,,,,,,,,,,,,,,,,,,,,,,,,,,,,,,,,,,,,,,,,,,,,,,,,,,,,,,,,,,,,,,,,,,,,,,,,,,,,,,,,,,,,,,,,,,,,,,,,,,,,,,,,,,,,,,,,,,,,,,,,,,,,,Evangelos Florakis Naval Base explosion
"Dhaka, Bangladesh",20 February 2019,"80 dead, 50 injured",Gas cylinder explosion in road accident,"Spread to buildings, deaths, injuries","Fire reported at 22:38, under control by 03:00, ban on chemical warehouses in the city",,,,,,,,,,,,,,,,,,,,,,,,,,,,,,,,,,,,,,,,,,,,,,,,,,,,,,,,,,,,,,,,,,,,,,,,,,,,,,,,,,,,,,,,,,,,,,,,,,,,,,,,,,,,,,,,,,,,,,,,,,,,,,,,,,,,,,,,,,,,,,,,,,,,,,,,,,February 2019 Dhaka fire
,,,,,,,,,,,,,,,,,,,,,,,,,,,,,,,,,,,,,,,,,,,,,,,,,,,,,,,,,,,,,,,,,,,,,,,,,,,,,,,,,,,,,,,,,,,,,,,,,,,,Nypro UK and British National Coal Board chemical plant; production of caprolactam from cyclohexanone,Additional Information: Casualty figures could have been higher on a weekday; lack of mechanical engineering expertise in management; impact on UK process safety regulations and Seveso Directive in Europe; change in plant production from fertiliser to caprolactam,,,,,,,,,,,,,,,,,,,,,,,,,,,,,,,,,,,,,,,,,,,,,,,,,,,,,,,,,,Flixborough Disaster
"Formosa Fun Coast, New Taipei City, Taiwan",27 June 2015,"508 injured, 15 dead, 199 critical condition",Dust fire,Airborne corn starch ignited,,,,,,,,,,,,,,,,,,,,,,,,,,,,,,,,,,,,,,,,,,,,,,,,,,,,,,,,,,,,,,,,,,,,,,,,,,,,,,,,,,,,,,,,,,,,,,,,,,,,,,,,,,,,,,,,,,,,,,,,,,,,,,,,,,,,,,,,,,,,,,,,,,,,,,,,,,,Formosa Fun Coast explosion
"Freetown, Sierra Leone",5 November 2021,"151 deaths, 304 injuries",Collision between fuel tanker and lorry leading to explosion and fire,,,,,,,,,,,,,,,,,,,,,,,,,,,,,,,,,,,,,,,,,,,,,,,,,,,,,,,,,,,,,,,,,,,,,,,,,,,,,,,,,,,,,,,,,,,,,,,,,,,,,,,,,,,,,,,,,,,,,,,,,,,,,,,,,,,,,,,,,,,,,,,,,,,,,,,,,,,,Freetown fuel tanker explosion
"Sanko University Hospital, Gaziantep, Turkey",19 December 2020,9,,,,,,Oxygen cylinder explosion,,4:45am,,,,,,,,,,,,,,,,,,,,,,,,,,,,,,,,,,,,,,,,,,,,,,,,,,,,,,,,,,,,,,,,,,,,,,,,,,,,,,,,,,,,,,,,,,,,Intensive Care Unit (COVID-19 patients),,,,,,,,,,,,,,,,,,,,,,,,,,,,,,,,,,,,,,,,,,,,,,,,,,,,,,,,,Gaziantep hospital fire
"Gbomblora, Gbomblora Department, Burkina Faso",21 February 2022,"60 killed, 100+ injured",Likely related to gold treatment chemicals,Major and smaller explosions occurred at the mine,,,,,,,,,,,,,,,,,,,,,,,,,,,,,,,,,,,,,,,,,,,,,,,,,,,,,,,,,,,,,,,,,,,,,,,,,,,,,,,,,,,,,,,,,,,,,,,,,,,,,,,,,,,,,,,,,,,,,,,,,,,,,,,,,,,,,,,,,,,,,,,,,,,,,,,,,,,Gbomblora explosion
"Newcastle and Gateshead, North East England","October 6, 1854","53 killed, hundreds injured",Fire and explosion,,,,,,,,,,,Mill premises of Messrs. J. Wilson & Sons,,,,,,,,,,,,,,,,,,,,,,,,,,,,,,,,,,,,,,,,,,,,,,,,,,,,,,,,,,,,,,,,,,,,,,,,,,,,,,,,,,,,,,,,,,,,,,,,,,,,,,,,,,,,,,,,,,,,,,,,,,,,,,,,,,,,,,,,,,,,,,,,,Great fire of Newcastle and Gateshead
"Whitemarsh Township, Pennsylvania (between Camp Hill station and Fort Washington station)","July 17, 1856","59-67 dead, 100+ injured",Collision of two trains on same track traveling in converging directions,,,,,,,,,,,,,,,,"Deadliest railroad catastrophe at the time, referred to as The Camp Hill Disaster and The Picnic Train Tragedy",,,,,,,,,,,,,,,,,,,,,,,,,,,,,,,,,,,,,,,,,,,,,,,,,,,,,,,,,,,,,,,,,,,,,,,,,,,,,,,,,,,,,,,,,,,,,,,,,,,,,,,,,,,,,,,,,,,,,,,,,,,,,,,,,,,,,,,,,,,,Great Train Wreck of 1856
"Halifax, Nova Scotia, Canada",6 December 1917,"1,782 dead, 9,000 injured","SS Mont-Blanc colliding with SS Imo, explosion","Massive devastation, largest human-made explosion at the time, 2.9 kilotons of TNT equivalent","Hospitals overwhelmed, relief efforts, widespread damage",,,,,,,,,,,,,,,,,,,,,,,,,,,,,,,,,,,,,,,,,,,,,,,,,,,,,,,,,,,,,,,,,,,,,,,,,,,,,,,,,,,,,,,,,,,,,,,,,,,,,,,,,,,,,,,,,,,,,,,,,,,,,,,,,,,,,,,,,,,,,,,,,,,,,,,,,,Halifax Explosion
"Hitrino, Shumen Province, Bulgaria","December 10, 2016","7 dead, 29 injured","Derailment, explosion, fire","50 buildings engulfed, evacuation ordered","150 firefighters extinguished blaze, injured taken to Shumen and Varna hospitals","Bulmarket freight train carrying propane-butane and propylene derailed, struck a power line pole, ignited, and exploded",,,,,,,,,,,,,,,,,,,,,,,,,,,,,,,,,,,,,,,,,,,,,,,,,,,,,,,,,,,,,,,,,,,,,,,,,,,,,,,,,,,,,,,,,,,,,,,,,,,,,,,,,,,,,,,,,,,,,,,,,,,,,,,,,,,,,,,,,,,,,,,,,,,,,,,,,Hitrino train derailment
"Calgary, Alberta","August 9, 1999",2 fatalities,Industrial accident,,,,,,,,,,,,,,,,,,,,,,,,,,,,,,,,,,,,,,,,,,,,,,,,,,,,,,,,,,,,,,,,,,,,,,,,,,,,,,,,,,,,,,,,,,,,,,,,,,,,"Hub Oil Company Ltd. - Recycling used lubricating oil, oil filters, plastic oil containers, and antifreeze, products, and sales",,,,,,,,,,,,,,,,,,,,,,,,,,,,,,,,,,,,,,,,,,,,,,,,,,,,,,,,Hub Oil explosion
"Humberto Vidal shoe store, Río Piedras, Puerto Rico","November 21, 1996","33 dead, 69 wounded","Gas explosion, building collapse",,,,,,,,,,,,,,,,,,,,,,,,,,,,,,,,,,,,,,,,,,,,,,,,,,,,,,,,,,,,,,,,,,,,,,,,,,,,,,,,,,,,,,,,,,,,,,,,,,,,,"Federal aid, NTSB investigation, denial of responsibility by San Juan Gas Company",,,,,,,,,,,,,,,,,,,,,,,,,,,,,,,,,,,,,,,,,,,,,,,,,,,,,,,Humberto Vidal explosion
"Davutpaşa, Istanbul, Turkey",1 February 2008,"22 dead, 100+ injured",Accidental explosion at unlicensed fireworks factory,,,,,,,,"Multistory workshop complex shared with paint, socks, and textiles manufacturers, two separate explosions reported, building partially collapsed, factory operating illegally despite prior shutdowns",,,,,,,,,,,,,,,,,,,,,,,,,,,,,,,,,,,,,,,,,,,,,,,,,,,,,,,,,,,,,,,,,,,,,,,,,,,,,,,,,,,,,,,,,,,,,,,,,,,,,,,,,,,,,,,,,,,,,,,,,,,,,,,,,,,,,,,,,,,,,,,,,,,,Istanbul fireworks explosion
"Musalmiya, northern Syria near Aleppo",26 July 2007,"15 killed, 50 wounded","Accidental detonation of ammunition dump, possibly caused by Syrian chemical weapons experiment",,,,,,,,"Explosion allegedly occurred at a military missile base due to explosive materials igniting, discrepancies in official explanation reported",,,,,,,,,,,,,,,,,,,,,,,,,,,,,,,,,,,,,,,,,,,,,,,,,,,,,,,,,,,,,,,,,,,,,,,,,,,,,,,,,,,,,,,,,,,,,,,,,,,,,,,,,,,,,,,,,,,,,,,,,,,,,,,,,,,,,,,,,,,,,,,,,,,,July 2007 Syrian arms depot explosion
"Kafr El Zayat, Egypt",10 December 2013,"14 killed, 6 injured",Fuel truck explosion,,,,,,,,,,,,,,,,,,,,,,,,,,,,,,,,,,,,,,,,,,,,,,,,,,,,,,,,,,,,,,,,,,,,,,,,,,,,,,,,,,,,,,,,,,,,,,,,,,,,,,,,,,,,,,,,,,,,,,,,,,,,,,,,,,,,,,,,,,,,,,,,,,,,,,,,,,,,Kafr Elle Zayat fuel truck explosion
"Kōriyama, Fukushima Prefecture, Japan",30 July 2020,"1 death, 19 injured",Suspected propane cylinder failure,,,,"Investigation ongoing, damage to surrounding buildings reported",,,,,,,,,,,,,,,,,,,,,,,,,,,,,,,,,,,,,,,,,,,,,,,,,,,,,,,,,,,,,,,,,,,,,,,,,,,,,,,,,,,,,,,,,,,,,,,,,,Up to 450 meters away from the epicenter,,,,,,,,,,,,,,,,,,,,,,,,,,,,,,,,,,,,,,,,,,,,,,,,,,,,,,K艒riyama explosion
"Lac-Mégantic, Quebec, Canada","July 6, 2013",47 dead,Unattended train derailment,,,,,,,,,,,,,,,,,,,,,,,,,,,,,,,,,,,,,,,,,,,,,,,,,,,,,,,,,,,,,,,,,,,,,,,,,,,,,,,,,,,,,,,,,,,,,,,,,,,,,,,"30 buildings destroyed, petroleum contamination","Train left unattended, insufficient brakes, lack of safety mechanism","Montreal, Maine and Atlantic Railway operations in the area",,,,,,,,,,,,,,,,,,,,,,,,,,,,,,,,,,,,,,,,,,,,,,,,,,,Lac-M茅gantic rail disaster
"LaSalle, Quebec, Canada","March 1, 1965","28 dead, 39 injured",Gas line explosion,,,,"Homeless, left for work, details of affected units",,,,,,,,,,,,,,,,,,,,,,,,,,,,,,,,,,,,,,,,,,,,,,,,,,,,,,,,,,,,,,,,,,,,,,,,,,,,,,,,,,,,,,,,,,,,,,,,,,,,,,"Low-cost housing units, constructed in 1955-1956, 678 units, rents ranged from $30-$57, 25 'U'-shaped buildings",,,,,,,,,,,,,,,,,,,,,,,,,,,,,,,,,,,,,,,,,,,,,,,,,,LaSalle Heights disaster
"Kemerovo Oblast, Russia",25 November 2021,"Over 40 miners suffocated, 5 rescuers killed",Smoke from fire in ventilation shaft,,"Last inspected on November 19, miners complained of methane levels, previous fire reported",,,,,,,,,,,"Part of SDS-Holding, owned by Siberian Business Union",,,,,,,,,,,,,,,,,,,,,,,,,,,,,,,,,,,,,,,,,,,,,,,,,,,,,,,,,,,,,,,,,,,,,,,,,,,,,,,,,,,,,,,,,,,,,,"Methane explosion in 2004, Vorkuta mine disaster in 2016",,,,,,,,,,,,,,,,,,,,,,,,,,,,,,,,,,,,,,,,,,,,,,,,,Listvyazhnaya mine disaster
"Alcanar, near Tarragona, Spain",11 July 1978,"217 killed, 200 severely burned",Highly flammable propylene in tanker truck,,,Enpetrol refinery in La Pobla de Mafumet loaded truck with propylene over design load,,,Cisternas Reunidas S.A.,,,,,,,,,,,,,,,,,,,,,,,,,,,,,,,,,,,,,,,,,,,,,,,,,,,,,,,,,,,,,,,,,,,,,,,,,,,,,,,,,,,,,,,,,,,,,,,,,,,,,,,,,,,,,,,,,,,,,,,,,,,,,,,,,,,,,,,,,,,,,,,,,,,,,,Los Alfaques disaster
"Louisville, Kentucky, United States","February 13, 1981",4 injured,Ignition of hexane vapors from Ralston-Purina plant,,,,,,,,,,,,,,,,,,,,,,,,,,,,,,,,,,,,,,,,,,,,,,,,,,,,,,,,,,,,,,,,,,,,,,,,,,,,,,,,,,,,,,,,,,,,,,,,,,,,,,,,,,,,"Extensive damage, 13 miles of sewer lines and streets destroyed",About two years,Ralston-Purina,$85 million,"Lawsuit settlement, guilty plea, federal fines",,,,,,,,,,,,,,,,,,,,,,,,,,,,,,,,,,,,,,,,,,,,Louisville sewer explosions
"Magude, Portuguese Mozambique",27 March 1974,"70 dead, 200 injured",Head-on collision of passenger and freight trains,,,,,,,,,President Tolbert sends condolences,,,,,,,,,,,,,,,,,,,,,,,,,,,,,,,,,,,,,,,,,,,,,,,,,,,,,,,,,,,,,,,,,,,,,,,,,,,,,,,,,,,,,,,,,,,,,,,,,,,,,,,,,,,,,,,,,,,,,,,,,,,,,,,,,,,,,,,,,,,,,,,,,,,Magude train disaster
"Kongo Central, Democratic Republic of the Congo",6 October 2018,"At least 39 dead, 100+ injured",Traffic collision and explosion of tank truck in Mbuba village,,,,,,,,,,,,,,,"Villagers collecting leaked fuel leading to explosion, destruction of houses, MONUSCO sending ambulances to Kisantu for evacuations",,,,,,,,,,,,,,,,,,,,,,,,,,,,,,,,,,,,,,,,,,,,,,,,,,,,,,,,,,,,,,,,,,,,,,,,,,,,,,,,,,,,,,,,,,,,,,,,,,,,,,,,,,,,,,,,,,,,,,,,,,,,,,,,,,,,,,,,,,,,,Mbuba road tanker explosion
"Memphis, Tennessee","December 23, 1988","9 dead, 10 injured",Ruptured propane tanker truck causing massive fire,,,"Interstate 40/Interstate 240 interchange, poorly designed, rebuilt in the 2000s, previously unsafe",,,,,,,,,,,,,,,,,,,,,,,,,,,,,,,,,,,,,,,,,,,,,,,,,,,,,,,,,,,,,,,,,,,,,,,,,,,,,,,,,,,,,,,,,,,,,,,,,,,,,,,,,,,,,,,,,,,,,,,,,,,,,,,,,,,,,,,,,,,,,,,,,,,,,,,,,Memphis tanker truck disaster
"Lawrence, Andover, and North Andover, Massachusetts, United States","September 13, 2018","1 killed (Leonel Rondon), 30,000 forced to evacuate",Excessive pressure in natural gas lines owned by Columbia Gas of Massachusetts,,,"Distribution network, high-pressure main pipeline, regulators, faulty procedure",,,,,,,,,,,,,,,,,,,,,,,,,,,,,,,,,,,,,,,,,,,,,,,,,,,,,,,,,,,,,,,,,,,,,,,,,,,,,,,,,,,,,,,,,,,,,,,,,,,,,,,,,,,,,,,,,,,,,,,,,,,,,,,,,,,,,,,,,,,,,,,,,,,,,,,,,Merrimack Valley gas explosions
"La Merced Market, Mexico City","December 12, 1988",60+,Illegal fireworks explosion/fire,,,,,,,,,"Sale and use of fireworks banned, skepticism over regulation",,"Gas cylinder explosion from street food vendor, chain reaction of exploding firework crates, spread to nearby buildings",,,,,,,,,,,,,,,,,,,,,,,,,,,,,,,,,,,,,,,,,,,,,,,,,,,,,,,,,,,,,,,,,,,,,,,,,,,,,,,,,,,,,,,,,,,,,,,,,,,,,,,,,,,,,,,,,,,,,,,,,,,,,,,,,,,,,,,,,,,,,,,,,Mexico City fireworks disaster
"Mihăileşti, Romania","May 24, 2004",,,,,,,,,4:57 AM,,,,,,,,,,,,13,,,,,,,,,,,,,,,,,,,,,,,,,,,,,,,,,,,,,,,,,,,,,,,,,,,,,,,,,,,,,,,,,,,,,,,,,,,,,,,,,,,,,,,,,,,,,,18,Truck rollover leading to ammonium nitrate fire,"70,000 euros","Director of plant, transport managers","Conviction, 4-year jail sentences, compensation to victims' families",,,,,,,,,,,,,,,,,,,,,,,,,,,,,,,,,,,,,,,Mih膬ile葯ti explosion
"Yokkaichi, Mie, Japan","January 9, 2014",At least 5 dead,Explosion at Mitsubishi Materials chemical plant,,,,,,,,,,17,,,,,,,,,,,,,,,,,,,,,,,,,,,,,,,,,,,,,,,,,,,,,,,,,,,,,,,,,,,,,,,,,,,,,,,,,,,,,,,,,,,,,,,,,,,,,,,,,,,,,,,,,,,,,,,,,,,,,,,,,,,,,,,,,,,,,,,,,,,,,,,,,,Mitsubishi Materials chemical plant explosion
"Morogoro, Tanzania",10 August 2019,"At least 89 killed, at least 55 injured",Fuel tanker explosion,,,,,,,8:30 am EAT,,,,,,,,,,,,,,,,,,,,,,,,,,,,,,,,,,,,,,,,,,,,,,,,,,,,,,,,,,,,,,,,,,,,,,,,,,,,,,,,,,,,,,,,,,,,,,,,,,,,,,,,,,,,,,,"Video footage, injuries, rescue operations",,,,,,,,,,,,,,,,,,,,,,,,,,,,,,,,,,,,,,Morogoro tanker explosion
"Baikonur test range, Soviet Union",24 October 1960,Unknown,Second stage engine ignition accident during R-16 ICBM test flight prep,,,,,,,,,,,,,,,,,,,,,,,,,,,,,,,,,,,,,,,,,,,,,,,,,,,,,,,,,,,,,,,,,,,,,,,,,,,,,,,,,,,,,,,,,,,,,,,,,,,,,,,,,,,,,,,,,,,,,,,"Rocket fueled with UDMH and N2O4, extreme schedule pressure, launch pad 41",,,,,,,,,,,,,,,,,,,,,,,,,,,,,,,,,,,,,Nedelin catastrophe
"New London, Texas","March 18, 1937",300+ deaths,Natural gas leak,,,,,,,,,,,,,,,,,,,,Third deadliest disaster in Texas history,,,,,,,,,,,,,,,,,,,,,,,,,,,,,,,,,,,,,,,,,,,,,,,,,,,,,,,,,,,,,,,,,,,,,,,,,,,,,,,,,,,,,,,,,,,,,,,,,,,,"School built in 1932, wealthy district, oil discovery boosting economy, football team, heating system, economic context",,,,,,,,,,,,,,,,,,,,,,,,,,,,,,,,,,,,New London School explosion
"Village of Khayyam near Nishapur, Iran",18 February 2004,"Nearly 300 killed, entire village destroyed",Runaway train wagons carrying hazardous cargo,,,"Abu Muslim Station, runaway train wagons carrying sulfur, fertilizer, petrol, and cotton wool",,,,,,,,,,,,,,,,,,,,,,,,,,,,,,,,,,,,,,,,,,,,,,,,,,,,,,,,,,,,,,,,,,,,,,,,,,,,,,,,,,,,,,,,,,,,,,,,,,,,,,,,,,,,,,,,,,,,,,,,,,,,,,,,,,,,,,,,,,,,,,,,,,,,,,,,,Nishapur train disaster
"Feroze Gandhi Unchahar power plant, Uttar Pradesh, India","November 1, 2017","32 killed, 100 injured",Boiler explosion while cleaning ash,,"Ambulances, police deployment, compensation for victims",,,,,,,,,,,,,,,,,,,,,,,,,,,,,,,,,,,,,,,,,,,,,,,,,,,,,,,,,,,,,,,,,,,,,,,,,,,,,,,,,,,,,,,,,,,,,,,,,,,,,,,,,,,,,,,,,,,,,,,National Thermal Power Corporation Limited (NTPC),,,,,,,,,,,,,,,,,,,,,,,,,,,,,,,,,,,NTPC power plant explosion
"Okobie, Nigeria","July 12, 2012",121,Tank truck explosion after spilling petrol contents,,,,,,,,,,At least 75,,,,,,,,,,,,,,,,,,,,,,,,,,,,,,,,,,,,,,,,,,,,,,,,,,,,,,,,,,,,,,,,,,,,,,,,,,,,,,,,,,,,,,,,,,,,,,,,,,,,,,,,,,,,,,,,"Destruction of motorcycle taxis, rescue efforts by multiple agencies, previous similar incidents referenced by Nigerian President",,,,,,,,,,,,,,,,,,,,,,,,,,,,,,,,,,Okobie road tanker explosion
"Oppau, Ludwigshafen, Germany","September 21, 1921","500-600 killed, about 2,000 injured","Explosion of 4,500 tonnes of ammonium sulfate and ammonium nitrate fertilizer mixture",,,,,,,,,,,,,,,,,,,,,,,,,,,,,,,,,,,,,,,,,,,,,,,,,,,,,,,,,,,,,,,,,,,,,,,,,,,,,,,,,,,,,,,,,,,,,,,,,,,,,,,,,,,,,,,,,,,,,,,,,,,,,,,,,,,,,,,,,,,,,,,,,,,,,,,,,,,,Oppau explosion
,,,,,,,,,,,,,,,,,,,,,,,,,,,,,,,,,,,,,,,,,,,,,,,,,,,,,,,,,,,,,,,,,,,,,,,,,,,,,,,,,,,,,,,,,,,,,,,,,,,,,,,,,,,,,,,,,,,,,,,,,,,,,,Las Vegas Valley within 10-mile radius,"**Please note that the provided table covers the main details of the explosion, such as the date, location, casualties, cause of the explosion, and the area affected. Further details can be added as needed.",,,,,,,,,,,,,,,,,,,,,,,,,,,,,,,,PEPCON disaster
"Petlawad, Jhabua, Madhya Pradesh, India","September 12, 2015",104,Illegally stored explosives detonated with cooking gas cylinder,"Building damage, deaths at bus stop, autopsies performed","Compensation, inquiry announced, condolences expressed",,,,,,,,,,,,,,,,,,,,,,,,,,,,,,,,,,,,,,,,,,,,,,,,,,,,,,,,,,,,,,,,,,,,,,,,,,,,,,,,,,,,,,,,,,,,,,,,,,,,,,,,,,,,,,,,,,,,,,,,,,,,,,,,,,,,,,,,,,,,,,,,,,,,,,,,,,Petlawad explosion
"Petrila, Jiu Valley, Hunedoara County, Romania","November 15, 2008","8 miners, 4 emergency workers",Accumulation of methane gas,"13 dead, 8 injured","Prime Minister and President visits, temporary ban on mining, treatment of injured miners",,,,,,,,,,,,,,,,,,,,,,,,,,,,,,,,,,,,,,,,,,,,,,,,,,,,,,,,,,,,,,,,,,,,,,,,,,,,,,,,,,,,,,,,,,,,,,,,,,,,,,,,,,,,,,,,,,,,,,,,,,,,,,,,,,,,,,,,,,,,,,,,,,,,,,,,,,Petrila Mine disaster
,,,,,,,,,,,,,,,,,,,,,,,,,,,,,,,,,,,,,,,,,,,,,,,,,,,,,,,,,,,,,,,,,,,,,,,,,,,,,,,,,,,,,,,,,,,,,,,,,,,,,,,,,,,,,,,,,,,,,,,,,,,,,,,,"June 13, 1917","Lee Eldas Phillips, Frank Phillips","Bartlesville, Oklahoma","Oil and gas production, crude oil pipelines, refineries, marketing",Largest producer of natural gas liquids in the U.S.,,,,,,,,,,,,,,,,,,,,,,,,,,,Phillips explosion of 1999
"Pike River Mine, 46 km northeast of Greymouth, New Zealand",19 November 2010,29 dead,Methane explosion,,,,,,Pike River Coal Limited,,,,,,,,,,,,,,,,,,,,,,,,,,,,,,,,,,,,,,,,,,,,,,,,,,,,,,,,,,,,,,,,,,,,,,,,,,,,,,,,,,,,,,,,,,,,,,,,,,,,,,,,,,,,,,,,,,,,,,,,,,,,,,,,,,,,,,,,,,,,,,,,,,,,,,Pike River Mine disaster
"Port Chicago, California","July 17, 1944","320 dead, 390 injured",Munitions detonation during loading,,,,,,,,,,,,,,,,,,,,,,,,,,,,,,,,,,,,,,,,,,,,,,,,,,,,,,,,,,,,,,,,,,,,,,,,,,,,,,,,,,,,,,,,,,,,,,,,,,,,,,,,,,,,,,,,,,,,,,,,,,,,,,,,,,"Port Chicago Mutiny, 50 men convicted of mutiny, questions on legality and fairness, desegregation of Navy forces, establishment of Port Chicago Naval Magazine National Memorial",,,,,,,,,,,,,,,,,,,,,,,,,,Port Chicago disaster
"Port Neal, Iowa, USA","December 13, 1994","4 killed, 18 injured",Accelerated thermal decomposition reaction due to unsafe procedures,"Destruction of building, 4 disabled electricity stations, power disruption, ammonia release, 1,700 residents evacuated",,,,,,,,,,,,,,,,,,,,,,,,,,,,,,,,,,,,,,,,,,,,,,,,,,,,,,,,,,,,,,,,,,,,,,,,,,,,,,,,,,,,,,,,,,,,,,,,,,,,,,,,,,,,,,,,,,,,,,,,,,,,,,,,,,,,,,,,,,,,,,,,,,,,,,,,,,,Port Neal fertilizer plant explosion
"Paravur, Kollam, Kerala, India","April 10, 2016","111 dead, 350+ injured",Sparks from firecrackers during fireworks display,"Temple and houses damaged, people injured with severe burns","Kerala High Court ban on sound-emitting firecrackers, investigation",,,,,,,,,,,,,,,,,,,,,,,,,,,,,,,,,,,,,,,,,,,,,,,,,,,,,,,,,,,,,,,,,,,,,,,,,,,,,,,,,,,,,,,,,,,,,,,,,,,,,,,,,,,,,,,,,,,,,,,,,,,,,,,,,,,,,,,,,,,,,,,,,,,,,,,,,,Puttingal temple fire
"Qishanyan Tunnel, Dafang County, China",2 May 2017,"12 killed, 12 injured",Suspected gas leak,,,,,,,,,,,"Construction of the Qishanyan railway tunnel, China-related article stub",,,,,,,,,,,,,,,,,,,,,,,,,,,,,,,,,,,,,,,,,,,,,,,,,,,,,,,,,,,,,,,,,,,,,,,,,,,,,,,,,,,,,,,,,,,,,,,,,,,,,,,,,,,,,,,,,,,,,,,,,,,,,,,,,,,,,,,,,,,,,,,,,Qishanyan Tunnel explosion
"Qixia, Shandong, China",10 January 2021,"10 dead, 1 missing, 11 rescued",Access tunnel collapse due to explosion,,"Delayed reporting, initiation of Integrated Emergency Rescue Command, rescue efforts, medical treatment, investigation",,,,,,,,,,,"Hushan gold mine, Yantai Qixia gold mine, 240 meters underground, severe damage to cages and communication",,,,,,,,,,,,,,,,,,,,,,,,,,,,,,,,,,,,,,,,,,,,,,,,,,,,,,,,,,,,,,,,,,,,,,,,,,,,,,,,,,,,,,,,,,,,,,,,,,,,,,,,,,,,,,,,,,,,,,,,,,,,,,,,,,,,,,,,,,,,,,,Qixia gold mine accident
"RAF Fauld, Staffordshire, England","November 27, 1944",Approximately 70,Brass chisel causing sparks during detonator removal,,,"No. 21 Maintenance Unit RAF Bomb Storage made from old gypsum mine workings, containing various ordnance",,,,,,,,,,,,,,,,,,,,,,,,,,,,,,,,,,,,,,,,,,,,,,,,,,,,,,,,,,,,,,,,,,,,,,,,,,,,,,,,,,,,,,,,,,,,,,,,,,,,,,,,,,,,,,,,,,,,,,,,,,,,,,,,,,,,,,,,,,,,,,,,,,,,,,,,,RAF Fauld explosion
"Ramses Station, Cairo, Egypt","February 27, 2019","25 killed, 40 injured",Locomotive hitting buffers at high speed leading to explosion and fire,,"Transport Minister resignation, calls for responsible employees to face penalties",,,,,,,,,,,,,,,,,,,,,,,,,,,,,,,,,,,,,,,,,,,,,,,,,,,,,,,,,,,,,,,,,,,,,,,,,,,,,,,,,,,,,,,,,,,,,,,,,,,,,,,,,,,,,,,,,,,,,,,,,,,,,,,,,"Locomotive hitting buffers at platform 6, resulting in a major blaze and fireball, driver was not inside during the accident",,,,,,,,,,,,,,,,,,,,,,,,,Ramses Station rail disaster
"Raspadskaya mine, Mezhdurechensk, Russia",8 May 2010,"66 dead, at least 99 injured, 24 unaccounted for",,,"Rescue efforts, 560 people involved, aid from other parts of Russia",,,Methane buildup,Russian company Raspadskaya,,,,,,,"Largest underground coal mine in Russia, history of accidents and safety problems",,,,,,,,,,,,,,,,,,,,,,,,,,,,,,,,,,,,,,,,,,,,,,,,,,,,,,,,,,,,,,,,,,,,,,,,,,,,,,,,,,,,,,,,,,,,,,,,,,,,,,,,,,,,,,,,,,,,,,,,,,,,,,,,,,,,,,,,,,,,,,,Raspadskaya mine explosion
"Ryongchŏn, North Korea","April 22, 2004",At least 54 killed,Flammable cargo explosion at Ryongchon Station,"1,850 buildings destroyed, 6,350 damaged","State of emergency declared, limited information released to public",,,,,,,,,,,,,,,,,,,,,,,,,,,,,,,,,,,,,,,,,,,,,,,,,,,,,,,,,,,,,,,,,,,,,,,,,,,,,,,,,,,,,,,,,,,,,,,,,,,,,,,,,,,,,,,,,,,,,,,,,,,,,,,,,,,,,,,,,,,,,,,,,,,,,,,,,,Ryongchon disaster
"Río Tercero, Córdoba, Argentina",3 November 1995,"7 dead, 300+ injured","Initially ruled an accident, later revealed as deliberate",,,,,,,,,,,,,,,,,,,,,,"State-owned military factory destroyed, smuggling of weapons uncovered",,,,,,,,,,,,,,,,,,,,,,,,,,,,,,,,,,,,,,,,,,,,,,,,,,,,,,,,,,,,,,,,,,,,,,,,,,,,,,,,,,,,,,,,,,,,,,,,,,,,,,,,,,,,,,"Four high functionaries sentenced, former president investigated",,,,,,,,,,,,,,,,,,,,,,,,R铆o Tercero explosion
"Rue Arago, Saint-Laurent-de-la-Salanque, France",14 February 2022,8 dead,Explosion followed by fire in building,,"Deployment of 120 firefighters, injuries, psychological damage, ongoing investigation",,,,,,,,30,,,,,,,,,,,,,,,,,,,,,,,,,,,,,,,,,,,,,,,,,,,,,,,,,,,,,,,,,,,,,,,,,,,,,,,,,,,,,,,,,,,,,,,,,,,,,,,,,,,,,,,,,,,,,,,,,,,,,,,,,,,,,,,,,,,,,,,,,,,,,,,,,,Saint-Laurent-de-la-Salanque explosion
"San Juanico, Tlalnepantla de Baz, Mexico",19 November 1984,"500-600 killed, 5000-7000 severely burned",Gas leak igniting at waste-gas flare pit causing BLEVE,,,"Storage and distribution facility for liquified petroleum gas with 54 storage tanks, 6 large spherical tanks, 48 smaller horizontal bullet-shaped tanks containing a propane/butane mixture",,,,,,,,,,,,,,,,,,,,,,,,,,,,,,,,,,,,,,,,,,,,,,,,,,,,,,,,,,,,,,,,,,,,,,,,,,,,,,,,,,,,,,,,,,,,,,,,,,,,,,,,,,,,,,,,,,,,,,,,,,,,,,,,,,,,,,,,,,,,,,,,,,,,,,,,,San Juanico disaster
"Seest, Kolding, Denmark","November 3, 2004",,Accidental ignition of fireworks in warehouse,,,,,,,,,,17 locals,,,,,,,,,,,,,,,,,,,,,,,,,,,,,,,,,,,,,,,,,,,,,,,,,,,,,,,,,,,,,,,,,,,,,,,,,,,,,,,,,,,,,,,,,,,,,,,,,,,,,,,,,,,,,,,,,,,,,,,,,,,1 firefighter,355 houses,€100 million,,,,,,,,,,,,,,,,,,,,,Seest fireworks disaster
"Near Yan'an, Shaanxi Province, China",26 August 2012,36 dead,Tanker loaded with methanol rear-ended by sleeper bus,,,,"3 survivors hospitalized, Investigation into safety official, Outrage over official's behavior",,,,,,,,,,,,,,,,,,,,,,,,,,,,,,,,,,,,,,,,,,,,,,,,,,,,,,,,,,,,,,,,,,,,,,,,,,,,,,,,,,,,,,,,,,,,,,,,,,,,,,,,,,,,,,,,,,,,,,,,,,,,,,,,,,,,Tanker and Double-Decker Bus,,,,,,,,,,,,,,,,,,,,Shaanxi bus–tanker crash
,,,,,,,,,,,,,,,,,,,,,,,,,,,,,,,,,,,,,,,,,,,,,,,,,,,,,,,,,,,,,,,,,,,,,,,,,,,,,,,,,,,,,,,,,,,,,,,,,,,,,,,,,,,,,,,,,,,,,,,,,,,,,,,,,,,,,,,,,,,,Explosives stored in shanty at the quarry,Additional columns that could be included:,- Time of the explosion,- Name and brief background of the individual killed,- Any official investigations conducted,,,,,,,,,,,,,,,Sibley Quarry explosion
"Sivakasi, India",5 September 2012,"40 killed, 70+ injured",Unauthorized fireworks factory,,,,,,,,,,,,"Lack of safety precautions, high production pressure, delayed response",,,,,,,,,,"Om Sakthi Fireworks Industries, single larger unit, 48 ancillary units, suspended license",,,,,,,,,,,,,,,,,,,,,,,,,,,,,,,,,,,,,,,,,,,,,,,,,,,,,,,,,,,,,,,,,,,,,,,,,,,,,,,,,,,,,,,,,,,,,,,,,,,,,,,,,,,,,,,,,,,,,,,,,,,,,,,,,,,,,,Sivakasi factory explosion
"Soma, Manisa, Turkey",13 May 2014,301,Underground mine fire,,,,,,,,"Worst mine disaster in Turkey, explosion cause under investigation, Minister of Energy's confirmation of death toll",,,,,,,,,,,,,,,Soma Kömür İşletmeleri A.Ş.,,,,,,,,,,,,,,,,,,,,,,,,,,,,,,,,,,,,,,,,,,,,,,,,,,,,,,,,,,,,,,,,,,,,,,,,,,,,,,,,,,,,,,,,,,,,,,,,,,,,,,,,,,,,,,,,,,,,,,,787,,,,,,,,,,,,,,Soma mine disaster
,,,,,,,,,,,,,,,,,,,,,,,,,,,,,,,,,,,,,,,,,,,,,,,,,,,,,,,,,,,,,,,,,,,,,,,,,,,,,,,,,,,,,,,,,,,,,,,,,,,,,,,,,,,,,,,,,,,,,,,,,,,,,,,,,,,,,,,,,,,,,,,,,,Failure of O-ring seals in right solid rocket booster,Additional Information:,- The accident occurred during the Space Shuttle Challenger's tenth flight (STS-51-L) and twenty-fifth flight of the Space Shuttle fleet.,- Crew members were supposed to deploy a communications satellite and study Halley's Comet.,- The disaster was caused by the failure of O-ring seals due to record-low temperatures.,- The accident led to the disintegration of the spacecraft over the Atlantic Ocean.,- Fragments were recovered from the ocean after a search-and-recovery operation.,,,,,,,Space Shuttle Challenger disaster
"Woodside district of Maryhill, Glasgow, Scotland",11 May 2004,"9 killed, 33 injured (15 seriously)",Unspecified explosion led to building collapse,,"Patient Transport Ambulance crew, firefighters, paramedics, search-and-rescue teams involved, ongoing search for survivors",,,,,,,,,,,,,,,,,,,,,,,,,,,,,,,,,,,,,,,,,,,,,,,,,,,,,,,,,,,,,,,,,,,,,,,,,,,,,,,,,,,,,,,,,,,,,,,,,,,,,,,,,,,,,,,,,,,,,,,,,,,,,,,,,,,,,,,,,,,,,,,,,,,,"Four-storey building largely destroyed, approximately 100 workers",,,,,,Stockline Plastics factory explosion
"Tangerang, Indonesia",26 October 2017,"49 killed, 46 injured, several missing",Accidental ignition of gunpowder during welding,,,,,,,,,,,,,,,,,,,,,"Deadliest industrial accident in Indonesia, massive fire, students evacuated",,,,,,,,,,,,,,,,,,,,,,,,,,,,,,,,,,,,,,,,,,,,,,,,,,,,,,,,,,,,,,,,,,,,,,,,,,,,,,,,,,,,,,,,,,,,,,,,,,,,,,,,,,,,,,,,,,,,,,,,,,,,,,,,,,,,,,,Tangerang fireworks disaster
"Port of Texas City, Texas, USA","April 16, 1947",At least 581 dead,Fire aboard SS Grandcamp detonating ammonium nitrate,,,,,,,,,,,,,,"SS Grandcamp, Liberty Ship, carrying 2,300 tons of ammonium nitrate, small arms ammunition, machinery, sisal twine",,,,,,,,,,,,,,,,,,,,,,,,,,,,,,,,,,,,,,,,,,,,,,,,,,,,,,,,,,,,,,,,,,,,,,,,,,,,,,,,,,,,,,,,,,,,,,,,,,,,,,,,,,,,,,,,,,,,,,,,,,,,,,,,,,,,,,,,,,,,,,Texas City disaster
"Texas City, Texas","March 23, 2005","15 killed, 180 injured",Vapor cloud of natural gas and petroleum ignited,,,,,,,,,,,,,,,,,,,,,,,,,,,,,,,,,,,,,,,,,,,,,,,,,,,,,,,,,,,,,,,,,,,,,,,,,,,,,,,,,,,,,,,,,,,,,,,,,,,,,,,,,,,,,,,,,,,,,,,,,,,,,,,,,,,,,,,,,,,,,,,,,,,,,,,"Second-largest oil refinery in Texas, Third-largest in the US, BP owned, Input capacity of 437,000 barrels per day as of 2000","Organizational and technical failings identified, BP divestment and sale to Marathon Petroleum Corporation",,,,Texas City Refinery explosion
"North York, Toronto, Ontario, Canada","August 10, 2008","2 dead, many evacuated",Series of explosions at Sunrise Propane Industrial Gases facility,"Thousands evacuated, C$1.8 million cleanup cost, firefighter death",,"Sunrise Propane Industrial Gases, propane facility in Downsview neighbourhood",,,,,,,,,,,,,,,,,,,,,,,,,,,,,,,,,,,,,,,,,,,,,,,,,,,,,,,,,,,,,,,,,,,,,,,,,,,,,,,,,,,,,,,,,,,,,,,,,,,,,,,,,,,,,,,,,,,,,,,,,,,,,,,,,,,,,,,,,,,,,,,,,,,,,,,,,Toronto propane explosion
"Mexico City, Mexico",31 January 2013,"37 dead, 121 injured",Gas leak ignited by electrical fault,,,,,,,,,,,,,,,,,,,,,,,,,,,,,,,,,,,,,,,,,,,,,,,,,,,,,,,,,,,,,,,,,,,,,,,,,,,,,,,,,,,,,,,,,,,,,,,,,,,,,,,,,,,,,,,,,,,,,,,,,,,,,,,,,,,,,,,,,,,,,,,,,,,,,,,,,,,,Torre Ejecutiva Pemex explosion
"Toulouse, France",21 September 2001,"31 deaths, 30 seriously wounded, 2,500 light casualties",Ammonium nitrate explosion,,,,,,,,,,,,"Factory destroyed, crater with 7m depth and 40m diameter, steel girders found 3km away, damages exceeding 1.5 billion euros",,,,,,,,,,,,,,,,,,,,,,,,,,,,,,,,,,,,,,,,,,,,,,,,,,,,,,,,,,,,,,,,,,,,,,,,,,,,,,,,,,,,,,,,,,,,,,,,,,,,,,,,,,,,,,,,,,,,,,,,,,,,,,,,,,,,,,,,,,,,,"3.4 on Richter scale, equivalent to 20-40 tons of TNT",,,Toulouse chemical factory explosion
"Tradeston Flour Mills, Glasgow, Scotland",9 July 1872,"18 dead, at least 16 injured",Grain dust ignition due to millstones rubbing,,,Matthew Muir & Sons flour mill with grain store and mill building,,,,,,,,,,,,,,,,,,,,,,,,,,,,,,,,,,,,,,,,,,,,,,,,,,,,,,,,,,,,,,,,,,,,,,,,,,,,,,,,,,,,,,,,,,,,,,,,,,,,,,,,,,,,,,,,,,,,,,,,,,,,,,,,,,,,,,,,,,,,,,,,,,,,,,,,,Tradeston Flour Mills explosion
"Iglinsky District, Bashkir ASSR, Soviet Union","June 4, 1989","575 dead, 800 injured",Leaked natural gas liquids from a faulty pipeline ignited by wheel sparks from two passing passenger trains,,,,,,,,"Ulu-Telyak station, memorial at the site, pipeline originally designed for oil transport, lack of leak detection system, mechanical damage to the pipeline, increased pressure in the system",,,,,,,,,,,,,,,,,,,,,,,,,,,,,,,,,,,,,,,,,,,,,,,,,,,,,,,,,,,,,,,,,,,,,,,,,,,,,,,,,,,,,,,,,,,,,,,,,,,,,,,,,,,,,,,,,,,,,,,,,,,,,,,,,,,,,,,,,,,,,,,,,,,,Ufa train disaster
"Raleigh County, West Virginia, USA","April 5, 2010",29 miners killed,Coal dust explosion,Worst US mining disaster since 1970,"Citations, penalties, settlement with U.S. Attorney, mine closure, criminal liabilities",,,,Massey Energy,,,,,,,,,,,,,,,,,,,,,,,,,,,,,,,,,,,,,,,,,,,,,,,,,,,,,,,,,,,,,,,,,,,,,,,,,,,,,,,,,,,,,,,,,,,,,,,,,,,,,,,,,,,,,,,,,,,,,,,,,,,,,,,,,,,,,,,,,,,,,,,,,,,,,,Upper Big Branch Mine disaster
"Potomac River, United States","February 28, 1844","Secretary of State, Secretary of the Navy, Senator, others",Gun explosion on USS Princeton,,,,,,,,,,,,,,,,,,,,,,,,,,,,,,,,,,,,,,,,,,,,,,,,,,,,,,,,,,,,,,,,,,,,,,,,,,,,,,,,,,,,,,,,,,,,,,,,,,,,,,,,,,,,,,,,,,,,,,,,,,,,,,,,,,,,,,,,,,,,,,,,,,,,,,,,,,,,USS Princeton Disaster of 1843
"Severnaya coal mine, 10km north of Vorkuta, Russia",February 2016,36,Ignition of leaking methane gas,,,,,,,,,,,,,,,,,,,,,,,Vorkutaugol,,,,,,,,,,,,,,,,,,,,,,,,,,,,,,,,,,,,,,,,,,,,,,,,,,,,,,,,,,,,,,,,,,,,,,,,,,,,,,,,,,,,,,,,,,,,,,,,,,,,,,,,,,,,,,,,,,,,,,,,,,,,,,,,,,,,,Vorkuta mine disaster
,,,,,,,,,,,,,,,,,,,,,,,,,,,,,,,,,,,,,,,,,,,,,,,,,,,,,,,,,,,,,,,,,,,,,,,,,,,,,,,,,,,,,,,,,,,,,,,,,,,,,,,,,,,,,,,,,,,,,,,,,,,,,,,,,,,,,,,,,,,,,,,,,,,,,,,,,,,,,--------------------------------------------------------------------,"ATF indicated fire was deliberately set, ongoing dispute",West Fertilizer Company explosion
"Kinston, North Carolina, USA","January 29, 2003","6 killed, 36 injured, 2 firefighters injured","Chain reaction of explosions, dust explosion","$150 million in damages, 150,000-square-foot plant partially destroyed","Investigation, fine of $10,000, impact on employees and community",,,,West Pharmaceutical Services,,,,,,,,,,,,,,,,,,,,,,,,,,,,,,,,,,,,,,,,,,,,,,,,,,,,,,,,,,,,,,,,,,,,,,,,,,,,,,,,,,,,,,,,,,,,,,,,,,,,,,,,,,,,,,,,,,,,,,,,,,,,,,,,,,,,,,,,,,,,,,,,,,,,,,West Pharmaceutical Services explosion
"Geismar, Louisiana","June 13, 2013","2 workers killed, 114 injured",Standby heat exchanger filled with hydrocarbon leading to an explosion,,,"Established in 1968, produces ethylene, propylene, shelter-in-place order issued, merged in 1999",,,,,,,,,,,,,,,,,,,,,,,,,,,,,,,,,,,,,,,,,,,,,,,,,,,,,,,,,,,,,,,,,,,,,,,,,,,,,,,,,,,,,,,,,,,,,,,,,,,,,,,,,,,,,,,,,,,,,,,,,,,,,,,,,,,,,,,,,,,,,,,,,,,,,,,,,Williams Olefins Plant explosion
"Zalău, Romania","September 14, 2007","2 dead, 15 injured",Gas leak,"Block of flats severely affected, demolished","Families petitioned, protest, legal proceedings",,,,,,,,,,,,,,,,,,,,,,,,,,,,,,,,,,,,,,,,,,,,,,,,,,,,,,,,,,,,,,,,,,,,,,,,,,,,,,,,,,,,,,,,,,,,,,,,,,,,,,,,,,,,,,,,,,,,,,,,,,,,,,,,,,,,,,,,,,,,,,,,,,,,,,,,,,Zal膬u explosion
