Teams,Series Outcome,Notable Players,Significant Events,MVP,Start Date,Champion,Home Court Advantage,Games Played,Playoff Format,Finals MVP,Broadcasters,Runner-Up,Coach,Playoff Wins,End Date,Regular Season Record,Regular Season,Key Players,Regular Season Wins,Previous Finals,Key Events,Dates,Series Format,Home Court,Coaches,Outcome,Matchups,Offense,NBA Finals MVP,Playoff Performance,Historical Context,Regular Season Records,Key Moment,Format,Television Ratings,Noteworthy Detail,Length of Series,Venue of Games,Duration of Series,Games' Dates,Duration,Final Result,Series Length,Broadcasting Milestones,Notable Events,First Finals for Both Teams,Historic Game 7,Rookie Record,NBA Finals Appearance,Celtics' Performance,Hawks' Franchise Record,Longest Drought,Overtime Game in Finals,Lakers' Final Championship in 1972,Player Points Scored,5 Barnett,11 Selvy,12 Wiley,22 Baylor,24 Horn,25 Ellis,32 Krebs,33 Hundley,35 LaRusso,44 West,54 Jolliff,Average Margin of Victory,"The table contains information on the teams involved, the outcome of the series, key players, statistics such as the average margin of victory, and highlights significant events of the 1965 NBA World Championship Series where the Celtics triumphed over the Lakers with a 4-1 victory.",Historic Achievement,Overtime Games,Absence of Boston Celtics,Game Significance,Final Game,Statistics,Rebounds,Lakers Record,Knicks Record,Regular Season Performance,Rebounds & Assists,Home Games Venue,Scheduling Format,Notable Coaches,Suns Background,Celtics Background,Top Scorer,Notable Facts,"- Informally dubbed the ""George Washington series""",- Most recent title for a Western Conference team not in Texas or California,- Last NBA championship won by a team from the Northwest Division,Exceptional Individual Performance,Season Records,Notable Achievements,Playoff Qualification,Conclusion on Winning Team's Home Court,Documentary Title,Series Conclusion Date,Acquisitions,Playoff Run,Series Schedule,Game Highlights,Final Matchups,Offensive Statistics,Rebounding Statistics,Historical Significance,Schedule Rotation,Len Bias,Lakers' Achievement,Champions' Record,Celtics' Absence,Style of Play,Key Matchup,Key Statistics,Background,Road Game Record,Repeat Champions,Home-Court Advantage,Significant Changes,Records,Underdog Status,Key Statement,Record Achievement,Shortened Season,Twin Towers,Spurs Journey,Circumstances,Home Court Adv.,Lead-up Details,Notable Moment,Lakers' Performance,Year,Scoring Style,Championships,Significance,Previous Meeting,Achievements,Game Dates,Notable Stats,Avg. Point Diff.,Home-Court Adv.,Previous Matchup,Finals Rematch,Previous Appearances,Title Droughts,Head Coaches,LeBron James Stats,Injuries,Notable Statistics,Playoff Record,Notable Achievement,Notable Records,Championship Drought,Unique Stat,Coin Toss,Sponsor,Notable Background,trigger
Minneapolis Lakers vs. Syracuse Nationals,Minneapolis Lakers defeated Syracuse Nationals in a 4-2 series,"Dolph Schayes, George Mikan",,,"April 8, 1950",,,6,,,,,,,,,,,,,"Lakers won on a buzzer-beating shot in Game 1, Mikan led Lakers in scoring",,,,,,,,,,,,,,,Lakers second of five titles in Minneapolis,,,,,,,,,,,,,,,,,,,,,,,,,,,,,,,,,,,,,,,,,,,,,,,,,,,,,,,,,,,,,,,,,,,,,,,,,,,,,,,,,,,,,,,,,,,,,,,,,,,,,,,,,,,,,,,,,,,,,,,,1950 NBA Finals
Rochester Royals vs. New York Knicks,Rochester Royals defeated New York Knicks in a 4-3 series,"Bob Davies, Red Holzman, Harry Gallatin","First BAA or NBA Finals to conclude in a seventh-game, Rochester's first NBA Finals appearance, New York's first Finals appearance",,"Saturday, April 7, 1951",,,,Best-of-seven series,,,,,,,,,,,,,,,,,,,,,,,,,,,,Seven games played in fifteen days,,,,,,,,,,,,,,,,,,,,,,,,,,,,,,,,,,,,,,,,,,,,,,,,,,,,,,,,,,,,,,,,,,,,,,,,,,,,,,,,,,,,,,,,,,,,,,,,,,,,,,,,,,,,,,,,,,,,,,,1951 NBA Finals
Minneapolis Lakers vs. New York Knicks,Minneapolis Lakers won the series 4-3,"Kaftan, Zaslofsky, Gallatin, Boryla",,,,Minneapolis Lakers,,,,,,New York Knicks,Lapchick,,,,,,,,,,,,,,,,,,,,,,,,,"Saint Paul Auditorium, 69th Regiment Armory",39 days,"April 12 - April 25, 1952",,,,,,,,,,,,,,,,,,,,,,,,,,,,,,,,,,,,,,,,,,,,,,,,,,,,,,,,,,,,,,,,,,,,,,,,,,,,,,,,,,,,,,,,,,,,,,,,,,,,,,,,,,,,,,,,,,,,1952 NBA Finals
Minneapolis Lakers vs. New York Knicks,Minneapolis Lakers defeated New York Knicks 4-1,"George Mikan, Slater Martin, Harry Gallatin",,,,,Minneapolis Lakers,5,,,,,John Kundla,,,,,,,,,,,,,,,,,,,,,,,,,,,,25 days,Lakers win series 4-1,,,,,,,,,,,,,,,,,,,,,,,,,,,,,,,,,,,,,,,,,,,,,,,,,,,,,,,,,,,,,,,,,,,,,,,,,,,,,,,,,,,,,,,,,,,,,,,,,,,,,,,,,,,,,,,,,,1953 NBA Finals
Minneapolis Lakers vs. Syracuse Nationals,Minneapolis Lakers won the series 4-3,,"Lakers win their third consecutive NBA championship, Game two first televised Finals game",,,,Minneapolis Lakers had the advantage,,,,,,,,,,,,,,,"March 31 - April 12, 1954",,,,,,,,,,,,,,,,,,,,,Best-of-seven series,Game two and five were aired live on DuMont,,,,,,,,,,,,,,,,,,,,,,,,,,,,,,,,,,,,,,,,,,,,,,,,,,,,,,,,,,,,,,,,,,,,,,,,,,,,,,,,,,,,,,,,,,,,,,,,,,,,,,,,,,,,,,,,1954 NBA Finals
Syracuse Nationals vs. Fort Wayne Pistons,Syracuse Nationals defeated Fort Wayne Pistons in the championship round,,,,,,,,,,,,,,,,,,,,,,"NBA Finals used a 2-2-1-1-1 format, and NBA did not return to a 2-3-2 format until 1985",Fort Wayne Pistons' home games played in Indianapolis due to arena unavailability,,,,,,,,,,,,,,,,,,,,,"Fort Wayne Pistons suspected of conspiring with gamblers to throw the series to Syracuse, suspicious nature of Game 7",,,,,,,,,,,,,,,,,,,,,,,,,,,,,,,,,,,,,,,,,,,,,,,,,,,,,,,,,,,,,,,,,,,,,,,,,,,,,,,,,,,,,,,,,,,,,,,,,,,,,,,,,,,,,,,1955 NBA Finals
Philadelphia Warriors vs. Fort Wayne Pistons,Philadelphia Warriors defeated Fort Wayne Pistons 4-1,"5 Noble, 6 Cooper, 10 Zaslofsky, 12 Yardley, 17 Houbregs",Warriors win series 4-1,,,,,5,,,,,,,,,,,,,,,,,,,,,,,,,,,,,,,,,,,,,,,,,,,,,,,,,,,,,,,,,,,,,,,,,,,,,,,,,,,,,,,,,,,,,,,,,,,,,,,,,,,,,,,,,,,,,,,,,,,,,,,,,,,,,,,,,,,,,,,,,,,,,,,,,,,,1956 NBA Finals
St. Louis Hawks vs. Boston Celtics,"Celtics defeated Hawks in Game 7, 4-3","Bill Russell, Bob Pettit",,,,,,,,,,,,,,,,,,,,,,,,,,,,,,,,,,,,,,,,,,,,Yes,Only Game 7 in NBA history decided in double-overtime,Bill Russell set record for rebounds in a single finals game and averaged 22.9 rebounds per game for the series,,,,,,,,,,,,,,,,,,,,,,,,,,,,,,,,,,,,,,,,,,,,,,,,,,,,,,,,,,,,,,,,,,,,,,,,,,,,,,,,,,,,,,,,,,,,,,,,,,,,,,,,,,,,1957 NBA Finals
St. Louis Hawks vs. Boston Celtics,St. Louis Hawks defeated Boston Celtics in six games,"Bob Pettit, Bill Russell, Bill Sharman","St. Louis Hawks winning their first and only NBA title, Bob Pettit's 50-point performance in Game 6",,,,,6,,,,,,,,,,,,,,,,,,,,,,,,,,,,,,,,,,,,,,,,,,,,,,,,,,,,,,,,,,,,,,,,,,,,,,,,,,,,,,,,,,,,,,,,,,,,,,,,,,,,,,,,,,,,,,,,,,,,,,,,,,,,,,,,,,,,,,,,,,,,,,,,,,,,1958 NBA Finals
Minneapolis Lakers vs. Boston Celtics,Boston Celtics swept Minneapolis Lakers 4-0,"Elgin Baylor, Bob Cousy, Bill Russell","Start of Celtics' eight consecutive championships, first time a team with a losing record made it to the NBA Finals",,,,,,,,,,,,,,,,,,,,,,,,,,,,,,,,,,,,,,,,,,,,,,Last time a team from Minnesota appeared in an NBA Finals,,,,,,,,,,,,,,,,,,,,,,,,,,,,,,,,,,,,,,,,,,,,,,,,,,,,,,,,,,,,,,,,,,,,,,,,,,,,,,,,,,,,,,,,,,,,,,,,,,,,,,,,,,,1959 NBA Finals
St. Louis Hawks vs. Boston Celtics,Boston Celtics defeated St. Louis Hawks 4-3,"Bill Russell, Bob Cousy, Tom Heinsohn, Bill Sharman, Frank Ramsey, Sam Jones, K.C. Jones, Bob Pettit, Cliff Hagan, Slater Martin, Clyde Lovellette","Last NBA Finals played in March, Boston Celtics win series 4-3",,,,,,,,,,"Red Auerbach, Alex Hannum",,,,,,,,,,,,,,,,,,,,,,,,,,,,,,,,,,,,,,,,,,,,,,,,,,,,,,,,,,,,,,,,,,,,,,,,,,,,,,,,,,,,,,,,,,,,,,,,,,,,,,,,,,,,,,,,,,,,,,,,,,,,,,,,,,,,,,,,,,,,,,,1960 NBA Finals
St. Louis Hawks vs. Boston Celtics,Celtics won the series 4-1,"Pettit, Ferrari, Wilkens",,,,Boston Celtics,,,,,,,,,,,,,,,,,,,"St. Louis Hawks: Ferrari, Boston Celtics: Seymour",,,,,,,,,,,,,,,,,,,,,,,,,"Fifth straight trip to the Finals, fourth championship series against Hawks",Last appearance in NBA Finals as of 2021-22 season,Second-longest Finals appearance drought in the NBA,,,,,,,,,,,,,,,,,,,,,,,,,,,,,,,,,,,,,,,,,,,,,,,,,,,,,,,,,,,,,,,,,,,,,,,,,,,,,,,,,,,,,,,,,,,,,,,,,,,,,,,,1961 NBA Finals
Los Angeles Lakers vs. Boston Celtics,Boston Celtics defeated Los Angeles Lakers in a 4-3 series,"Elgin Baylor (LAL), Bill Russell (BOS)","Celtics win in overtime in Game 7, Elgin Baylor scores 61 points in Game 5, Bill Russell sets rebound records",,,,,,,,,,,,,,,,,,,,,,,,,,,,,,,,,,,,,,,,,,,,,,,,,,"Game 7 went into overtime, decided the series outcome",The Lakers would not win another championship until 1972,,,,,,,,,,,,,,,,,,,,,,,,,,,,,,,,,,,,,,,,,,,,,,,,,,,,,,,,,,,,,,,,,,,,,,,,,,,,,,,,,,,,,,,,,,,,,,,,,,,,,,1962 NBA Finals
Los Angeles Lakers vs Boston Celtics,Boston Celtics defeated Los Angeles Lakers in a 4-2 series,"Elgin Baylor (Lakers), Jerry West (Lakers), Bill Russell (Celtics), Bob Cousy (Celtics)",,,,,,,,,,,Fred Schaus (Lakers) / Red Auerbach (Celtics),,,,,,,,,,,,,,,,,,,,,,,,,,,,,,,,,,,,,,,,,,Player Points Scored,6 pts,9 pts,14 pts,10 pts,5 pts,10 pts,2 pts,5 pts,20 pts,57 pts,11 pts,,,,,,,,,,,,,,,,,,,,,,,,,,,,,,,,,,,,,,,,,,,,,,,,,,,,,,,,,,,,,,,,,,,,,,,,,,,,,,,,,,,,,,,,,,1963 NBA Finals
San Francisco Warriors vs Boston Celtics,Boston Celtics defeated San Francisco Warriors 4-1,"Bill Russell, Wilt Chamberlain","First matchup of Bill Russell and Wilt Chamberlain in NBA Finals, Celtics' eighth consecutive trip to the championship",,,,,,,,,,,,,,,,,,,,,,,,,,,,,,,,,,,,,,,,,,,,,,,,,,,,,,,,,,,,,,,,,,,,,,,,,,,,,,,,,,,,,,,,,,,,,,,,,,,,,,,,,,,,,,,,,,,,,,,,,,,,,,,,,,,,,,,,,,,,,,,,,,,,,,,,,1964 NBA Finals
Los Angeles Lakers vs. Boston Celtics,Celtics defeated Lakers in a 4-1 series,"John Havlicek, Elgin Baylor","Celtics average 123.4 points a game, Lakers average 110.8 points per game",,,,,,,,,,,,,,,,,,,,,,,,,,,,,,,,,,,,,,,,,,,,,,,,,,,,,,,,,,,,,,,,"Celtics: 12.6 points, Lakers: 11 points","The table contains information on the teams involved, the outcome of the series, key players, statistics such as the average margin of victory, and highlights significant events of the 1965 NBA World Championship Series where the Celtics triumphed over the Lakers with a 4-1 victory.",,,,,,,,,,,,,,,,,,,,,,,,,,,,,,,,,,,,,,,,,,,,,,,,,,,,,,,,,,,,,,,,,,,,,,,,,,,,,,,,,,,,,,,,1965 NBA Finals
Boston Celtics vs. Los Angeles Lakers,Boston Celtics defeated Los Angeles Lakers in a 4-3 series,"Bill Russell, Red Auerbach","Red Auerbach announces Bill Russell as Celtics' coach, Game 7 win",,,Boston Celtics,,7,,,,Los Angeles Lakers,,,,,,,,,,,,,,,,,,,,,,,,,,,,,,,,,,,,,,,,,,,,,,,,,,,,,,,,,Boston Celtics won eighth consecutive NBA title,,,,,,,,,,,,,,,,,,,,,,,,,,,,,,,,,,,,,,,,,,,,,,,,,,,,,,,,,,,,,,,,,,,,,,,,,,,,,,,,,,,,,,,1966 NBA Finals
San Francisco Warriors vs. Philadelphia 76ers,Philadelphia 76ers defeated San Francisco Warriors 4-2,"Wilt Chamberlain, Rick Barry",,,,,,6,,,,,,,,,,,,,,,,,,,,,,,,,,,,,,,,,,,,,,,,,,,,,,,,,,,,,,,,,,,,,,1*,First time in 11 years Celtics did not win NBA Finals and first time in 1960s Celtics were not champions,,,,,,,,,,,,,,,,,,,,,,,,,,,,,,,,,,,,,,,,,,,,,,,,,,,,,,,,,,,,,,,,,,,,,,,,,,,,,,,,,,,,,1967 NBA Finals
Boston Celtics vs. Los Angeles Lakers,Boston Celtics defeated Los Angeles Lakers in a 4-2 series,,,,,,,,,"No Finals MVP was named, introduced the following year",,,,,,,,,,,,,,,,,,,,,,,,,,,,,,,,,,,,,,,,,,,,,,,,,,,,,,,,,,,,,,Game 6 was the first NBA game ever played in May,,,,,,,,,,,,,,,,,,,,,,,,,,,,,,,,,,,,,,,,,,,,,,,,,,,,,,,,,,,,,,,,,,,,,,,,,,,,,,,,,,,,1968 NBA Finals
Los Angeles Lakers vs. Boston Celtics,"Celtics won, an upset in NBA history","Elgin Baylor, Wilt Chamberlain, Jerry West","The first Finals MVP awarded, Game 7 won by road team, Lakers had homecourt advantage for the first time vs. Celtics",Jerry West (despite being on the losing team),,Boston Celtics,,,,,,,,,,"Lakers won 55 games, 7 more than the Celtics",,,,,,,,,,,,,,,,,,,,,,,,,,,,,,,,,,,,,,,,,,,,,,,,,,,,,,,,,,,,,,,,,,,,,,,,,,,,,,,,,,,,,,,,,,,,,,,,,,,,,,,,,,,,,,,,,,,,,,,,,,,,,,,,,,,,,,,,,,,,1969 NBA Finals
New York Knicks vs. Los Angeles Lakers,New York Knicks defeated Los Angeles Lakers in a 4-3 series,"Willis Reed, Walt Frazier, Jerry West","Willis Reed's iconic comeback from injury, Knicks winning in Game 7",,,,,,Best-of-seven series format,,,,,,,,,,,,,,,,,,,,,,,,,,,,,,,,,,,,,,,,,,,,,,,,,,,,,,,,,,,,,,,,Game 7 named the greatest in finals history by ESPN,Walt Frazier with 36 points and 19 assists in final game,,,,,,,,,,,,,,,,,,,,,,,,,,,,,,,,,,,,,,,,,,,,,,,,,,,,,,,,,,,,,,,,,,,,,,,,,,,,,,,,,,1970 NBA Finals
Milwaukee Bucks vs. Baltimore Bullets,Milwaukee Bucks swept Baltimore Bullets in 4 games,"Kareem Abdul-Jabbar, Oscar Robertson, Wes Unseld","Bucks' first NBA title, longest title drought of city ended, series broadcast on ABC",,,,,,Alternating home games format,,ABC with Chris Schenkel and Jack Twyman,,,,,,,,,,,,,,,,,,,,,,,,,,,,,,,,,,,,,,,,,,,,,,,,,,,,,,,,,,,,,,,,,,,,,,,,,,,,,,,,,,,,,,,,,,,,,,,,,,,,,,,,,,,,,,,,,,,,,,,,,,,,,,,,,,,,,,,,,,,,,,,,,1971 NBA Finals
Los Angeles Lakers vs. New York Knicks,,"Wilt Chamberlain, Gail Goodrich, Jerry West",,,,Los Angeles Lakers,,5,,,,,,"Swept Chicago Bulls, defeated Milwaukee Bucks",,,Lakers won an NBA-record 69 games,,,,,,,,,Lakers won,"Chamberlain vs. Abdul-Jabbar, West vs. Robertson",Led the league in scoring with 121 points per game,,,,,,,,,,,,,,,,,,,,,,,,,,,,,,,,,,,,,,,,,,,,,,,Led all NBA teams in rebounds and assists,,,,,,,,,,,,,,,,,,,,,,,,,,,,,,,,,,,,,,,,,,,,,,,,,,,,,,,,,,,,,,,,,,,,,,,,,,,,,,,,,1972 NBA Finals
New York Knicks vs. Los Angeles Lakers,New York Knicks defeated Los Angeles Lakers 4-1,"Willis Reed, Walt Frazier, Jerry Lucas, Earl Monroe",,,,,,,,,,,,,,,,,,,,,,,,,,,Willis Reed,"Lakers struggled against inspired opponents in early rounds, Knicks faced tough matchups leading to Finals",,,,,,,,,,,,,,,,,,,,,,,,,,,,,,,,,,,,,,,,,,,,,,"Lakers entered as co-favorites in the West, faced competitive series before reaching Finals","Knicks faced challenging opponents, performed well to secure spot in the Finals",,,,,,,,,,,,,,,,,,,,,,,,,,,,,,,,,,,,,,,,,,,,,,,,,,,,,,,,,,,,,,,,,,,,,,,,,,,,,,,1973 NBA Finals
Boston Celtics vs. Milwaukee Bucks,,"Kareem Abdul-Jabbar, Oscar Robertson, John Havlicek",,,,Boston Celtics,,7,,,,,,Celtics ousted defending champion New York Knicks,,,,,,,,,,,,Boston Celtics defeated Milwaukee Bucks 4-3,"Havlicek vs. Abdul-Jabbar, Cowens vs. Dandridge","Celtics entered prime of their careers, poised for a title run",,,,,,,,,,,,,,,,,,,,,,,,,,,,,,,,,,,,,,,,,,,,,,,,,,Celtics won a franchise record 68 games,Lucius Allen's injury impacted Bucks' performance,,,,,,,,,,,,,,,,,,,,,,,,,,,,,,,,,,,,,,,,,,,,,,,,,,,,,,,,,,,,,,,,,,,,,,,,,,,,,1974 NBA Finals
Golden State Warriors vs. Washington Bullets,Golden State Warriors swept the Washington Bullets in 4 games,"Rick Barry, Nate Thurmond","First NBA Finals with two African American head coaches, Warriors' underdog victory, scheduling difficulties leading to venue change",Rick Barry,,,,,,,,,,,,,,,,,,,,,,,,,,,,,,,,,,,,,,,,,,,,,,,,,,,,,,,,,,,,,,,,,,,,,,,,,,,,Cow Palace in Daly City,Odd 1-2-2-1-1 format due to venue scheduling conflicts,Al Attles (Warriors) and K. C. Jones (Bullets),,,,,,,,,,,,,,,,,,,,,,,,,,,,,,,,,,,,,,,,,,,,,,,,,,,,,,,,,,,,,,,,,,,,,,,,,,1975 NBA Finals
Boston Celtics vs. Phoenix Suns,Boston Celtics defeated Phoenix Suns 4-2,,"Suns' redemption through drafting key players, Celtics seeking to capitalize on missed opportunity in 1975 playoffs",Jo Jo White,,,,,,,,,,,,,,,,,,,,,,,,,,,,,,,,,,,,,,,,,,,,,,,,,,,,,,,,,,,,,,,,,,,,,,,,,,,,,,,"Entered the NBA as an expansion team in 1968, improved through draft picks, and upset previous champions to reach Finals","Seeking redemption for previous playoff failures, maintained core team, and made key acquisitions",,,,,,,,,,,,,,,,,,,,,,,,,,,,,,,,,,,,,,,,,,,,,,,,,,,,,,,,,,,,,,,,,,,,,,,,1976 NBA Finals
Portland Trail Blazers vs. Philadelphia 76ers,Portland Trail Blazers defeated Philadelphia 76ers in a 4-2 series,"Julius Erving, Maurice Lucas",Portland overcame a 2-0 deficit to win the series with four straight wins,Bill Walton,1977,,Philadelphia 76ers had the advantage,,Best-of-seven series,,,,,,,,,,,,,,,,,,,,,,,,,,,,,,,,,,,,,,,,,,,,,,,,,,,,,,,,,,,,,,,,,,,,,,,,,,,,,,,,,,,,,,,,,,,,,,,,,,,,,,,,,,,,,,,,,,,,,,,,,,,,,,,,,,,,,,,,,,,,,,,,,,,1977 NBA Finals
Seattle SuperSonics vs. Washington Bullets,Washington Bullets defeated Seattle SuperSonics in seven games to win the NBA championship,"Jack Sikma, Fred Brown, Paul Silas, John Johnson, Dennis Johnson, Gus Williams","Last time a road team had won Game 7 in the NBA Finals before the Cleveland Cavaliers in 2016, first NBA Finals series since 1958 where both teams had under 50 wins, Seattle SuperSonics overcome a disappointing start to the season under coach Lenny Wilkens, Washington Bullets win their first NBA championship after previous Finals losses in the 1970s.",Wes Unseld,,Washington Bullets,,,,,,,,,,,,,,,,,,,,,,,,,,,,,,,,,,,,,,,,,,,,,,,,,,,,,,,,,,,,,,,,,,,,,,,,,,,,,,,,,,,,,,,,,,,,,,,,,,,,,,,,,,,,,,,,,,,,,,,,,,,,,,,,,,,,,,,,,,,,,,,,,,,,,,1978 NBA Finals
Seattle SuperSonics vs. Washington Bullets,Seattle SuperSonics defeated Washington Bullets 4-1,,,Dennis Johnson,,Seattle SuperSonics,,,,,,Washington Bullets,,,,,,,,,,,,,,,,,,,,,,,,,,,,,,,,,,,,,,,,,,,,,,,,,,,,,,,,,,,,,,,,,,,,,,,,,Gus Williams (SuperSonics),- Seattle's second men's professional sports championship,"- Informally dubbed the ""George Washington series""",- Most recent title for a Western Conference team not in Texas or California,- Last NBA championship won by a team from the Northwest Division,,,,,,,,,,,,,,,,,,,,,,,,,,,,,,,,,,,,,,,,,,,,,,,,,,,,,,,,,,,,,,,,,,,1979 NBA Finals
Los Angeles Lakers vs. Philadelphia 76ers,Lakers defeated 76ers 4-2,"Kareem Abdul-Jabbar, Magic Johnson, Jamaal Wilkes, Norm Nixon","Abdul-Jabbar's injury, Magic Johnson's versatile performance, Lakers winning on the road",Magic Johnson,,,,,,,,,,,,,,,,,,,,,,,,,,,,,,,,,,,,,,,,,,,,,,,,,,,,,,,,,,,,,,,,,,,,,,,,,,,,,,,,,,,,,,"Magic Johnson's 42 points, 15 rebounds, and 7 assists in Game 6",,,,,,,,,,,,,,,,,,,,,,,,,,,,,,,,,,,,,,,,,,,,,,,,,,,,,,,,,,,,,,,,,,1980 NBA Finals
Boston Celtics vs Houston Rockets,Boston Celtics defeated Houston Rockets in the NBA Finals,,,,,,,,,,,,,,,,,"Moses Malone, Calvin Murphy, Rudy Tomjanovich, Robert Reid, Mike Dunleavy Sr., others",,,,,,,,,,,,,,,,,,,,,,,,,,,,,,,,,,,,,,,,,,,,,,,,,,,,,,,,,,,,,,,,,,,,,,,,,"Boston Celtics finished with a record of 62-20, while Houston Rockets had a 40-42 record",Calvin Murphy set records for consecutive free throws and free throw percentage,Houston Rockets secured the last playoff spot on the final night of the regular season,,,,,,,,,,,,,,,,,,,,,,,,,,,,,,,,,,,,,,,,,,,,,,,,,,,,,,,,,,,,,,,1981 NBA Finals
Los Angeles Lakers vs. Philadelphia 76ers,Los Angeles Lakers defeated Philadelphia 76ers 4-2,"Magic Johnson, Kurt Rambis, Bob McAdoo",,,,,,,,,,,,,,,,,,,,,,,,,,,,,,,,,,,,,,,,,,,,,,,,,,,,,,,,,,,,,,,,,,,,,,,,,,,,,,,,,,,,,,,,,,,,First Finals conclusion on winning team's home court since 1977,"""Something to Prove""","June 8, 1982",,,,,,,,,,,,,,,,,,,,,,,,,,,,,,,,,,,,,,,,,,,,,,,,,,,,,,,,,,,,1982 NBA Finals
Philadelphia 76ers vs Los Angeles Lakers,Philadelphia 76ers defeated Los Angeles Lakers in a 4-0 sweep,,,Moses Malone,,,,,,,,,,,,,,"Julius Erving, Kareem Abdul-Jabbar, Moses Malone, Andrew Toney",,,,,,,,,,,,,76ers and Lakers were the only teams not to be won by Lakers or Celtics in the 1980s,,,,,,,,,,,,,,,,,,,,,,,,,,,,,,,,,,,,,,,,,,,,,,,,,,,,,,,,,,,,,,,,,,Philadelphia 76ers acquired Moses Malone from Houston Rockets,"76ers steamrolled through playoffs, defeating Knicks in semifinals and Bucks in five games",,,,,,,,,,,,,,,,,,,,,,,,,,,,,,,,,,,,,,,,,,,,,,,,,,,,,,,,,,1983 NBA Finals
Boston Celtics vs. Los Angeles Lakers,"Boston Celtics defeated Los Angeles Lakers in a seven-game Finals, winning Game 7 111–102","Larry Bird, Magic Johnson","Long-awaited rematch between Lakers and Celtics, Lakers won Game 1, Celtics tied series in Game 2 with critical steal, Celtics won Game 7",,,,,,,Larry Bird,,,,,,,,,,,,,,,,,,,,,,,,,,,,,,,,,,,,,,,,,,,,,,,,,,,,,,,,,,,,,,,,,,,,,,,,,,,,,,,,,,,,,,,,,"Odd scheduling due to television, Game 1 on a Sunday afternoon, Lakers won Sunday games, Celtics won games on Tuesday, Wednesday, Thursday, and Friday","Bird's performance in Game 5 despite high temperatures, Cedric Maxwell's 24 points in Game 7",,,,,,,,,,,,,,,,,,,,,,,,,,,,,,,,,,,,,,,,,,,,,,,,,,,,,,,,1984 NBA Finals
Boston Celtics vs. Los Angeles Lakers,Los Angeles Lakers defeated Boston Celtics 4-2,"Magic Johnson, Larry Bird, Kareem Abdul-Jabbar","Implementation of the 2-3-2 format, Lakers' first victory over Celtics in the Finals, transition to NBA Finals branding in 1986","Kareem Abdul-Jabbar, Los Angeles Lakers",,,,,,,,,,"Lakers swept Portland Trail Blazers, defeated Denver Nuggets",,,,,,,,,,,,,,,,,,"Celtics 63-19, Lakers 62-20",,,,,,,,,,,,,,,,,,,,,,,,,,,,,,,,,,,,,,,,,,,,,,,,,,,,,,,,,,,,,,,,,,,,,Magic Johnson vs. Larry Bird,Lakers led the league in scoring with a high average,Lakers led all NBA teams in rebounds and assists,,,,,,,,,,,,,,,,,,,,,,,,,,,,,,,,,,,,,,,,,,,,,,,,,,,,,1985 NBA Finals
Boston Celtics vs. Houston Rockets,Boston Celtics defeated Houston Rockets 4-2,Larry Bird,"Celtics' last championship until 2008, First use of ""NBA Finals"" branding, Last Finals before June, Switch to June-only games, Last Monday game until 1999, Final Memorial Day game until 1987, Last conclusion before June 10 until 2018",Larry Bird,,,,,,,"Dick Stockton, Tom Heinsohn, Brent Musburger, Pat O'Brien, Lesley Visser",,,,,,,,,,,,,,,,,,,,,,,,,,,,,,,,,,,,,,,,,,,,,,,,,,,,,,,,,,,,,,,,,,,,,,,,,,,,,,,,,,,,,,,,,,,,,,,,,,,,,,,,,,,,,,,,,,,,,,,,,,,,,,,,,,,,,,,,,,,,,,,,,1986 NBA Finals
Los Angeles Lakers vs. Boston Celtics,Los Angeles Lakers defeated Boston Celtics 4-2,,,,,,,,,,,,,,,,,,,,,,,,,,,,,,,,Magic Johnson's baby sky hook in Game 4,,,,,,,,,,,,,,,,,,,,,,,,,,,,,,,,,,,,,,,,,,,,,,,,,,,,,,,,,,,,,,,,,,,,,,,"Tenth meeting in the NBA Finals between Celtics and Lakers, first Finals series conducted entirely in June",First NBA Finals series on a Sunday-Tuesday-Thursday rotation,Selected by the Celtics but tragically died 48 hours after being drafted,,,,,,,,,,,,,,,,,,,,,,,,,,,,,,,,,,,,,,,,,,,,,,,,,,1987 NBA Finals
Los Angeles Lakers vs. Detroit Pistons,Los Angeles Lakers defeated Detroit Pistons 4-3,"Isiah Thomas, James Worthy, Byron Scott",,,,Los Angeles Lakers,,,,James Worthy,,Detroit Pistons,,,,,,,,,,,,,"Pat Riley (LAL), Chuck Daly (DET)",,,,,,,,Isiah Thomas scoring an NBA Finals record 25 third-quarter points in Game 6 despite an ankle injury,,,,,,,,,,,,,,,,,,,,,,,,,,,,,,,,,,,,,,,,,,,,,,,,,,,,,,,,,,,,,,,,,,,,,,,,,,First team to repeat as champions in 19 years,Lakers captured their 5th championship in the last 9 seasons,First NBA Finals since 1983 without the Boston Celtics,,,,,,,,,,,,,,,,,,,,,,,,,,,,,,,,,,,,,,,,,,,,,,,1988 NBA Finals
Detroit Pistons vs Los Angeles Lakers,Detroit Pistons swept Los Angeles Lakers in a 4-0 series,"Magic Johnson, Isiah Thomas, Joe Dumars","Pistons swept all four playoff series, Lakers were injury-riddled",Not specified,,Detroit Pistons,,,,,,,,"Lakers swept first three series, Pistons beat Celtics, Bucks, and Bulls",,,"Lakers won division, Magic Johnson won 2nd MVP",,,,,,,,,,,,,,,,,,,,,,,,,,,,,,,,,,,,,,,,,,,,,,,,,,,,,,,,,,,,,,,,,,,,,,,,,,,,,,,,,,,,,,,,,,,,,Pistons known as 'The Bad Boys' for physical play and demeanor,,,,,,,,,,,,,,,,,,,,,,,,,,,,,,,,,,,,,,,,,,,,,,1989 NBA Finals
Detroit Pistons vs. Portland Trail Blazers,Detroit Pistons defeated Portland Trail Blazers to win the NBA championship,"Isiah Thomas, Joe Dumars, Bill Laimbeer (Pistons); Clyde Drexler, Terry Porter (Blazers)",Pistons became the third franchise in NBA history to win back-to-back championships,,,,,,,,,,,,,,,,,,,,,,,,,,,,,,,,,,,,,,,,,,,,,,,,,,,,,,,,,,,,,,,,,,,,,,,,,,,,,,,,,,,,,,,,,,,,,,,,,,,,,,,,,,,,,,,,,,,,,,,,,,,,,,,,,,,,,,,,,,,,,,,,,,,,,,,,,1990 NBA Finals
Chicago Bulls vs. Los Angeles Lakers,Chicago Bulls defeated Los Angeles Lakers in a 4-1 series,"Jordan, Magic Johnson, James Worthy, Scottie Pippen","End of Lakers' Showtime era, beginning of Bulls' dynasty",Michael Jordan,,,Chicago Bulls,,,,,,,,,,,,,,,,,,,,,,,,,,,,,,,,,,,,,,,,,,,,,,,,,,,,,,,,,,,,,,,,,,,,,,,,,,,,,,,,,,,,,,,,,,,,,,,,,,,,,,,,,,,,,,,,,,,,,,,,,,,,,,,,,,,,,,,,,,,,,,,,,,,,,1991 NBA Finals
Chicago Bulls vs Portland Trail Blazers,Chicago Bulls defeated Portland Trail Blazers in a 4-2 series,"Michael Jordan, Scottie Pippen, Clyde Drexler, Terry Porter",,Michael Jordan,"June 3, 1992",,,,,,,,,,,,,,,,,,Best-of-seven format,,,,,,,,,,,,,,,,,,,,,,,,,,,,,,,,,,,,,,,,,,,,,,,,,,,,,,,,,,,,,,,,,,,,,,,,,,,,,,,,,,,,,,,,,,,,,,,,,,,,,,,,,,,,,,,,,,,,,,,,,,,,,,,,,,,,,1992 NBA Finals
Chicago Bulls vs. Phoenix Suns,"Chicago Bulls defeated Phoenix Suns in Game 6, securing a third consecutive championship title","Michael Jordan, Scottie Pippen, Charles Barkley, Kevin Johnson","John Paxson's game-winning 3-pointer in Game 6, Bulls aiming for a 'three-peat', Jordan and Pippen's participation in the Dream Team, Bulls' comeback against the New York Knicks",,,,,,,,,,,,,,,,,,,,,,,,,,,,,,,,,,,,,,,,,,,,,,,,,,,,,,,,,,,,,,,,,,,,,,,,,,,,,,,,,,,,,,,,,,,,,,,,,,,,,,,,,,,,Michael Jordan (Bulls) vs. Charles Barkley (Suns),,,,,,,,,,,,,,,,,,,,,,,,,,,,,,,,,,,,,,,,,,,,,1993 NBA Finals
Houston Rockets vs New York Knicks,Houston Rockets defeated New York Knicks 4-3,"Hakeem Olajuwon, Patrick Ewing",,Hakeem Olajuwon,,,,,,,,,,,,,,,,,,,,,,,,,,,,,,,,,,,,,,,,,,,,,,,,,,,,,,,,,,,,,,,,,,,,,,,,,,,,,,,,,,,,,,,,,,,,,,,,,,,,,,,,,,,,"Olajuwon outperformed Ewing, Ewing set a Finals record with 30 blocks","Rockets won their first NBA championship, Knicks looking for third trophy since 1973",,,,,,,,,,,,,,,,,,,,,,,,,,,,,,,,,,,,,,,,,,,1994 NBA Finals
Orlando Magic vs. Houston Rockets,Houston Rockets swept Orlando Magic 4-0,"Shaquille O'Neal, Hakeem Olajuwon","Nick Anderson's missed free throws in Game 1, Kenny Smith's three-pointers, Rockets' multiple achievements",Hakeem Olajuwon,,,,,2-3-2 Finals format,,,,,,,,,,,,,,,,,,,,,,,,,,,,,,,,,,,,,,,,,,,,,,,,,,,,,,,,,,,,,,,,,,,,,,,,,,,,,,,,,,,,,,,,,,,,,,,,,,,,,,,,,Rockets won nine road games in the 1995 playoffs,First repeat champions to sweep the Finals,Rockets won without home-court advantage,,,,,,,,,,,,,,,,,,,,,,,,,,,,,,,,,,,,,,,,1995 NBA Finals
Seattle SuperSonics vs Chicago Bulls,Chicago Bulls defeated Seattle SuperSonics in a 4-2 series,,,,,,,,,Michael Jordan,,,,,,,,,"Bulls won a league-high 72 games, SuperSonics had a record number of combined wins with 136",,,,,,,,,,,,,,,Best-of-seven series,,,,,,,,,,,,,,,,,,,,,,,,,,,,,,,,,,,,,,,,,,,,,,,,,,,,,,,,,,,,,,,,,,,,,,,,,,,,,,,,,,,"Bull's new core players included Dennis Rodman, team lost key members from previous championship seasons",Bulls broke regular season win record with 72 wins,,,,,,,,,,,,,,,,,,,,,,,,,,,,,,,,,,,,,,1996 NBA Finals
Chicago Bulls vs Utah Jazz,Chicago Bulls defeated Utah Jazz 4-2,"Michael Jordan, John Stockton, Karl Malone","Bulls settled for a 69-13 record, Jazz emerged as a force in the West led by Stockton and Malone",,,,,,,,,,,,,,,,"Bulls won 69, Jazz won 64",,,,,,,,,,Michael Jordan,,,,,,,,,,,,,,,,,,,,,,,,,,,,,,,,,,,,,,,,,,,,,,,,,,,,,,,,,,,,,,,,,,,,,,,,,,,,,,,,,,,,,,,,,,,,,,,,,,,,,,,,,,,,,,,,,,,,,,,,,,,,,,,1997 NBA Finals
Chicago Bulls vs. Utah Jazz,Chicago Bulls defeated Utah Jazz in a 4-2 series,,,,,,,,,Michael Jordan,,,,,,Jazz had the best record despite both teams finishing with 62 wins,,,,Repeat of the previous year's Finals matchup,,,,,,,,,,Jazz overcame challenges from Rockets and Spurs,,,,,Highest Nielsen TV ratings in NBA history,,,,,,,,,,,,,,,,,,,,,,,,,,,,,,,,,,,,,,,,,,,,,,,,,,,,,,,,,,,,,,,,,,,,,,,,,,,,,,,,,,,,Bulls considered underdogs heading into the series,Scottie Pippen expressed motivation as underdogs,"Bulls won their sixth championship in eight seasons, Jordan's sixth Finals MVP",,,,,,,,,,,,,,,,,,,,,,,,,,,,,,,,,,,1998 NBA Finals
San Antonio Spurs vs New York Knicks,San Antonio Spurs defeated New York Knicks 4-1,,,,,,,,,,,,,,,,,"David Robinson, Tim Duncan",,,,,,,,,,,,,,,,,,,,,,,,,,,,,,,,,,,,,,,,,,,,,,,,,,,,,,,,,,,,,,,,,,,,,,,,,,,,,,,,,,,,,,,,,,,,,,,,,,,,,,,,"Due to a labor dispute, season was 50 games/team",Pairing of David Robinson and Tim Duncan,"Top seed in the West, back-to-back sweeps",Spurs' first trip to the NBA Finals,,,,,,,,,,,,,,,,,,,,,,,,,,,,,,,1999 NBA Finals
Los Angeles Lakers vs. Indiana Pacers,Los Angeles Lakers defeated Indiana Pacers in a 4-2 series,"Shaquille O'Neal, Kobe Bryant, Phil Jackson",,Shaquille O'Neal,,,,,,,,,,,,,,,,,,,,,,,,,,,,,,Best-of-seven series,,,,,,,,,,,,,,,,,,,,,,,,,,,,,,,,,,,,,,,,,,,,,,,,,,,,,,,,,,,,,,,,,,,,,,,,,,,,,,,,,,,,,,,,,,,,Los Angeles Lakers had the home court advantage,"Lakers signed Phil Jackson as coach, built team around O'Neal",,,,,,,,,,,,,,,,,,,,,,,,,,,,,2000 NBA Finals
Los Angeles Lakers vs. Philadelphia 76ers,"Los Angeles Lakers defeated Philadelphia 76ers, 4-1",,"Lakers struggle early in the season, finish 56-26 and secure the number 2 seed in the West",Shaquille O'Neal,,,,,,,,,,,,,,,,,,,,,,,,,,,,,,,,,,,,,,,,,,,,,,,,,,,,,,,,,,,,,,,,,,,,,,,,,,,,,,,,,,,,,,,,,,,,,,,,,,,,,,,,,,,,,,,,,,,,,,,,,,,,Robert Horry hits a crucial three-pointer in Game 3,"Despite being out-shot and out-rebounded, Lakers utilize three-point shooting effectively",,,,,,,,,,,,,,,,,,,,,,,,,,,2001 NBA Finals
Los Angeles Lakers vs. New Jersey Nets,Los Angeles Lakers swept New Jersey Nets 4-0,"Shaquille O'Neal, Phil Jackson, Kenyon Martin",,Shaquille O'Neal,,,,,,,NBC,,,,,,,,,,,,,,,,,,,,,,,,,,,,,,,,,,,,,,,,,,,,,,,,,,,,,,,,,,,,,,,,,,,,,,,,,,,,,,,,,,,,,,,,,,,,,,,,,,,,,,,,,,,,,,,,,,,,,,,,,,,,,,,,,,,,,,,,,,,,,,,,,2002 NBA Finals
,Spurs 4-2,"Tim Duncan, David Robinson, Steve Kerr","Spurs' first season at SBC Center, retirements of Robinson and Kerr, successful season and playoffs leading to the Finals.",Tim Duncan,,San Antonio Spurs,,,,,"Brad Nessler, Bill Walton, Tom Tolbert",New Jersey Nets,,,,,,,,,,,,,,,,,,,,,,,,,,,,,,,,,,,,,,,,,,,,,,,,,,,,,,,,,,,,,,,,,,,,,,,,,,,,,,,,,,,,,,,,,,,,,,,,,,,,,,,,,,,,,,,,,,,,,,2003,,,,,,,,,,,,,,,,,,,,,,,,,,2003 NBA Finals
Los Angeles Lakers vs. Detroit Pistons,Detroit Pistons defeated Los Angeles Lakers in 5 games,"Kobe Bryant, Shaquille O'Neal, Bill Walton, Karl Malone","Pistons' victory as underdogs, Pistons owner William Davidson's double championship in one year, Lakers' previous championships, and offseason changes",,,,,,,,,,,,,,,,,,,,,,,,,,,,,,,,,,,,,,,,,,,,,,,,,,,,,,,,,,,,,,,,,,,,,,,,,,,,,,,,,,,,,,,,,,,,,,,,,,,,,,,,,,,,,,,,,,,,,,,,,,,,,,,,,,,,,,,,,,,,,,,,,,,,,,,,,2004 NBA Finals
San Antonio Spurs vs Detroit Pistons,San Antonio Spurs defeated Detroit Pistons in a 4-3 series,"Tim Duncan, David Robinson, Rasheed Wallace, Chauncey Billups","First NBA Finals to go to a Game 7 since 1994, first matchup of previous two NBA champions since 1987, clash of top defensive teams, Spurs won despite Pistons being defending champions, Spurs known for faster pace, Pistons for defense",Tim Duncan,,,San Antonio Spurs,,,,"ABC - Al Michaels, Hubie Brown; ESPN Radio - Jim Durham, Dr. Jack Ramsay",,,,,,,,,,,,,,,,,,,,,,,,,,,,,,,,,,,,,,,,,,,,,,,,,,,,,,,,,,,,,,,,,,,,,,,,,,,,,,,,,,,,,,,,,,,,,,,,,,,,,,,,,,,,,,,,,,,,,,,,Both teams performed well when scoring over 100 points,"San Antonio Spurs had won two championships, Detroit Pistons had won three",,,,,,,,,,,,,,,,,,,,,,,,2005 NBA Finals
Dallas Mavericks vs Miami Heat,Miami Heat defeated Dallas Mavericks in 4-2 series,,,Dwyane Wade,,,,,,,,,,,,,,,,,,,,,,,,,,,"First Finals featuring two teams in their first finals, first finals with two teams who had never won an NBA Championship",,,,,,,,,,,,,,,,,,,,,,,,,,,,,,,,,,,,,,,,,,,,,,,,,,,,,,,,,,,,,,,,,,,,,,,,,,,,,,,,,,,,,,,,,,,,,,,,,,,,,,"First NBA Finals without the Lakers or Spurs in the 2000s, Heat's rise to prominence after drafting Dwyane Wade, Heat's first win against a team from Texas in the finals",,,,,,,,,,,,,,,,,,,,,,,2006 NBA Finals
San Antonio Spurs vs Cleveland Cavaliers,San Antonio Spurs defeated Cleveland Cavaliers in a 4-0 sweep,,,Tony Parker,"June 7, 2007",,San Antonio Spurs had the advantage,,"2-3-2 format for the Finals, 2-2-1-1-1 format for other playoff series",,,,,,,Cleveland Cavaliers won both games in the regular season series,,,,,,,,,,,,,,,,,,,Produced lowest ratings in NBA Finals history until 2020,,,,,,,,,,,,,,,,,,,,,,,,,,,,,,,,,,,,,,,,,,,,,,,,,,,,,,,,,,,,,,,,,,,,,,,,,,,,,,,,,,,,,,,,,,,,,,,,,,,,,,,,,,,,,,,,,,,,,,,,,2007 NBA Finals
Boston Celtics vs Los Angeles Lakers,Boston Celtics defeated Los Angeles Lakers 4-2,"Paul Pierce, Ray Allen, Kevin Garnett","Celtics formed ""Big 3"" with Pierce, Allen, and Garnett; Celtics won their first title since 1986",Paul Pierce,"June 5, 2008",,,6,,,,,,,"June 17, 2008",,,,,,,,,,,,,,,,,,,,,,,,,,,,,,,,,,,,,,,,,,,,,,,,,,,,,,,,,,,,,,,,,,,,,,,,,,,,,,,,,,,,,,,,,,,,,,,,,,,,,,,,,,,,,,,,,,,,,,,,,,,,,,,,,,,,,,,,,,,,,2008 NBA Finals
Los Angeles Lakers vs. Orlando Magic,Lakers defeated Magic 4-1 to win the championship,"Kobe Bryant, Pau Gasol, Dwight Howard, Rashard Lewis",,,"June 4, 2009",,Los Angeles Lakers had the advantage,,2-3-2 rotation for the Finals,,U.S. television broadcast on ABC,,,,,,,,,,"Lakers' victories over Jazz, Rockets, and Nuggets; Magic's wins over 76ers, Celtics, and Cavaliers",,,,,,,,,,,,,,,,,,,,,,,,,,,,,,,,,,,,,,,,,,,,,,,,,,,,,,,,,,,,,,,,,,,,,,,,,,,,,,,,,,,,,,,,,,,,,,,,,,,,,,,,,,,,,,,,,,,,,,,,,,,,,,,,,,,,,,,2009 NBA Finals
Los Angeles Lakers vs Boston Celtics,Los Angeles Lakers defeated Boston Celtics 4-3,"Kobe Bryant, Pau Gasol, Ron Artest, Ray Allen, Derek Fisher","Lakers won their second consecutive NBA championship, Lakers had home-court advantage, Celtics defeated Orlando Magic and Cleveland, Lakers defeated Phoenix Suns and Utah Jazz",Kobe Bryant,,,,,,,ABC,,,,,,,,,,,,,,,,,,,,,,,,,,,,,,,,,,,,,,,,,,,,,,,,,,,,,,,,,,,,,,,,,,,,,,,,,,,,,,,,,,,,,,,,,,,,,,,,,,,,,,,,,,,,,,,,,,,,,,,,,,,,,,,,,,,,,,,,,,,,,,,,,2010 NBA Finals
Dallas Mavericks vs. Miami Heat,Dallas Mavericks defeated Miami Heat in six games,,,,,,,,,Dirk Nowitzki,,,,,,,,,,,,"May 31 - June 12, 2011",,,,,,,,,,,,,,,,,,,,,,,,,,,,,,,,,,,,,,,,,,,,,,,,,,,,,,,,,,,,,,,,,,,,,,,,,,,,,,,,,,,,,,,,,,,,,,,,,,,,,,,,,,,,,,,,"Rematch of the 2006 NBA Finals, won by Miami Heat in six games",Mavericks became first team to win Finals after losing Game 3,,,,,,,,,,,,,,,,,,,,,2011 NBA Finals
Miami Heat vs. Oklahoma City Thunder,Miami Heat defeated Oklahoma City Thunder 4-1,"LeBron James, Dwyane Wade, Chris Bosh",,LeBron James,,,,,,,,,,,,,,,Miami Heat finished with 46 victories before playoffs,"Miami Heat appeared previously in 2006 and 2011 Finals, Oklahoma City Thunder's first Finals appearance post-relocation in 2012",,,,,,,,,,,,,,,,,,,,,,,,,,,,,,,,,,,,,,,,,,,,,,,,,,,,,,,,,,,,,,,,,,,,,,,,,,,,,,,,,,,,,,,,,,,,,,,,,,,,,,,,,,,,,,,,,,,,,,,,,,,,,,,,,,,,,,,,2012 NBA Finals
Miami Heat vs. San Antonio Spurs,"Miami Heat defeated San Antonio Spurs 4-3, winning second consecutive title",,,,,,,,,,,,,,,,,,,Spurs had won all previous four Finals appearances,,,,Miami Heat had home-court advantage based on regular season record,,,,,,,,,,,,,,,,,,,,,,,,,,,,,,,,,,,,,,,,,,,,,,,,,,,,,,,,,,,,,,,,,,,,,,,,,,,,,,,,,,,,,,,,,,,,,,,,,,,,,,,,,,,,,,,,"June 6 to June 20, 2013","Heat's third consecutive Finals appearance, international players record, Tim Duncan's historic appearance",,,,,,,,,,,,,,,,,,,2013 NBA Finals
San Antonio Spurs vs. Miami Heat,San Antonio Spurs defeated Miami Heat in 5 games,"LeBron James, Dwyane Wade, Chris Bosh",,,"June 5, 2014",,,,2-2-1-1-1,Kawhi Leonard,,,,,"June 15, 2014",,,,,,,,,,,,,,,,,,,,,,,,,,,,,,,,,,,,,,,,,,,,,,,,,,,,,,,,,,,,,,,,,,,,,,,,,,,,,,,,,,,,,,,,,,,,,,,,,,,,,,,,,,,,,,,,,,,,,,,,,,,Spurs outscored Heat by 14.0 points per game,San Antonio Spurs had the advantage,Miami Heat won in 7 games in the previous season,Fifth rematch since the ABA-NBA merger in 1976,Miami Heat's fourth straight Finals appearance,,,,,,,,,,,,,,2014 NBA Finals
Golden State Warriors vs. Cleveland Cavaliers,Golden State Warriors defeated Cleveland Cavaliers in 6 games,"Stephen Curry, LeBron James",,,,,,,,Andre Iguodala,,,,,,,,,,,,,,,,,,,,,,,,,,,,,,,,,,,,,,,,,,,,,,,,,,,,,,,,,,,,,,,,,,,,,,,,,,,,,,,,,,,,,,,,,,,,,,,,,,,,,,,,,,,,,,,,,,,,,,,,,,,,,,,,,,,,,"Warriors won their first title in 40 years, Cavaliers since 1970",Both teams had first-year head coaches in the Finals,"Averaged 35.8 points, 13.3 rebounds, 8.8 assists","Kevin Love missed the series, Kyrie Irving missed last 5 games",,,,,,,,,,2015 NBA Finals
Cleveland Cavaliers vs Golden State Warriors,Cleveland Cavaliers defeated Golden State Warriors 4-3,,14th rematch of previous NBA Finals in history; first Finals since 2008 with number one seeds meeting; Cavaliers overcoming a 3-1 series deficit to win the championship; first Game 7 since 1978 won by the road team; new scheduling format implemented for the Finals to allow extra days off for traveling teams,LeBron James,,,,,,,,,,,,,,,,,,,,,,,,,,,,,,,,,,,,,,,,,,,,,,,,,,,,,,,,,,,,,,,,,,,,,,,,,,,,,,,,,,,,,,,,,,,,,,,,,,,,,,,,,,,,,,,,,,,,,,,,,,,,,,,,,,,,,,,,,,,,,,,Cavaliers became the fourth team to win the championship after losing the first two games; LeBron James won the Finals MVP unanimously with all 11 votes; Golden State recorded the largest combined margin of victory in NBA Finals history through two games,,,,,,,,,2016 NBA Finals
Golden State Warriors vs Cleveland Cavaliers,Golden State Warriors defeated Cleveland Cavaliers 4-1,,,Kevin Durant,,,,,,,,,,,,,Golden State Warriors: 67-15 record; Cleveland Cavaliers: 51-31 record,,,,,,,,,,,,,,,,,,,,,,,,,,,,,,,,,,,,,,,,,,,,,,,,,,,,,,,,,,,,,,,,,,,,,,,,,,,,,,,,,,,,,,,,,,,,,,,,,,,,,,,,,,,,,,,,,,,,,,,,,,,,,,,,,,,Golden State started playoffs with a historic 12-0 record,Warriors' 15-0 start in the playoffs is the most consecutive wins in NBA history; 16-1 record is the best winning percentage in NBA playoff history,,,,,,,2017 NBA Finals
Golden State Warriors vs Cleveland Cavaliers,Golden State Warriors swept Cleveland Cavaliers 4-0,"LeBron James, Kevin Durant",,Kevin Durant,"May 31, 2018",,Golden State Warriors,,,,,,,,"June 8, 2018",,,,,,,,,,,,,,,,,"GSW 58-24, CLE 50-32",,,,,,,,,,,,,,,,,,,,,,,,,,,,,,,,,,,,,,,,,,,,,,,,,,,,,,,,,,,,,,,,,,,,,,,,,,,,,,,,,,,,,,,,,,,,,,,,,,,,,,,,,,,,,,,,,,,,,,"Same teams met for championship 4 years in a row, one of the teams swept for first time since 2007",,,,,,2018 NBA Finals
Toronto Raptors vs Golden State Warriors,Toronto Raptors defeated Golden State Warriors with a 4-2 series win,"Kawhi Leonard, DeMarcus Cousins, LeBron James (prior Finals appearances)",,Kawhi Leonard,,,Toronto Raptors had the advantage to host more games due to a better regular season record,,,,,,,,,,,,,,,,,,,,,,,,,,,,,,,,,,,,,,,,,,,,,,,,,,,,,,,,,,,,,,,,,,,,,,,,,,,,,,,,,,,,,,,,,,,,,,,,,,,,,,,,,,,,,,,,,,,,,,,,,,,,,,,,,,,,,,,,,,,,,,,,,,,,,2019 NBA Finals
Los Angeles Lakers vs. Miami Heat,Los Angeles Lakers defeated Miami Heat 4-2,"LeBron James, Danny Green, Erik Spoelstra, Pat Riley","Lakers' 17th title, LeBron's 4th Finals MVP, Lakers president Jeanie Buss as first female owner to win title, first matchup between Lakers and Heat, play resuming in NBA Bubble at Walt Disney World due to COVID-19",LeBron James,,,,,,,,,,,,,,,,,,,,,,,,,,,,,,,,,,,,,,,,,,,,,,,,,,,,,,,,,,,,,,,,,,,,,,,,,,,,,,,,,,,,,,,,,,,,,,,,,,,,,,,,,,,,,,,,,,,,,,,,,,,,,,,,,,,,,,,,,,,,,,,,,,,,,,,,2020 NBA Finals
Milwaukee Bucks vs Phoenix Suns,Milwaukee Bucks defeated Phoenix Suns 4-2,,,Giannis Antetokounmpo,"July 6, 2021",,Phoenix Suns took the lead 2-0,,,,,,,,,,,,,,,,,,,,,,,,,,,,,,,,,,,,,,,,,,,,,,,,,,,,,,,,,,,,,,,,,,,,,,,,,,,,,,,,,,,,,,,,,,,,,,,,,,,,,,,,,,,,,,,,,,,,,,,,,,,,,,,,,,,,,,,,,,,,,,,,Bucks won their first championship in 50 years,First Finals since 1971 without previous champions,Bucks won and selected Kareem Abdul-Jabbar in 1969,,,2021 NBA Finals
Golden State Warriors vs Boston Celtics,Golden State Warriors defeated Boston Celtics 4-2,,,Stephen Curry,"June 2, 2022",,Golden State Warriors,6,,,,,,,"June 16, 2022",,,,,,,,,,,,,,,,,,,,,,,,,,,,,,,,,,,,,,,,,,,,,,,,,,,,,,,,,,,,,,,,,,,,,,,,,,,,,,,,,,,,,,,,,,,,,,,,,,,,,,,,,,,,,,,,,,,,,,,,,,,,,,,,,,,,,,,,,,,YouTube TV,"Rematch of the 1964 NBA Finals, Celtics made coaching changes during the 2021 offseason",2022 NBA Finals
