Satellite Name,Launch Date,Launch Vehicle,Other Names,Launch Time (UTC),Manufacturer,Design Life,Orbit Details,Orbital Period,Inclination,Launch Site,Operator,Purpose,Current Status,Configuration,Orbit Perigee,Orbit Apogee,PRN Signal,Constellation Slot,Orbit Inclination,Mass at Launch,Orbit Period,Satellite Bus,Operational Status,Milstar Block I DFS-1,Milstar Block I DFS-2,Milstar Block II (first satellite),Expected Lifespan,Communication Payload,Propulsion System,Payload,Power Source,Notable Incidents,Mission,Mission Duration,Mission Description,Mission Designation,Weight,Program Manager,Mission Objectives,Dimensions,Launch Time,Secondary Payloads,Orbital Inclination,Orbit,Mass,Launch Outcome,Deployment Status,Mission Details,Orbit Location,Landing Location,Deployment Details,Landing Site,Landing Time (UTC),Type,Additional Details,Project Status,Related Incidents,Primary Contractor,Delta-v,Final Status,Design,Performance,Designers,Launch Location,Modifications,Wing Dimensions,Number of Spacecraft,Main Objective,Program Funding,Fourth Stage Developer,Technical Features,Primary Mission Outcome,Satellite Names,Funding,Development Funding Source,Key Technology Features,Funding Source,Unique Characteristic,Program Name,Announced by,Announcement Date,Advanced Weapon Concepts Studied,Organization overseeing development,Year of establishment of SDIO,Directed by,Technologies Studied,Research Investment Focus,Lead of Innovative Sciences and Technology Office,Research Funding Sources,Contributions to Science and Engineering,Conclusion by American Physical Society,Destruction Details,Development Contractors,Launch Weight,Destruction Method,Details,Liftoff Time (UTC),Primary Payload,Background Information,COSPAR Code,Specific Use,Record,Mission Type,Antennas,Antenna Diameter,Director,Liftoff Direction,Official Updates,International Desig.,Payloads,Orbit Type,Operational Handover,Imaging Capabilities,Carrier Rocket,Deployment Orbit,Features,Postponed Launch Date,Records Broken,Landing Date,Orbit Duration,Operator/Manufacturer,Space Segment,Control Segment,Terminal Segment,Expected Operational Life,Flight Number,Notable Incident,Mission Logo,Payloads onboard,Significant Achievements,Orbital Position,System Segments,Bandwidth,Procurement Details,Longitude,System Components,Procurement,Key Feature,Bus Type,Sensors,Key Features,Notable Capabilities,Orbital Location,International Partners,Longevity,Objectives,Onboard Payloads,Duration in Orbit,Controversy,Reason for Failure,Launch Sequence,Tail Number,Deorbit Purpose,Primary Function,Purpose/Usage,Misty (1st Satellite),Misty (2nd Satellite),Misty (3rd Satellite),Shuttle Used,Crew Change,Payload Description,Notable Outcome,Development Entity,trigger
USA-10,9 October 1985,Atlas E,"Navstar 11, GPS I-11, GPS SVN-11",,Rockwell Space Systems,5 years,"19,829 km (perigee), 20,532 km (apogee)",717.90 minutes,63.40°,Vandenberg Air Force Base,,Navigation satellite,,,,,,,,,,,,,,,,,,,,,,,,,,,,,,,,,,,,,,,,,,,,,,,,,,,,,,,,,,,,,,,,,,,,,,,,,,,,,,,,,,,,,,,,,,,,,,,,,,,,,,,,,,,,,,,,,,,,,,,,,,,,,,,,,,,,,,,,,,,,,,,,,,,,,,,,USA-10
USA-100,10 March 1994,Delta II,"GPS IIA-15, GPS II-24, GPS SVN-36",03:40:01,Rockwell Space Systems,7.5 years,"19,986 km (perigee), 20,315 km (apogee)",716.69 minutes,54.9°,,,,,,,,,,,,,,,,,,,,,,,,,,,,,,,,,,,,,,,,,,,,,,,,,,,,,,,,,,,,,,,,,,,,,,,,,,,,,,,,,,,,,,,,,,,,,,,,,,,,,,,,,,,,,,,,,,,,,,,,,,,,,,,,,,,,,,,,,,,,,,,,,,,,,,,,,,,USA-100
Space Shuttle Atlantis (STS-51-J),3 October 1985,,,15:15:30,,,,,,"Kennedy Space Center, Florida",,,,,,,,,,,,,,,,,,,,U.S. Department of Defense payload (classified),,,,"4 days, 1 hour, 44 minutes, 38 seconds",,,,,,,,,,,,,,,,,Two DSCS-III satellites launched into stationary orbits by an Inertial Upper Stage,"Edwards Air Force Base, California",17:00:08,,,,,,,,,,,,,,,,,,,,,,,,,,,,,,,,,,,,,,,,,,,,,,,,,,,,,,,,,,,,,,,,,,,,,,,,,,,,,,,,,,,,,,,,,,,,,,,,,,,,,,,,,,,,,,,USA-11
,,,,,,,,,,,,,,,,,,,,,,,,-X wing payload deactivated,Replaced classified payload with ballast,Placed into lower orbit and damaged during deployment,,,,,,,,,,,,,,,,,,,,,,,,,,,,,,,,,,,,,,,,,,,,,,,,,,,,,,,,,,,,,,,,,,,,,,,,,,,,,,,,,,,,,,,,,,,,,,,,,,,,,,,,,,,,,,,,,,,,,,,,,,,,,,,,,,,,,,,,,,USA-115
USA-117,28 March 1996,Delta II,"GPS IIA-16, GPS II-25, GPS SVN-33",00:21:00,Rockwell Space Systems,7.5 years,"20,078 km (perigee), 20,282 km (apogee)",718.00 minutes,54.70°,,,,,,,,,,,,,,,,,,,,,,,,,,,,,,,,,,,,,,,,,,,,,,,,,,,,,,,,,,,,,,,,,,,,,,,,,,,,,,,,,,,,,,,,,,,,,,,,,,,,,,,,,,,,,,,,,,,,,,,,,,,,,,,,,,,,,,,,,,,,,,,,,,,,,,,,,,,USA-117
USA-126,16 July 1996,Delta II,"GPS IIA-17, GPS II-26, GPS SVN-40",00:50:00,Rockwell Space Systems,7.5 years,Transfer orbit,723.60 minutes,55.03°,,,,,,,,,,,,,,,,,,,,,,,,,,,,,,,,,,,,,,,,,,,,,,,,,,,,,,,,,,,,,,,,,,,,,,,,,,,,,,,,,,,,,,,,,,,,,,,,,,,,,,,,,,,,,,,,,,,,,,,,,,,,,,,,,,,,,,,,,,,,,,,,,,,,,,,,,,,USA-126
USA-128,12 September 1996,Delta II,"GPS IIA-18, GPS II-27, GPS SVN-30",08:49:00,Rockwell Space Systems,7.5 years,"20,058 km (perigee), 20,305 km (apogee)",717.94 minutes,54.7°,,,,,,,,,,,,,,,,,,,,,,,,,,,,,,,,,,,,,,,,,,,,,,,,,,,,,,,,,,,,,,,,,,,,,,,,,,,,,,,,,,,,,,,,,,,,,,,,,,,,,,,,,,,,,,,,,,,,,,,,,,,,,,,,,,,,,,,,,,,,,,,,,,,,,,,,,,,USA-128
USA-130,1997,,,,,,,,,,,,,,,,,,,,,,Out of Service,,,,,,,,,,,,,,,,,,,,,,,,,,,,,,,DSP-I Block 5,"Reconnaissance satellite, Defense Support Program satellite",,,,,,,,,,,,,,,,,,,,,,,,,,,,,,,,,,,,,,,,,,,,,,,,,,,,,,,,,,,,,,,,,,,,,,,,,,,,,,,,,,,,,,,,,,,,,,,,,,,,,,,,,,,,,USA-130
USA-132,23 July 1997,Delta II,"GPS IIR-2, GPS SVN-43",03:43:01,Lockheed Martin,10 years,"19,023 km (perigee), 20,224 km (apogee)",713.00 minutes,54.90°,,,,,,,,,,,,,,,,,,,,,,,,,,,,,,,,,,,,,,,,,,,,,,,,,,,,,,,,,,,,,,,,,,,,,,,,,,,,,,,,,,,,,,,,,,,,,,,,,,,,,,,,,,,,,,,,,,,,,,,,,,,,,,,,,,,,,,,,,,,,,,,,,,,,,,,,,,,USA-132
USA-135,6 November 1997,Delta II,"GPS IIA-19, GPS II-28, GPS SVN-38",00:30:00,Rockwell Space Systems,7.5 years,"19,923 km (perigee), 20,644 km (apogee)",722.00 minutes,54.90°,,,,,,,,,,,,,,,,,,,,,,,,,,,,,,,,,,,,,,,,,,,,,,,,,,,,,,,,,,,,,,,,,,,,,,,,,,,,,,,,,,,,,,,,,,,,,,,,,,,,,,,,,,,,,,,,,,,,,,,,,,,,,,,,,,,,,,,,,,,,,,,,,,,,,,,,,,,USA-135
,,,,,,,,,,,,,,,,,,,,,,,,-X wing payload deactivated,Replaced classified payload with ballast,Placed into lower orbit and damaged during deployment,,,,,,,,,,,,,,,,,,,,,,,,,,,,,,,,,,,,,,,,,,,,,,,,,,,,,,,,,,,,,,,,,,,,,,,,,,,,,,,,,,,,,,,,,,,,,,,,,,,,,,,,,,,,,,,,,,,,,,,,,,,,,,,,,,,,,,,,,,USA-143
Misty Satellite,1 March 1990,Space Shuttle Atlantis,,,,,,,,,,,,,,,,,,,,,,,,,,,,,,,,,,,,,,,,,,,,,,,,,,,,,,Classified reconnaissance project,"Objects decayed, launches planned, program cancelled",Lockheed Martin Space Systems,,,,,,,,,,,,,,,,,,,,,,,,,,,,,,,,,,,,,,,,,,,,,,,,,,,,,,,,,,,,,,,,,,,,,,,,,,,,,,,,,,,,,,,,,,,,,,,,,,,,,,,,,,USA-144
USA-145,7 October 1999,Delta II,"GPS IIR-3, GPS SVN-46",12:51:01,,10 years,,,,Cape Canaveral Air Force Station,,,In service,7925-9.5,"20,096 km","20,267 km",PRN 11,"Slot 5, Plane D",53 degrees,,717.96 minutes,,,,,,,,,,,,,,,,,,,,,,,,,,,,,,,,,,,,,,,,,,,,,,,,,,,,,,,,,,,,,,,,,,,,,,,,,,,,,,,,,,,,,,,,,,,,,,,,,,,,,,,,,,,,,,,,,,,,,,,,,,,,,,,,,,,,,,,,,,,,,,,USA-145
USA-150,11 May 2000,Delta II,"GPS IIR-4, GPS SVN-51",01:48:00,Lockheed Martin,10 years,"20,133 km (perigee), 20,234 km (apogee)",718.02 minutes,54.9°,,,,,,,,,,,,,,,,,,,,,,,,,,,,,,,,,,,,,,,,,,,,,,,,,,,,,,,,,,,,,,,,,,,,,,,,,,,,,,,,,,,,,,,,,,,,,,,,,,,,,,,,,,,,,,,,,,,,,,,,,,,,,,,,,,,,,,,,,,,,,,,,,,,,,,,,,,,USA-150
USA-151,16 July 2000,Delta II,"GPS IIR-5, GPS SVN-44, Navstar-48",09:17:00,,10 years,,,,,,,In service (as of 2012),7925-9.5,"20,184 km","20,426 km",PRN 28,"Plane B, Slot 3",55°,,722.98 minutes,,,,,,,,,,,,,,,,,,,,,,,,,,,,,,,,,,,,,,,,,,,,,,,,,,,,,,,,,,,,,,,,,,,,,,,,,,,,,,,,,,,,,,,,,,,,,,,,,,,,,,,,,,,,,,,,,,,,,,,,,,,,,,,,,,,,,,,,,,,,,,,USA-151
USA-154,10 November 2000,Delta II,"GPS IIR-6, GPS SVN-41",17:14:02,Lockheed Martin,10 years,,724.28 minutes,,,,,No longer in service (as of July 2020),,"20,177 km","20,498 km",PRN 14,"Plane F, Slot 5",55°,,,,,,,,,,,,,,,,,,,,,,,,,,,,,,,,,,,,,,,,,,,,,,,,,,,,,,,,,,,,,,,,,,,,,,,,,,,,,,,,,,,,,,,,,,,,,,,,,,,,,,,,,,,,,,,,,,,,,,,,,,,,,,,,,,,,,,,,,,,,,,,,,USA-154
USA-156,30 January 2001,Delta II,"GPS IIR-7, GPS SVN-54",07:55:01,Lockheed Martin,10 years,"20,104 km (perigee), 20,266 km (apogee)",718.08 minutes,55 degrees,,,,,,,,,,,,,,,,,,,,,,,,,,,,,,,,,,,,,,,,,,,,,,,,,,,,,,,,,,,,,,,,,,,,,,,,,,,,,,,,,,,,,,,,,,,,,,,,,,,,,,,,,,,,,,,,,,,,,,,,,,,,,,,,,,,,,,,,,,,,,,,,,,,,,,,,,,,USA-156
,,,,,,,,,,,,,,,,,,,,,,,,-X wing payload deactivated,Replaced classified payload with ballast,Placed into lower orbit and damaged during deployment,,,,,,,,,,,,,,,,,,,,,,,,,,,,,,,,,,,,,,,,,,,,,,,,,,,,,,,,,,,,,,,,,,,,,,,,,,,,,,,,,,,,,,,,,,,,,,,,,,,,,,,,,,,,,,,,,,,,,,,,,,,,,,,,,,,,,,,,,,USA-157
,,,,,,,,,,,,,,,,,,,,,,,,-X wing payload deactivated,Replaced classified payload with ballast,Placed into lower orbit and damaged during deployment,,,,,,,,,,,,,,,,,,,,,,,,,,,,,,,,,,,,,,,,,,,,,,,,,,,,,,,,,,,,,,,,,,,,,,,,,,,,,,,,,,,,,,,,,,,,,,,,,,,,,,,,,,,,,,,,,,,,,,,,,,,,,,,,,,,,,,,,,,USA-164
USA-165,"April 11, 2005",Minotaur rocket,XSS-11,,Lockheed Martin,,,,,Low Earth Orbit,,Testing technology for proximity operations and autonomous maneuvers,,,,,,,,,,,,,,,,,,,,,,,,,125 kg,,,,,,,,,,,,,,,,,,,,,,Over 600 m/s,"Re-entered the atmosphere on November 11, 2013",,,,,,,,,,,,,,,,,,,,,,,,,,,,,,,,,,,,,,,,,,,,,,,,,,,,,,,,,,,,,,,,,,,,,,,,,,,,,,,,,,,,,,,,,,,,,,,,,,,,,,,,USA-165
USA-166,29 January 2003,Delta II,"GPS IIR-8, GPS SVN-56",18:06:00,Lockheed Martin,10 years,"20,155 km (perigee), 20,344 km (apogee)",720.7 minutes,55°,,,,,,,,,,,,,,,,,,,,,,,,,,,,,,,,,,,,,,,,,,,,,,,,,,,,,,,,,,,,,,,,,,,,,,,,,,,,,,,,,,,,,,,,,,,,,,,,,,,,,,,,,,,,,,,,,,,,,,,,,,,,,,,,,,,,,,,,,,,,,,,,,,,,,,,,,,,USA-166
"USA-168 (GPS IIR-9, GPS SVN-45)",31 March 2003,Delta II,,22:09:01,,10 years,,,,Cape Canaveral Air Force Station,,,In service (as of 2012),7925-9.5,"20,063 km","20,433 km",PRN 21,"Plane D, Slot 3",54.9 degrees,,720.64 minutes,,,,,,,,,,,,,,,,,,,,,,,,,,,,,,,,,,,,,,,,,,,,,,,,,,,,,,,,,,,,,,,,,,,,,,,,,,,,,,,,,,,,,,,,,,,,,,,,,,,,,,,,,,,,,,,,,,,,,,,,,,,,,,,,,,,,,,,,,,,,,,,USA-168
,,,,,,,,,,,,,,,,,,,,,,,,-X wing payload deactivated,Replaced classified payload with ballast,Placed into lower orbit and damaged during deployment,,,,,,,,,,,,,,,,,,,,,,,,,,,,,,,,,,,,,,,,,,,,,,,,,,,,,,,,,,,,,,,,,,,,,,,,,,,,,,,,,,,,,,,,,,,,,,,,,,,,,,,,,,,,,,,,,,,,,,,,,,,,,,,,,,,,,,,,,,USA-169
USA-17,,,,,,,,,,,,Built for the 2010 America's Cup challenge,,,,,,,,,,,,,,,,,,,,,,,,,,,,,,,,,,,,,,,,,,,,,,,,,"Sloop rigged racing trimaran, carbon fiber and epoxy resin construction","Capable of sailing at 2-2.5 times the true wind speed, high upwind and downwind velocity","VPLP Yacht Design, consultations with Franck Cammas","Anacortes, Washington","Extensive changes including wave-piercing hulls, engine addition, and a rigid sail wing","Initially 190 feet, extended to 223 feet, larger than a Boeing 747 wing",,,,,,,,,,,,,,,,,,,,,,,,,,,,,,,,,,,,,,,,,,,,,,,,,,,,,,,,,,,,,,,,,,,,,,,,,,,,,,,,,,,,,,,,,,,,,,,,,,USA-17
"USA-175 (GPS IIR-10, GPS SVN-47)",21 December 2003,Delta II,,08:05:00,,10 years,,,,Cape Canaveral Air Force Station,,,Decommissioned (January 2022),7925-9.5,"20,043 km","20,319 km",PRN 22,"Plane E, Slot 2",55.1 degrees,,717.92 minutes,,,,,,,,,,,,,,,,,,,,,,,,,,,,,,,,,,,,,,,,,,,,,,,,,,,,,,,,,,,,,,,,,,,,,,,,,,,,,,,,,,,,,,,,,,,,,,,,,,,,,,,,,,,,,,,,,,,,,,,,,,,,,,,,,,,,,,,,,,,,,,,USA-175
USA-177,20 March 2004,Delta II,"GPS IIR-11, GPS SVN-59",17:53:00,Lockheed Martin,10 years,"20,095 km (perigee), 20,271 km (apogee)",718.00 minutes,55°,,,,,,,,,,,,,,,,,,,,,,,,,,,,,,,,,,,,,,,,,,,,,,,,,,,,,,,,,,,,,,,,,,,,,,,,,,,,,,,,,,,,,,,,,,,,,,,,,,,,,,,,,,,,,,,,,,,,,,,,,,,,,,,,,,,,,,,,,,,,,,,,,,,,,,,,,,,USA-177
USA-178,23 June 2004,Delta II,"GPS IIR-12, GPS SVN-60",22:54:00,Lockheed Martin,10 years,"20,089 km (perigee), 20,277 km (apogee)",718.00 minutes,55.00°,,,,,,,,,,,,,,,,,,,,,,,,,,,,,,,,,,,,,,,,,,,,,,,,,,,,,,,,,,,,,,,,,,,,,,,,,,,,,,,,,,,,,,,,,,,,,,,,,,,,,,,,,,,,,,,,,,,,,,,,,,,,,,,,,,,,,,,,,,,,,,,,,,,,,,,,,,,USA-178
USA-180,6 November 2004,Delta II,"GPS IIR-13, GPS SVN-61",05:39:00,Lockheed Martin,10 years,"19,936 km (perigee), 20,426 km (apogee)",717.94 minutes,54.8°,,,,,,,,,,,,,,,,,,,,,,,,,,,,,,,,,,,,,,,,,,,,,,,,,,,,,,,,,,,,,,,,,,,,,,,,,,,,,,,,,,,,,,,,,,,,,,,,,,,,,,,,,,,,,,,,,,,,,,,,,,,,,,,,,,,,,,,,,,,,,,,,,,,,,,,,,,,USA-180
USA-183,26 September 2005,Delta II,"GPS IIR-14, GPS IIRM-1, GPS SVN-53",03:37:00,,10 years,,,,Cape Canaveral Air Force Station,,,In service (as of 2019),7925-9.5,"20,140 km","20,222 km",PRN 17,"Plane C, Slot 4",55°,,717.92 minutes,,,,,,,,,,,,,,,,,,,,,,,,,,,,,,,,,,,,,,,,,,,,,,,,,,,,,,,,,,,,,,,,,,,,,,,,,,,,,,,,,,,,,,,,,,,,,,,,,,,,,,,,,,,,,,,,,,,,,,,,,,,,,,,,,,,,,,,,,,,,,,,USA-183
USA-184,28 June 2006,Delta IV,"NRO Launch 22, NROL-22",03:33:00,Boeing,Not specified,"Molniya orbit, perigee: 1,138 km, apogee: 39,210 km, inclination: 63.2°",Not specified,63.2°,,National Reconnaissance Office,,,,,,,,,,,,,,,,,,,,,,,,,,,,,,,,,,,,,,,,,,,,,,,,,,,,,,,,,,,,,,,,,,,,,,,,,,,,,,,,,,,,,,,,,,,,,,,,,,,,,,,,,,,,,,,,,,,,,,,,,,,,,,,,,,,,,,,,,,,,,,,,,,,,,,,,,USA-184
MiTEx,21 June 2006,Delta II,,,,,,,,Cape Canaveral Space Launch Complex 17,,,,7925-9.5,,,,,,,,,,,,,,,,,,,,,Technology demonstration,,,,,,,,,,,,,,,,,,,,,,,,,,,,,,,,"3 (USA-187, USA-188, USA-189)",Inspection of DSP-23 satellite,Microsatellite Demonstration Science and Technology Experiment Program,United States Naval Research Laboratory,"Photovoltaic arrays for power, small dimensions hard to detect in geosynchronous orbit",Satellites parked on opposite sides of Earth after completion of primary mission,,,,,,,,,,,,,,,,,,,,,,,,,,,,,,,,,,,,,,,,,,,,,,,,,,,,,,,,,,,,,,,,,,,,,,,,,,,,,,,,,,,,,,,,,,,,USA-187
,21 June 2006,Delta II,,,,,,,,Cape Canaveral Space Launch Complex 17,,,,7925-9.5,,,,,,,,,,,,,,,,,,,,,,,,Owen C. Brown,"Technology demonstration, inspection of failed satellite",,,,,,,,,,,,,,,,,,,,,,,,,,,,,,,,,,"USA-187, USA-188, USA-189","US$8 million in 2007, US$10 million in 2008, US$8 million in 2009",Microsatellite Demonstration Science and Technology Experiment Program,"Hard to detect in geosynchronous orbit, experimental fourth stage",,,,,,,,,,,,,,,,,,,,,,,,,,,,,,,,,,,,,,,,,,,,,,,,,,,,,,,,,,,,,,,,,,,,,,,,,,,,,,,,,,,,,,,,USA-188
"USA-187, USA-188, USA-189",21 June 2006,Delta II,,,,,,,,,,"Technology demonstration, inspection of failed missile detection satellite DSP-23",,,,,,,,,,,,,,,,,,,,,,,"Technology demonstration for DARPA, USAF, and US Navy",,,Owen C. Brown,,,,,,,,,,,,,,,,,,,,,,,,,,,,,,,,,,,,,,,Microsatellite Demonstration Science and Technology Experiment Program,"Difficult to detect in geosynchronous orbit, equipped with photovoltaic arrays for power",,,,,,,,,,,,,,,,,,,,,,,,,,,,,,,,,,,,,,,,,,,,,,,,,,,,,,,,,,,,,,,,,,,,,,,,,,,,,,,,,,,,,,USA-189
,,,,,,,,,,,,Develop a missile defense system,,,,,,,,,,,,,,,,,,,,,,,,,,,,,,,,,,,,,,,,,,,,,,,,,,,,,,,,,,,,,,,,,,,Strategic Defense Initiative (SDI),President Ronald Reagan,"March 23, 1983","Lasers, particle beam weapons, ground- and space-based missile systems",Strategic Defense Initiative Organization (SDIO),1984,US Department of Defense,"Sensors, command and control systems, high-performance computer systems","Basic research at national laboratories, universities, and industry",Dr. James Ionson,"National laboratories, universities, industry","Advancements in high-energy physics, supercomputing, advanced materials",Technologies were decades away from readiness,,,,,,,,,,,,,,,,,,,,,,,,,,,,,,,,,,,,,,,,,,,,,,,,,,,,,,,,,,,,,,,,,,,,,,,,,USA-19
USA-190,25 September 2006,Delta II,"GPS IIR-15, GPS IIRM-2, GPS SVN-52",18:50:00,Lockheed Martin,10 years,"20,018 km (perigee), 20,343 km (apogee)",717.9 minutes,55°,,,,,,,,,,,,,,,,,,,,,,,,,,,,,,,,,,,,,,,,,,,,,,,,,,,,,,,,,,,,,,,,,,,,,,,,,,,,,,,,,,,,,,,,,,,,,,,,,,,,,,,,,,,,,,,,,,,,,,,,,,,,,,,,,,,,,,,,,,,,,,,,,,,,,,,,,,,USA-190
USA-192,17 November 2006,Delta II,"GPS IIR-16, GPS IIRM-3, GPS SVN-58",19:12:00,Lockheed Martin,10 years,"20,087 km (perigee), 20,277 km (apogee)",717.96 minutes,55 degrees,,,,,,,,,,,,,,,,,,,,,,,,,,,,,,,,,,,,,,,,,,,,,,,,,,,,,,,,,,,,,,,,,,,,,,,,,,,,,,,,,,,,,,,,,,,,,,,,,,,,,,,,,,,,,,,,,,,,,,,,,,,,,,,,,,,,,,,,,,,,,,,,,,,,,,,,,,,USA-192
USA-193,14 December 2006,,NRO Launch 21,,,,,,,,National Reconnaissance Office,Reconnaissance satellite,,,,,,,,,,,,,,,,,,,,,,,,,,,,"Approximately 4.6m long, 2.4m wide",,,,,,,,,,,,,,,,,,,,,,,,,,,,,,,,,,,,,,,,,,,,,,,,,,,,Operation Burnt Frost,"Boeing, Lockheed Martin","Approximately 2,300 kg",Modified SM-3 missile fired from USS Lake Erie,,,,,,,,,,,,,,,,,,,,,,,,,,,,,,,,,,,,,,,,,,,,,,,,,,,,,,,,,,,,,,,,,,,,,USA-193
USA-195,11 October 2007,Atlas V,,,,,,,,Cape Canaveral Air Force Station,United States Air Force,,,,,,,,,"5,987 kg",,BSS-702,,,,,14 years,X-band and Ka-band transponders,"R-4D-15 apogee motor, XIPS-25 ion engines",,Solar arrays,,,,,,,,,,00:22 UTC,,,,,,,,,,,,,,,,,,,,,,,,,,,,,,,,,,,,,,,,,,,,,,,,,,,,,,,,,,,,,,,,,,,,,,,,,,,,,,,,,,,,,,,,,,,,,,,,,,,,,,,,,,,,,,,,,,,,,,,,,,,USA-195
"USA-196 (GPS IIR-17, GPS IIRM-4, GPS SVN-55)",17 October 2007,Delta II,,12:23:00,,10 years,,,,Cape Canaveral Air Force Station,,,In service (as of 2015),7925-9.5,"20,149 km","20,214 km",PRN 15,"Plane F, Slot 2",54.8 degrees,,717.94 minutes,,,,,,,,,,,,,,,,,,,,,,,,,,,,,,,,,,,,,,,,,,,,,,,,,,,,,,,,,,,,,,,,,,,,,,,,,,,,,,,,,,,,,,,,,,,,,,,,,,,,,,,,,,,,,,,,,,,,,,,,,,,,,,,,,,,,,,,,,,,,,,,USA-196
USA-197 (DSP-23),11 November 2007,Delta IV Heavy,DSP-23,,,,,,,"SLC-37B, Cape Canaveral Space Force Station",United States Air Force,,,,,,,,,,,,,,,,,,,,,,,,,,,,,,,,,,,,,,,,,,,,,,,,,,,,,,,,,,,,,,,,,,,,,,,,,,,,,,,,,,,,,"Missile detection satellite, part of the Defense Support Program",,,,,,,,,,,,,,,,,,,,,,,,,,,,,,,,,,,,,,,,,,,,,,,,,,,,,,,,,,,,,,,,,,,,USA-197
USA-198,10 December 2007,Atlas V,NRO Launch 24,22:05,,,,,,"SLC-41, Cape Canaveral Space Force Station",,,,,,,,,,,,,,,,,,,,,,,,,,,,,,,,,,,,,,,,,,,,,,,,,,,,,,,,,,,,,,,,,,,,,,,,,,,,,,,,,,,,,,,,,,,,,,,,,,,,,,,,,,,,,,,,,,,,,,,,,,,,,,,,,,,,,,,,,,,,,,,,,,,,,,,,,,USA-198
"USA-199 (GPS IIR-18, GPS IIRM-5, GPS SVN-57)",20 December 2007,Delta II,,20:04:00,,10 years,,,,,,,In service (as of 2012),7925-9.5,"20,082 km","20,283 km",PRN 29,"Plane C, Slot 1",54.9 degrees,,717.98 minutes,,,,,,,,,,,,,,,,,,,,,,,,,,,,,,,,,,,,,,,,,,,,,,,,,,,,,,,,,,,,,,,,,,,,,,,,,,,,,,,,,,,,,,,,,,,,,,,,,,,,,,,,,,,,,,,,,,,,,,,,,,,,,,,,,,,,,,,,,,,,,,,USA-199
USA-200/NRO Launch 28/NROL-28,13 March 2008,Atlas V,,,,,"Classified Molniya orbit, perigee of 1,112 km, apogee of 37,580 km, inclination of 63.56°, orbital period of 684.33 minutes",,,Vandenberg Air Force Base,National Reconnaissance Office,,,411,,,,,,,,,,,,,,,,,,,,,,,,,,,,"SBIRS-HEO 2, TWINS-2",,,,,,,,,,,,,,,,,,,,,,,,,,,,,,,,,,,,,,,,,,,,,,,,,,,,,,,10:02,Signals Intelligence (SIGINT),,,,,,,,,,,,,,,,,,,,,,,,,,,,,,,,,,,,,,,,,,,,,,,,,,,,,,,,,,,,,,,,,,USA-200
USA-201,15 March 2008,Delta II,"GPS IIR-19, GPS IIRM-6, GPS SVN-48",06:10:00,Lockheed Martin,10 years,"20,143 km (perigee), 20,222 km (apogee)",717.98 minutes,55.1°,,,,,,,,,,,,,,,,,,,,,,,,,,,,,,,,,,,,,,,,,,,,,,,,,,,,,,,,,,,,,,,,,,,,,,,,,,,,,,,,,,,,,,,,,,,,,,,,,,,,,,,,,,,,,,,,,,,,,,,,,,,,,,,,,,,,,,,,,,,,,,,,,,,,,,,,,,,USA-201
USA 202,18 January 2009,Delta IV Heavy,"NRO Launch 26, NROL-26, Advanced Orion ELINT satellite",02:47:00,,,,,,Cape Canaveral Air Force Station,United States National Reconnaissance Office,,,,,,,,,,,,,,,,,,,,,,,,,,,,,,,,,,,,,,,,,,,,,,,,,,,,,,,,,,,,,,,,,,,,,,,,,,,,,,,,,,,,,,,,"Classified spacecraft, expensive military satellite",,,,,,,,,,,,,,,,,,,,,,,,,,,,,,,,,,,,,,,,,,,,,,,,,,,,,,,,,,,,,,,,,USA-202
USA-203,24 March 2009,Delta II,"GPS IIR-20, GPS IIRM-7, GPS SVN-49",08:34:00,Lockheed Martin,10 years,"20,045 km (perigee), 20,335 km (apogee)",718.00 minutes,55.8°,,,,,,,,,,,,,,,,,,,,,,,,,,,,,,,,,,,,,,,,,,,,,,,,,,,,,,,,,,,,,,,,,,,,,,,,,,,,,,,,,,,,,,,,,,,,,,,,,,,,,,,,,,,,,,,,,,,,,,,,,,,,,,,,,,,,,,,,,,,,,,,,,,,,,,,,,,,USA-203
USA-204 (Wideband Global SATCOM 2),2009,Atlas V,,,,,,,,60° East in geostationary orbit,United States Air Force,,,,,,,,,"5,987 kg",,BSS-702,,,,,14 years,X-band and Ka-band transponders,"R-4D-15 apogee motor, XIPS-25 ion engines",,Solar arrays,,,,,,,,,,,,,,,,,,,,,,,,,,,,,,,,,,,,,,,,,,,,,,,,,,,,,,,,,,,,,,,,,,,,,,,,,,,,,,,,,,,,,,,,,,,,,,,,,,,,,,,,,,,,,,,,,,,,,,,,,,,,,,,,,,,,,USA-204
USA-205,5 May 2009,Delta II 7920-10C,"Space Tracking and Surveillance System-Advanced Technology Risk Reduction, Block 2010 Spacecraft Risk Reduction",20:24:25,,Not specified,Sun-synchronous orbit,,,Vandenberg Air Force Base,United States Missile Defense Agency,,,,,,,,,,,,,,,,,,,,,,,,,,,,,,,,,,,,,,,,,,,,,,,,,,,,,,,,,,,,,,,,,,,,,,,,,,,,,,,,,,,,,,,,,,,,,,,,,,,,,,,,,,,,,,,,,,,,,,,,,,,,,,,,,,,,,,,,,,,,,,,,,,,,,,,,,USA-205
USA-206,17 August 2009,Delta II,"GPS SVN-50, PRN-05, NAVSTAR 64, GPS IIR-21, GPS IIRM-8",10:35:00,Lockheed Martin,10 years,Semi-synchronous medium Earth orbit,Not specified,Not specified,,,,,,,,,,,,,,,,,,,,,,,,,,,,,,,,,,,,,,,,,,,,,,,,,,,,,,,,,,,,,,,,,,,,,,,,,,,,,,,,,,,,,,,,,,,,,,,,,,,,,,,,,,,,,,,,,,,,,,,,,,,,,,,,,,,,,,,,,,,,,,,,,,,,,,,,,,,USA-206
USA-207,September 2009,Atlas V,"PAN, NEMESIS I, P360",,Lockheed Martin,,Multiple relocations to various orbital slots,,,,,Classified SIGINT Satellite,,,,,,,,,,,Operational,,,,,,,,,,,,,,,,,,,,,,,,,,,,,,,,,,,,,,,,,,,,,,,,,,,,,,,,,,,,,,,,,,,,,,,,,,,,,2009-047A,Intelligence gathering,,,,,,,,,,,,,,,,,,,,,,,,,,,,,,,,,,,,,,,,,,,,,,,,,,,,,,,,,,,,,,,USA-207
USA-211 / Wideband Global SATCOM 3,2009,Delta IV,,,,,,,,Not specified,United States Air Force,,,,,,,,,"5,987 kg",,BSS-702,Operational,,,,14 years,X-band and Ka-band transponders,"R-4D-15 apogee motor, XIPS-25 ion engines",,Solar arrays,,,,,,,,,,,,,,,,,,,,,,,,,,,,,,,,,,,,,,,,,,,,,,,,,,,,,,,,,,,,,,,,,,,,,,,,,,,,,,,,,,,,,,,,,,,,,,,,,,,,,,,,,,,,,,,,,,,,,,,,,,,,,,,,,,,,,USA-211
USA-212,22 April 2010,Atlas V,,,,,,,,Cape Canaveral Air Force Station,United States Air Force,,,,,,,,,,,,,,,,,,,"Various experiments for satellite sensors, subsystems, components",,"Originally intended for deployment from NASA Space Shuttle, transferred to Delta II and then Atlas V due to aerodynamic concerns during launch",,,,,,,,,,,,,,,,,,,,,,,,,,,,,,,,,,,,,,,,,,,,,,,,,,,,,,,,,,,,,,,,,,,,,,,,,,,,,,,,,,,,,,,,,,,,,,,,,,,,,,,,,,,,,,,,,,,,,,,,,,,,,,,,,,,,USA-212
USA-213,28 May 2010,Delta IV-M+,"GPS SVN-62, GPS IIF SV-1, NAVSTAR 65",03:00:00,Boeing,12 years,Plane B,-,-,,,,,,,,,,,,,,,,,,,,,,,,,,,,,,,,,,,,,,,,,,,,,,,,,,,,,,,,,,,,,,,,,,,,,,,,,,,,,,,,,,,,,,,,,,,,,,,,,,,,,,,,,,,,,,,,,,,,,,,,,,,,,,,,,,,,,,,,,,,,,,,,,,,,,,,,,,,USA-213
USA-214,14 August 2010,Atlas V 531,Advanced Extremely High Frequency-1 (AEHF-1),11:07:00,Lockheed Martin Space,14 years,"Perigee: 221 km, Apogee: 50,179 km",,,,United States Air Force,,,,,,,,,"6,168 kg",,,Inoperable,,,,,,,Super high frequency and extremely high frequency communications payloads for multiple countries,,"Liquid Apogee Engine malfunction, raised perigee altitude using Reaction Engine Assembly thrusters",,,,,,,,,,,22.2°,,,,,,,,,,,,,,,,,,,,,,,,,,,,,,,,,,,,,,,,,,,,,,,,,,,,,,,,,,,,,,,,,,,,,,,,,,,,,,,,,,,,,,,,,,,,,,,,,,,,,,,,,,,,,,,,,,,,,,,,,USA-214
"USA-215 (NRO Launch 41, NROL-41)",21 September 2010,Atlas V,,,,,,,,Vandenberg Air Force Base,National Reconnaissance Office,,In orbit as of 14 February 2021,,"1,103 km","1,105 km",,,122.99°,,,,,,,,,,,,,,,,,,,,,,,,,,,,,,,,,,,,,,,,,,,,,,,,,,,,,,,,,,,,,,,,,,,,,,,,,,,,,,,,,,,,,,,,,,,,,,,,,,,,,,,,,,,,,,,,,,,,,,,,,,,,,,,,,,,,,,,,,,,,,,,,,USA-215
USA-221 (FalconSat-5),20 November 2010,Minotaur IV,-,-,United States Air Force Academy,-,"654 km (apogee), 633 km (perigee)",-,72°,,,,,,,,,,,,,,,,,,,,,,,,,,,,,,,,,,,,,,,,,,,,,,,,,,,,,,,,,,,,,,,,,,,,,,,,,,,,,,,,,,,,,,,,,,,,,,,,,,,,,,,,,,,,,,,,,,,,,,,,,,,,,,,,,,,,,,,,,,,,,,,,,,,,,,,,,,,USA-221
USA-223,21 November 2010,Delta IV Heavy,NRO Launch 32,22:58,United Launch Alliance,,,,,Cape Canaveral Air Force Station,United States National Reconnaissance Office (NRO),,,,,,,,,,,,,,,,,,,,,,Reconnaissance,,,,,,,,,,,Geosynchronous orbit,,,,,,,,,,,,,,,,,,,,,,,,,,,,,,,,,,,,,,,,,,,,,,,,,,,,,,,,,,Largest spy satellite ever launched,Orion series; Magnum/Orion series,Large antennas for electronic signals intelligence,Approximately 100 meters,Bruce A. Carlson,East towards geosynchronous orbit,Discontinued at 23:05 UTC,,,,,,,,,,,,,,,,,,,,,,,,,,,,,,,,,,,,,,,,,,,,,,,,,,,,,,,,USA-223
USA-224 (NROL-49),20 January 2011,Delta IV Heavy,Fifteenth KH-11 satellite,21:10:30,Lockheed,,,,,,,,,,251 km,"1,023 km",,,97.9°,,,,In service (as of mission completion),,,,,,,,,,,,,,,,,,,,,,,,,,,,,,,,,,,,,,,,,,,,,,,,,,,,,,,,,,,,,,,,,,,,,,,,,,,,,,,,,,,,,,2011-002A,,,,,,,,,,,,,,,,,,,,,,,,,,,,,,,,,,,,,,,,,,,,,,,,,,,,,,,USA-224
USA-225,6 February 2011,Minotaur I,"Rapid Pathfinder Prototype, NRO Launch 66",,,,,,,"Vandenberg Air Force Base, Space Launch Complex 8",United States National Reconnaissance Office,Technology demonstration and development,,,,,,,,,,,,,,,,,,,,,,,,,,,,0.5 m x 0.5 m x 0.5 m,,,,,235 kg,"Scrubbed due to transmitter malfunction, successful launch on 6 February 2011",,,,,,,,,,,,,,,,,,,,,,,,,,,,,,,,,,,,,,,,,,,,,,,,,,,,,,,,,,,,,,,,,,,,,,,,,,,,,,,,,,,,,,,,,,,,,,,,,,,,,,,,,,,,,,,,,,,,,,USA-225
,,Atlas V,,,,,,,,Cape Canaveral Air Force Station,,,,,,,,,,,,,Classified,,,,,,,,,,,15 months,,Part of the USA series,,,,,,,,,,,,,,,,,,,,,,,,,,,,,,,,,,,,,,,,,,,,,,,,,,,,,,,,,,,,,,,,,,,,,,,,,,Various experiments and technologies,,,,,,,,,,,,,,,,,,,,,,,,,,,,,,,,,,,,,,,,,,,,,,,,,,,,,,USA-226
USA-227,11 March 2011,Delta IV-M+,NRO Launch 27,23:38:00,,,,,,Cape Canaveral Air Force Station,United States National Reconnaissance Office,Third-generation Satellite Data System satellite for relaying reconnaissance data,,,,,,,,,,,,,,,,,,,,,Classified,,,,,,,,,,,,,,,,,,,,,,,,,,,,,,,,,,,,,,,,,,,,,,,,,,,,,,,,,,,,,,,,,,,,,,,,,,,,,,Geosynchronous Transfer Orbit,,,,,,,,,,,,,,,,,,,,,,,,,,,,,,,,,,,,,,,,,,,,,,,,,,,,,USA-227
USA-229 (NRO Launch 34),15 April 2011,Atlas V 411,,04:24,,,"1,015 km (perigee), 1,207 km (apogee), 63.46° (inclination)",,,"SLC-3E, Vandenberg Air Force Base",,,,,,,,,,,,,,,,,,,,,,,,,,,,,,,,,,,,,Classified (Official updates discontinued post-launch),Signals intelligence (Naval Ocean Surveillance System satellites),,,,,,,,,,,,,,,,,,,,,,,,,,,,,,,,,,,,,,,,,,,,,,,,,,,,,,,,,,,,,,,,,,,,,,,,,,,,,,,,,,,,,,,,,,,,,,,,,,,,,,,,,,,,,,,,,,,,USA-229
USA-230 (SBIRS GEO-1),7 May 2011,Atlas V 401,N/A,,Lockheed Martin Space,,,,,Cape Canaveral Air Force Station,United States Air Force,Missile detection and infrared monitoring,,,,,,,,,,,,,,,,,,,,,,,,,,,,,,,,,,,,,,,,,,,,,,,,,,,,,,,,,,,,,,,,,,,,,,,,,,,,,,,,,,,,,,,,,,,,,,,,,,,,,,,,,,,,,,,,,,,,,,,,,,,,,,,,,,,,,,,,,,,,,,,,,,,,,,,,USA-230
USA-231 (ORS-1),29 June 2011,Minotaur I,,,Operationally Responsive Space Office (ORS),,,,,"Wallops Flight Facility, Virginia",,Reconnaissance satellite,,,,,,,,,,,,,,,,,,SYERS 2A sensor,,,,,,,,,,,,,,,,,,,,,,,,,,,,,,,,,,,,,,,,,,,,,,,,,,,,,,,,,,,,,,,,,,,,,,,,,,,,,,,,,,USAF's 1st Space Operations Squadron,Optical and infrared camera (SYERS 2),,,,,,,,,,,,,,,,,,,,,,,,,,,,,,,,,,,,,,,,,,,,,,,,,,,USA-231
"USA-232, GPS IIF-2, GPS SVN-63",16 July 2011,Delta IV,,06:41:00,Boeing,15 years,,729.16 minutes,55.0°,,,,In service (as of 2019),,"20,452 km","20,463 km",PRN 01,"Plane D, Slot 2",,,,,,,,,,,,,,,,,,,,,,,,,,,,,,,,,,,,,,,,,,,,,,,,,,,,,,,,,,,,,,,,,,,,,,,,,,,,,,,,,,,,,,,,,,,,,,,,,,,,,,,,,,,,,,,,,,,,,,,,,,,,,,,,,,,,,,,,,,,,,,,,,,USA-232
USA-233,2012,N/A,,,,,,,,N/A,United States Air Force,,,,,,,,,"5,987 kg",,BSS-702,,,,,14 years,X-band and Ka-band transponders,"R-4D-15 apogee motor, XIPS-25 ion engines",,,,,,,,,,,,,,,,,,,,,,,,,,,,,,,,,,,,,,,,,,,,,,,,,,,,,,,,,,,,,,,,,,,,,,,,,,,,,,,,,,,,,,,,,,,,,,,,,,,,,,,,,,,,,,,,,,,,,,,,,,,,,,,,,,,,,,,USA-233
USA-234,3 April 2012,Delta IV,"NRO Launch 25, NROL-25",23:12:57,,,"1,096 km (perigee), 1,079 km (apogee), 123° inclination",,,Vandenberg Air Force Base,National Reconnaissance Office,,,Delta IV Medium+,,,,,,,,,,,,,,,,,,,"Radar imaging satellite, part of Future Imagery Architecture program",,,,,,,,,,,,,,,,,,,,,,,,,,,,,,,,,,,,,,,,,,,,,,,,,,,,,,,,,,,,,,,,,,,,,,,,,,,,,,,,,United Launch Alliance,,,,,,,,,,,,,,,,,,,,,,,,,,,,,,,,,,,,,,,,,,,,,,,,,,USA-234
USA-235 (Advanced Extremely High Frequency 2),4 May 2012,Atlas V 531,AEHF-2,,Lockheed Martin Space,14 years,,,,"Space Launch Complex 41, Cape Canaveral",United States Air Force,Military communications,,,,,,,,,,,,,,,,,,,,,,,,,,,,,,,,,"6,168 kg",,,,,,,,,,,,,,,,,,,,,,,,,,,,,,,,,,,,,,,,,,,,,,,,,,,,,,,,,,,,,,,,,,,,,,"Geostationary transfer orbit (Perigee: 225 km, Apogee: 50,031 km, Inclination: 20.6°)",Based on A2100 satellite bus,,,,,,,,,,,,,,,,,,,,,,,,,,,,,,,,,,,,,,,,,,,,,,,,USA-235
USA-239,4 October 2012,Delta IV,"GPS IIF-3, GPS SVN-65, Navstar-67",12:10:00,Boeing,15 years,"20,231 km (perigee), 20,132 km (apogee)",717.96 minutes,54.87°,,,,,,,,,,,,,,,,,,,,,,,,,,,,,,,,,,,,,,,,,,,,,,,,,,,,,,,,,,,,,,,,,,,,,,,,,,,,,,,,,,,,,,,,,,,,,,,,,,,,,,,,,,,,,,,,,,,,,,,,,,,,,,,,,,,,,,,,,,,,,,,,,,,,,,,,,,,USA-239
USA-240 (Orbital Test Vehicle 3),11 December 2012,Atlas V,OTV-3,,,,,,,Cape Canaveral,Air Force Space Command,,,,,,,,,,,,,,,,,,,,,,,,,Part of the USA series,,,Confidential,,,,,,,,,,,,,,,,,,,,,,,,,,,,,,,,,,,,,,,,,,,,,,,,,,,,,,,,,,,,,,,,,,,,,,,,,,,,,,25 October 2012,"Endurance record of 470 days in space, landing after almost 675 days",17 October 2014,Approximately 675 days,,,,,,,,,,,,,,,,,,,,,,,,,,,,,,,,,,,,,,,,,,,,USA-240
USA-241,19 March 2013,Atlas V,SBIRS GEO-2,TBD,,,,,,,,"Space-Based Infrared System, early warning system replacement",,,,,,,,,,,,,,,,,,,,,,,,,,,,,,,,,,,,,,,,,,,,,,,,,,,,,,,,,,,,,,,,,,,,,,,,,,,,,,,,,,,,,,,,,,,,,,,,,,,,,,,,,,,,,United States military/Lockheed Martin Space,,,,,,,,,,,,,,,,,,,,,,,,,,,,,,,,,,,,,,,,,,,USA-241
USA-242,15 May 2013,Atlas V 401,"GPS IIF-4, GPS IIF SV-5, Navstar-68, Vega",,Boeing,15 years,"20,459 km (altitude), 55° (inclination)",,,,,,,,,,PRN-27,,,"1,630 kg",,,Operational,,,,,,,,,,,,,,,,,,,,,,,,,,Slot 5 of plane C,,,,,,,,,,,,,,,,,,,,,,,,,,,,,,,,,,,,,,,,,,,,,,,,,,,,,,,,,,,,,,,,,,,,,,,,,,,,,,,,,,,,,,,,,,,,,,,,,,,,,,,,,,,,,,,,,,,USA-242
USA-243 (WGS-5),-,United Launch Alliance,-,-,Boeing Satellite Systems,14 years,-,-,-,,,,,,,,,,,,,,,,,,,,,,,,,,,,,,,,,,,,,,,,,,,,,,,,,,,,,,,,,,,,,,,,,,,,,,,,,,,,,,,,,,,,,,,,,,,,,,,,,,,,,,,,,,,,,,,,,,,,,,,,,,,,,,,,,,,,,,,,,,,,,,,,,,,,,,,,,,,USA-243
USA-244 (Wideband Global SATCOM 6),27 August 2013,Delta IV,,,Boeing Satellite Systems,,,,,,United States Air Force,Military communications satellite,Operational,,,,,,,"5,987 kg",,,,,,,,,,,,,,,,,,,,,,,,,,,,,135° West (geostationary orbit),,,,,,,,,,,,,,,,,,,,,,,,,,,,,,,,,,,,,,,,,,,,,,,,,,,,,,,,,,,,,,,,,,,,,,,,,Wideband Global SATCOM constellation,Wideband Global SATCOM,Wideband Global SATCOM,14 years,,,,,,,,,,,,,,,,,,,,,,,,,,,,,,,,,,,,,,,USA-244
USA-245,28 August 2013,Delta IV Heavy,,18:03,,,,,,,National Reconnaissance Office (NRO),,,,,,,,,,,,,,,,,,,Last Block 4 KH-11 reconnaissance satellite,,,,,,,,,,,,,,,,,,High-resolution optical and infrared imagery for US intelligence,,,,,,,,,,,,,,,,,,,,,,,,,,,,,,,,,,,,,,,,,,,,,,,,,,,,,,,,,,,,,,,,,,,,,,,,,,,,,,Delta 364,Stalked by Russian satellite Kosmos 2542 in 2020,,,,,,,,,,,,,,,,,,,,,,,,,,,,,,,,,,,,,USA-245
USA-246,18 September 2013,Atlas V 531,"Advanced Extremely High Frequency 3, AEHF-3",08:10:00,Lockheed Martin Space,14 years,"Perigee: 178 km, Apogee: 50,051 km, Inclination: 20.52°",,,Cape Canaveral Air Force Station,United States Air Force,"Military communications (super high frequency, extremely high frequency)",,,,,,,,"6,168 kg",,A2100,,,,,,,,,,,,,,,,,,,,,,,,,Successfully deployed,,,,,,,,,,,,,,,,,,,,,,,,,,,,,,,,,,,,,,,,,,,,,,,,,,,,,,,,,,,,,,,,,,,,,,,,,,,,,,,,,,,,,,,,,,,,,,,,,,,,,,,,,,,,,,,,,,,,,USA-246
"USA-247, NRO Launch 39, NROL-39",6 December 2013,"Atlas V, configuration 501",,07:14:30,,,,,,"Space Launch Complex 3E, Vandenberg Air Force Base",National Reconnaissance Office (NRO),,,,,,,,,,,,,,,,,,,,,,,,"Radar imaging satellite, part of Future Imagery Architecture program",,,,,,,"Twelve CubeSats, including five from NASA ELaNa II manifest",,,,,,,,,,,,,,,,,,,,,,,,,,,,,,,,,,,,,,,,,,,,,,,,,,,,,,,,,,,,,,,,,,,,,,,,,,,,,,,,,,,,,,"Depicted an octopus with the motto ""Nothing Is Beyond Our Reach""",,,,,,,,,,,,,,,,,,,,,,,,,,,,,,,,,,,,USA-247
USA-248,21 February 2014,Delta IV,"GPS IIF-5, GPS SVN-64, NAVSTAR 69",01:59:00,Boeing,15 years,"20,175 km (perigee), 20,191 km (apogee)",717.99 minutes,54.96°,,,,"In service (since May 30, 2014)",,,,PRN 30,"Plane A, Slot 6",,,,,,,,,,,,,,,,,,,,,,,,,,,,,,,,,,,,,,,,,,,,,,,,,,,,,,,,,,,,,,,,,,,,,,,,,,,,,,,,,,,,,,,,,,,,,,,,,,,,,,,,,,,,,,,,,,,,,,,,,,,,,,,,,,,,,,,,,,,,,,,,,,USA-248
USA-251,17 May 2014,Delta IV,"GPS IIF-6, GPS SVN-67, NAVSTAR 70",00:03:00,Boeing,15 years,"20,443 km (perigee), 20,474 km (apogee)",729.22 minutes,55.04°,,,,"In service (since June 10, 2014)",,,,,,,,,,,,,,,,,,,,,,,,,,,,,,,,,,,,,,,,,,,,,,,,,,,,,,,,,,,,,,,,,,,,,,,,,,,,,,,,,,,,,,,,,,,,,,,,,,,,,,,,,,,,,,,,,,,,,,,,,,,,,,,,,,,,,,,,,,,,,,,,,,,,,,,USA-251
USA-256,2 August 2014,Atlas V 401,"GPS IIF-7, GPS SVN-68, NAVSTAR 71",03:23:00,Boeing,12 years,,727.05 minutes,55.02°,,,,"In service (since September 17, 2014)",,"20,341 km","20,469 km",PRN 09,"Plane F, Slot 6",,,,,,,,,,,,,,,,,,,,,,,,,,,,,,,,,,,,,,,,,,,,,,,,,,,,,,,,,,,,,,,,,,,,,,,,,,,,,,,,,,,,,,,,,,,,,,,,,,,,,,,,,,,,,,,,,,,,,,,,,,,,,,,,,,,,,,,,,,,,,,,,,,USA-256
USA-258,29 October 2014,Atlas V,"GPS IIF-8, GPS SVN-69, NAVSTAR 72",17:21:00,Boeing,15 years,"20,455 km (perigee), 20,480 km (apogee)",729.56 minutes,55.00°,,,,"In service (since December 12, 2014)",,,,PRN 03,"Plane E, Slot 1",,,,,,,,,,,,,,,,,,,,,,,,,,,,,,,,,,,,,,,,,,,,,,,,,,,,,,,,,,,,,,,,,,,,,,,,,,,,,,,,,,,,,,,,,,,,,,,,,,,,,,,,,,,,,,,,,,,,,,,,,,,,,,,,,,,,,,,,,,,,,,,,,,USA-258
USA-260,25 March 2015,Delta IV,"GPS IIF-9, GPS SVN-71, NAVSTAR 73",18:36:00,Boeing,15 years,"20,445 km (perigee), 20,468 km (apogee)",729.14 minutes,55.00°,,,,"In service (since April 20, 2015)",,,,,,,,,,,,,,,,,,,,,,,,,,,,,,,,,,,,,,,,,,,,,,,,,,,,,,,,,,,,,,,,,,,,,,,,,,,,,,,,,,,,,,,,,,,,,,,,,,,,,,,,,,,,,,,,,,,,,,,,,,,,,,,,,,,,,,,,,,,,,,,,,,,,,,,USA-260
"USA-261 (Orbital Test Vehicle 4, AFSPC-5)","May 20, 2015",Atlas V UdSSR rocket,-,,,,,,,,Air Force Space Command,"Classified mission, experimental hall-effect thruster, materials science payload (METIS)",,,,,,,,,,,,,,,,,,,,,,,,Part of the USA series,,,,,,,,,,,,,,,,,,,,,,,,,,,,,,,,,,,,,,,,,,,,,,,,,,,,,,,,,,,,,,,,,,,,,,,,,,,,,,,,,,,,,,,,,,,,,"Experimental hall-effect thruster, METIS materials science payload","Longest orbital stay of 718 days, successful landing at Shuttle Landing Facility",,,,,,,,,,,,,,,,,,,,,,,,,,,,,,,,,,USA-261
USA-262,15 July 2015,Atlas V 401,"GPS IIF-10, GPS SVN-72, NAVSTAR 74",15:36:00,Boeing,15 years,"20,445 km (perigee), 20,450 km (apogee)",728.77 minutes,55.00°,,,,,,,,,,,,,,,,,,,,,,,,,,,,,,,,,,,,,,,,,,,,,,,,,,,,,,,,,,,,,,,,,,,,,,,,,,,,,,,,,,,,,,,,,,,,,,,,,,,,,,,,,,,,,,,,,,,,,,,,,,,,,,,,,,,,,,,,,,,,,,,,,,,,,,,,,,,USA-262
USA-263 (Wideband Global SATCOM 7),2015,,,,Boeing Satellite Systems,,,,,,United States Air Force,Military communications satellite,,,,,,,,,,,,,,,,,,,,,,,,,,,,,,,,,,,,,,,,,,,,,,,,,,,,,,,,,,,,,,,,,,,,,,,,,,,,,,,,,,,,,,,,,,,,,,,,,,,,,,,,,,,,,,,,,,,,,,,135° West (geostationary orbit),"Space Segment, Control Segment, Terminal Segment","Cross-band capability, multiple frequency bands","Long lead items ordered in August 2010, contract awarded in September 2011",,,,,,,,,,,,,,,,,,,,,,,,,,,,,,USA-263
USA-265,31 October 2015,Atlas V 401,"GPS IIF-11, GPS SVN-73, NAVSTAR 75",16:13:00,Boeing,15 years,"20,444 km (perigee), 20,491 km (apogee)",729.58 minutes,54.99°,,,,"In service (since December 9, 2015)",,,,PRN 10,"Plane E, Slot 6",,,,,,,,,,,,,,,,,,,,,,,,,,,,,,,,,,,,,,,,,,,,,,,,,,,,,,,,,,,,,,,,,,,,,,,,,,,,,,,,,,,,,,,,,,,,,,,,,,,,,,,,,,,,,,,,,,,,,,,,,,,,,,,,,,,,,,,,,,,,,,,,,,USA-265
USA-266,5 February 2016,Atlas V 401,"GPS IIF-12, GPS SVN-70, NAVSTAR 76",13:38:00,,12 years,"20,181 km (perigee), 20,196 km (apogee)",717.9 minutes,55.01°,,,,,,,,,,,,,,,,,,,,,,,,,,,,,,,,,,,,,,,,,,,,,,,,,,,,,,,,,,,,,,,,,,,,,,,,,,,,,,,,,,,,,,,,,,,,,,,,,,,,,,,,,,,,,,,,,,,,,,,,,,,,,,,,,,,,,,,,,,,,,,,,,,,,,,,,,,,USA-266
USA-268,11 June 2016,Delta IV Heavy,NROL-37,17:51:00,,,,,,Space Launch Complex 37B,,Signals intelligence,,,,,,,,,,,,,,,,,,,,,,,,,,,,,,,,,,,,,,,,,,,,,,,,,,,,,,,,,,,,,,,,,,,,,,,,,,,,,,,,,,,,,,,,,,,,,,,,,,,,,,,,,,,,,,,,,,,,,,,,,,,,,,,,,,,,,,,,,,,,,,,,,,,,,,,,USA-268
USA-272 (Wideband Global SATCOM 8),15 December 2016,,,,Boeing Satellite Systems,,,,,,United States Air Force,Military communications enhancement,,,,,,,,,,,,,,,,,,,,,,,,,,,,,,,,Geostationary,,,,,,,,,,,,,,,,,,,,,,,,,,,,,,,,,,,,,,,,,,,,,,,,,,,,,,,,,,,,,,,,,,,,,,,,,,,,,,,,,,,,,,,,,,,135° West,"Space Segment, Control Segment, Terminal Segment",United States Air Force,Ability to cross-band between frequency bands,,,,,,,,,,,,,,,,,,,,,,,,,,USA-272
USA-273 (SBIRS GEO-3),20 January 2017,,-,,Lockheed Martin Space,,,,,,,"Missile early warning, missile defense, battlespace awareness, technical intelligence",,,,,,,,,,,,,,,,,,,,-,,,,,,,,,,,,,,,,,,,,,,,,,,,,,,,,,,,,,,,,,,,,,,,,,,,,,,,,,,,,,,,,,,,,,,,,,,,,,,,,,,,,,,,,,,,,,,,,,,,,,,,,,,,A2100M,Scanner and Step-starer,"Improved prediction accuracy, global strategic and tactical warfighter support","Enhanced flexibility and sensitivity, broader mission capabilities",,,,,,,,,,,,,,,,,,,,,,USA-273
USA-275 (Wideband Global SATCOM 9),2017,,,,Boeing Satellite Systems,,,,,,United States Air Force,Military Communications,,,,,,,,,,,,,,,,,,,,,,,,,,,,,,,,,,,,,,,,,,,,,,,,,,,,,,,,,,,,,,,,,,,,,,,,,,,,,,,,,,,,,,,,,,,,,,,,,,,,,,,,,,,,,,,,,,,,,,,,,,,,,,,,,,,135° West,"Canada, Denmark, Netherlands, Luxembourg, New Zealand, United States",14 years,,,,,,,,,,,,,,,,,,,USA-275
USA-277,"September 7, 2017",Falcon 9,Orbital Test Vehicle 5,,,,,,,,Air Force Space Command,,,,,,,,,,,,,,,,,,,,,,,,,,,,,,,,54.5°,,,,,,,Shuttle Landing Facility,,,,,,,,,,,,,,,,,,,,,,,,,,,,,,,,,,,,,,,,,,,,,,,,,,,,,,,,,,,,,,,,,,,,,,,,,,,,,,,,,,,,,,,,,,,,,,,,Classified,"Experimental oscillating heat pipe, cubesats (USA 295, 296, 297)",780 days,Accusations of breaking Registration Convention,,,,,,,,,,,,,,,USA-277
USA-280,8 January 2018,SpaceX Falcon 9,,,Northrop Grumman,,,,,,,Classified,,,,,,,,,,,,,,,,,,,,,,,,,,,,,,,,,,Satellite loss during deployment,,,,,,,,,,,,,,,,,,,,,,,,,,,,,,,,,,,,,,,,,,,,,,,,,,,,,,,,,,,,,,,,,,,,,,,,,,,,,,,,,,,,,,,,,,,,,,,,,,,,,,,,Failure to separate from payload adapter,,,,,,,,,,,,,,USA-280
USA-282 (SBIRS GEO-4),,Atlas V (411 configuration),,,Lockheed Martin Space,,,,,,,"Missile early warning, missile defense, battlespace awareness, technical intelligence",,"Third geostationary SBIRS satellite, Satellite Vehicle 3",,,,,,,,A2100M,,,,,,,,,,,,,,,,,,,,,,,,,,,,,,,,,,,,,,,,,,,,,,,,,,,,,,,,,,,,,,,,,,,,,,,,,,,,,,,,,,,,,,,,,,,,,,,,,,,,,,,,,,,,,,,,,,,,,,,,,,,,,,,,,"Stored after completion, launched out of sequence due to cost saving",AV-076,Deorbit burn planned for Centaur upper stage,,,,,,,,,,,USA-282
"USA-288 (Advanced Extremely High Frequency 4, AEHF-4)",17 October 2018,Atlas V,,04:15,Lockheed Martin Space,14 years,,,,Cape Canaveral Air Force Station,United States Air Force,,Successfully deployed,,"8,914 km","35,300 km",,,12.8°,"6,168 kg",,,,,,,,,,,,,,,,,,,,,,,,,,,,,,,,,,,,,,,,,,,,,,,,,,,,,,,,,,,,,,,,,,,,,,,,,,,,,,,,,,,,,,,,,,,,,,,,,,,,,,,,,,,,,,,,,,,,,,,,,,,,,,,,,,,,,,Military communications,,,,,,,,,,USA-288
"USA-289 (GPS-III SV01, Vespucci)",23 December 2018,Falcon 9,N/A,13:51:00,Lockheed Martin,N/A,"20,158 km (perigee), 20,222 km (apogee)",N/A,55 degrees,,,,,,,,,,,,,,,,,,,,,,,,,,,,,,,,,,,,,,,,,,,,,,,,,,,,,,,,,,,,,,,,,,,,,,,,,,,,,,,,,,,,,,,,,,,,,,,,,,,,,,,,,,,,,,,,,,,,,,,,,,,,,,,,,,,,,,,,,,,,,,,,,,,,,,,,,,,USA-289
USA-291 (Wideband Global SATCOM 10),2019,,,,,,,,,Cape Canaveral Air Force Station,United States Air Force,,,,,,,,,Not specified,,Not specified,,,,,Not specified,"Multiple frequency bands, cross-banding ability",Not specified,,Solar arrays,Not specified,,,,,,,,,,,,,,,,,,,,,,,,,,,,,,,,,,,,,,,,,,,,,,,,,,,,,,,,,,,,,,,,,,,,,,,,,,,,,,,,,,,,,,,,,,,,,,,,,,,,,,,,,,,,,,,,,,,,,,,,,,,,,,,,,,,,USA-291
USA-292 (Advanced Extremely High Frequency 5 or AEHF-5),8 August 2019,Atlas V 551,,,,,,,,Cape Canaveral Air Force Station,United States Air Force,,,,,,,,,"6,168 kg",,A2100,,,,,14 years,Super high frequency (SHF) and extremely high frequency (EHF),Not specified,,Solar arrays,,,,,,,,,,10:13 UTC,,,,,,,,,,,,,,,,,,,,,,,,,,,,,,,,,,,,,,,,,,,,,,,,,,,,,,,,,,,,,,,,,,,,,,,,,,,,,,,,,,,,,,,,,,,,,,,,,,,,,,,,,,,,,,,,,,,,,,,,,,,USA-292
USA-293,22 August 2019,Delta IV Medium,"GPS-III SV02, Magellan",13:06:00,Lockheed Martin,,"20,157 km (perigee), 20,221 km (apogee)",,,Cape Canaveral Space Launch Complex 37,,,Operational (as of 2021),,,,,,,,,,,,,,,,,,,,,,,,"3,680 kg",,,,,,,,,,,,,,,,,,,,,,,,,,,,,,,,,,,,,,,,,,,,,,,,,,,,,,,,,,,,,,,,,,,,,,,,,,,,,,,,,,,,,,,,,,,,,,,,,,,,,,,,,,,,,,,,,,,,,,Navigation satellite,,,,,,,,,USA-293
USA-35,14 February 1989,Delta II,"Navstar 2-01, GPS II-1, GPS SVN-14",18:30:00,Rockwell International,7.5 years,"19,858 km (perigee), 20,270 km (apogee)",713.2 minutes,55.1°,,,,,,,,,,,,,,,,,,,,,,,,,,,,,,,,,,,,,,,,,,,,,,,,,,,,,,,,,,,,,,,,,,,,,,,,,,,,,,,,,,,,,,,,,,,,,,,,,,,,,,,,,,,,,,,,,,,,,,,,,,,,,,,,,,,,,,,,,,,,,,,,,,,,,,,,,,,USA-35
USA-38,10 June 1989,Delta II,"GPS II-2, GPS SVN-13",22:19:00,Rockwell International,7.5 years,Transfer orbit,717.92 minutes,54.5°,,,,,,,,,,,,,,,,,,,,,,,,,,,,,,,,,,,,,,,,,,,,,,,,,,,,,,,,,,,,,,,,,,,,,,,,,,,,,,,,,,,,,,,,,,,,,,,,,,,,,,,,,,,,,,,,,,,,,,,,,,,,,,,,,,,,,,,,,,,,,,,,,,,,,,,,,,,USA-38
USA-42,18 August 1989,Delta II,"GPS II-3, GPS SVN-16",05:57:59,Rockwell International,7.5 years,"20,113 km (perigee), 20,246 km (apogee)",717.86 minutes,54.9°,,,,,,,,,,,,,,,,,,,,,,,,,,,,,,,,,,,,,,,,,,,,,,,,,,,,,,,,,,,,,,,,,,,,,,,,,,,,,,,,,,,,,,,,,,,,,,,,,,,,,,,,,,,,,,,,,,,,,,,,,,,,,,,,,,,,,,,,,,,,,,,,,,,,,,,,,,,USA-42
USA-47,21 October 1989,Delta II,"GPS II-4, GPS SVN-19",09:31:01,Rockwell International,7.5 years,"20,081 km (perigee), 20,280 km (apogee)",717.9 minutes,54.7°,,,Global Positioning System (GPS),,,,,,,,,,,,,,,,,,,,,,,,,,,,,,,,,,,,,,,,,,,,,,,,,,,,,,,,,,,,,,,,,,,,,,,,,,,,,,,,,,,,,,,,,,,,,,,,,,,,,,,,,,,,,,,,,,,,,,,,,,,,,,,,,,,,,,,,,,,,,,,,,,,,,,,,USA-47
USA-49,11 December 1989,Delta II,"GPS II-5, GPS SVN-17",18:10:01,Rockwell International,7.5 years,"20,009 km (perigee), 20,357 km (apogee)",718.0 minutes,54.9°,,,,,,,,,,,,,,,,,,,,,,,,,,,,,,,,,,,,,,,,,,,,,,,,,,,,,,,,,,,,,,,,,,,,,,,,,,,,,,,,,,,,,,,,,,,,,,,,,,,,,,,,,,,,,,,,,,,,,,,,,,,,,,,,,,,,,,,,,,,,,,,,,,,,,,,,,,,USA-49
USA-5,8 September 1984,Atlas E,"Navstar 10, GPS I-10, GPS SVN-10",21:41:00,Rockwell Space Systems,5 years,"19,962 km (perigee), 20,403 km (apogee)",718.00 minutes,63.20°,,,,,,,,,,,,,,,,,,,,,,,,,,,,,,,,,,,,,,,,,,,,,,,,,,,,,,,,,,,,,,,,,,,,,,,,,,,,,,,,,,,,,,,,,,,,,,,,,,,,,,,,,,,,,,,,,,,,,,,,,,,,,,,,,,,,,,,,,,,,,,,,,,,,,,,,,,,USA-5
USA-50,24 January 1990,Delta II,"GPS II-6, GPS SVN-18",22:55:01,Rockwell International,7.5 years,"20,087 km (perigee), 20,275 km (apogee)",717.92 minutes,54.6°,,,,,,,,,,,,,,,,,,,,,,,,,,,,,,,,,,,,,,,,,,,,,,,,,,,,,,,,,,,,,,,,,,,,,,,,,,,,,,,,,,,,,,,,,,,,,,,,,,,,,,,,,,,,,,,,,,,,,,,,,,,,,,,,,,,,,,,,,,,,,,,,,,,,,,,,,,,USA-50
,,,,,,,,,,,,,,,,,,,,,,,,,,,,,,,,,,,,,,,,,,,,,,,,,,,,,,,,,,,,,,,,,,,,,,,,,,,,,,,,,,,,,,,,,,,,,,,,,,,,,,,,,,,,,,,,,,,,,,,,,,,,,,,,,,,,,,,,,,,,,,,,,,,,,,,,,,,,Decayed objects on 31 March 1990,-,Program cancelled in June 2007,,,,,,USA-53
USA-54,26 March 1990,Delta II,"GPS II-7, GPS SVN-20",02:45:01,Rockwell Space Systems,7.5 years,Medium Earth Orbit,Not specified,55.0°,,,,,,,,,,,,,,,,,,,,,,,,,,,,,,,,,,,,,,,,,,,,,,,,,,,,,,,,,,,,,,,,,,,,,,,,,,,,,,,,,,,,,,,,,,,,,,,,,,,,,,,,,,,,,,,,,,,,,,,,,,,,,,,,,,,,,,,,,,,,,,,,,,,,,,,,,,,USA-54
"USA-63 (GPS II-8, GPS SVN-21)",2 August 1990,Delta II,,05:39:00,Rockwell Space Systems,7.5 years,Medium Earth Orbit,,,Cape Canaveral Air Force Station,,"Navigation satellite, part of the Global Positioning System (GPS)",,,,,,,,,,,,,,,,,,,,,,,,,,,,,,,,,,,,,,,,,,,,,,,,,,,,,,,,,,,,,,,,,,,,,,,,,,,,,,,,,,,,,,,,,,,,,,,,,,,,,,,,,,,,,,,,,,,,,,,,,,,,,,,,,,,,,,,,,,,,,,,,,,,,,,,,USA-63
USA-64,1 October 1990,Delta II,"GPS II-9, GPS SVN-15",21:56:00,Rockwell Space Systems,7.5 years,Medium Earth Orbit,-,-,,,,,,,,,,,,,,,,,,,,,,,,,,,,,,,,,,,,,,,,,,,,,,,,,,,,,,,,,,,,,,,,,,,,,,,,,,,,,,,,,,,,,,,,,,,,,,,,,,,,,,,,,,,,,,,,,,,,,,,,,,,,,,,,,,,,,,,,,,,,,,,,,,,,,,,,,,,USA-64
USA-66,26 November 1990,Delta II,"GPS IIA-1, GPS II-10, GPS SVN-23",21:39:01,Rockwell Space Systems,7.5 years,Medium Earth Orbit,Information not provided,55.0°,,,,,,,,,,,,,,,,,,,,,,,,,,,,,,,,,,,,,,,,,,,,,,,,,,,,,,,,,,,,,,,,,,,,,,,,,,,,,,,,,,,,,,,,,,,,,,,,,,,,,,,,,,,,,,,,,,,,,,,,,,,,,,,,,,,,,,,,,,,,,,,,,,,,,,,,,,,USA-66
USA-71,4 July 1991,Delta II,"GPS IIA-2, GPS II-11, GPS SVN-24",02:32:00,Rockwell Space Systems,7.5 years,"19,451 km (perigee), 20,250 km (apogee)",704.60 minutes,55.30°,,,,,,,,,,,,,,,,,,,,,,,,,,,,,,,,,,,,,,,,,,,,,,,,,,,,,,,,,,,,,,,,,,,,,,,,,,,,,,,,,,,,,,,,,,,,,,,,,,,,,,,,,,,,,,,,,,,,,,,,,,,,,,,,,,,,,,,,,,,,,,,,,,,,,,,,,,,USA-71
USA-79,23 February 1992,Delta II,"GPS IIA-3, GPS II-12, GPS SVN-25",22:29:00,Rockwell Space Systems,7.5 years,"19,913 km (perigee), 20,318 km (apogee)",714.70 minutes,54.70°,,,,,,,,,,,,,,,,,,,,,,,,,,,,,,,,,,,,,,,,,,,,,,,,,,,,,,,,,,,,,,,,,,,,,,,,,,,,,,,,,,,,,,,,,,,,,,,,,,,,,,,,,,,,,,,,,,,,,,,,,,,,,,,,,,,,,,,,,,,,,,,,,,,,,,,,,,,USA-79
,24 January 1985,,,19:50:00,,,,,,,,Deployment of Department of Defense payload,,,,,,,,,,,,,,,,,,,,,STS-51-C,3 days,,,,,,,,,,,,,,,,"Kennedy Space Center, Florida",,,,,,,,,,,,,,,,,,,,,,,,,,,,,,,,,,,,,,,,,,,,,,,,,,,,,,,,,,,,,,,,,,,,,,,,,,,,,,,,,,,,,,,,,,,,,,,,,,,,,,,,,,,,,Space Shuttle Discovery,Challenger was substituted with Discovery,Magnum SIGINT satellite into geosynchronous orbit,Payload successfully launched and remains operational,,USA-8
USA-80,10 April 1992,Delta II,"GPS IIA-4, GPS II-13, GPS SVN-28",03:20:00,Rockwell Space Systems,7.5 years,"19,877 km (perigee), 20,390 km (apogee)",716.00 minutes,55.10°,,,,,,,,,,,,,,,,,,,,,,,,,,,,,,,,,,,,,,,,,,,,,,,,,,,,,,,,,,,,,,,,,,,,,,,,,,,,,,,,,,,,,,,,,,,,,,,,,,,,,,,,,,,,,,,,,,,,,,,,,,,,,,,,,,,,,,,,,,,,,,,,,,,,,,,,,,,USA-80
USA-83,7 July 1992,Delta II,"GPS IIA-5, GPS II-14, GPS SVN-26",09:20:01,Rockwell Space Systems,7.5 years,"19,959 km (perigee), 20,464 km (apogee)",717.92 minutes,55.0°,,,,,,,,,,,,,,,,,,,,,,,,,,,,,,,,,,,,,,,,,,,,,,,,,,,,,,,,,,,,,,,,,,,,,,,,,,,,,,,,,,,,,,,,,,,,,,,,,,,,,,,,,,,,,,,,,,,,,,,,,,,,,,,,,,,,,,,,,,,,,,,,,,,,,,,,,,,USA-83
USA-84,9 September 1992,Delta II,"GPS IIA-6, GPS II-15, GPS SVN-27",08:57:00,Rockwell Space Systems,7.5 years,"19,914 km (perigee), 20,335 km (apogee)",717.98 minutes,54.7°,,,,,,,,,,,,,,,,,,,,,,,,,,,,,,,,,,,,,,,,,,,,,,,,,,,,,,,,,,,,,,,,,,,,,,,,,,,,,,,,,,,,,,,,,,,,,,,,,,,,,,,,,,,,,,,,,,,,,,,,,,,,,,,,,,,,,,,,,,,,,,,,,,,,,,,,,,,USA-84
USA-85,22 November 1992,Delta II,"GPS IIA-7, GPS II-16, GPS SVN-32",23:54:00,Rockwell Space Systems,7.5 years,"20,074 km (perigee), 20,251 km (apogee)",717.96 minutes,54.8°,,,,,,,,,,,,,,,,,,,,,,,,,,,,,,,,,,,,,,,,,,,,,,,,,,,,,,,,,,,,,,,,,,,,,,,,,,,,,,,,,,,,,,,,,,,,,,,,,,,,,,,,,,,,,,,,,,,,,,,,,,,,,,,,,,,,,,,,,,,,,,,,,,,,,,,,,,,USA-85
USA-87,18 December 1992,Delta II,"GPS IIA-8, GPS II-17, GPS SVN-29",22:16:00,Rockwell Space Systems,7.5 years,"20,137 km (perigee), 20,541 km (apogee)",720.00 minutes,54.74°,,,,,,,,,,,,,,,,,,,,,,,,,,,,,,,,,,,,,,,,,,,,,,,,,,,,,,,,,,,,,,,,,,,,,,,,,,,,,,,,,,,,,,,,,,,,,,,,,,,,,,,,,,,,,,,,,,,,,,,,,,,,,,,,,,,,,,,,,,,,,,,,,,,,,,,,,,,USA-87
USA-88,3 February 1993,Delta II,"GPS IIA-9, GPS II-18, GPS SVN-22",02:55:00,Rockwell Space Systems,7.5 years,"20,007 km (perigee), 20,341 km (apogee)",717.9 minutes,54.8°,,,,,,,,,,,,,,,,,,,,,,,,,,,,,,,,,,,,,,,,,,,,,,,,,,,,,,,,,,,,,,,,,,,,,,,,,,,,,,,,,,,,,,,,,,,,,,,,,,,,,,,,,,,,,,,,,,,,,,,,,,,,,,,,,,,,,,,,,,,,,,,,,,,,,,,,,,,USA-88
USA-90,30 March 1993,Delta II,"GPS IIA-10, GPS II-19, GPS SVN-31",03:09:00,Rockwell Space Systems,7.5 years,"20,076 km (perigee), 20,287 km (apogee)",717.96 minutes,54.9°,,,,,,,,,,,,,,,,,,,,,,,,,,,,,,,,,,,,,,,,,,,,,,,,,,,,,,,,,,,,,,,,,,,,,,,,,,,,,,,,,,,,,,,,,,,,,,,,,,,,,,,,,,,,,,,,,,,,,,,,,,,,,,,,,,,,,,,,,,,,,,,,,,,,,,,,,,,USA-90
USA-91,13 May 1993,Delta II,"GPS IIA-11, GPS II-20, GPS SVN-37",00:07:00,Rockwell Space Systems,7.5 years,"20,033 km (perigee), 20,334 km (apogee), 717.88 minutes (period), 54.9° (inclination)",,,Cape Canaveral Air Force Station,,Navigation satellite,,7925-9.5,,,,,,,,,,,,,,,,,,,,,,,,,,,,,,,,,,,,,,,,,,,,,,,,,,,,,,,,,,,,,,,,,,,,,,,,,,,,,,,,,,,,,,,,,,,,,,,,,,,,,,,,,,,,,,,,,,,,,,,,,,,,,,,,,,,,,,,,,,,,,,,,,,,,,U.S. Department of Defense,USA-91
USA-92,26 June 1993,Delta II,"GPS IIA-12, GPS II-21, GPS SVN-39, NAVSTAR 39",13:27:00,Rockwell Space Systems,7.5 years,"20,200 km (perigee), 20,200 km (apogee)",720.00 minutes,55.0°,,,,,,,,,,,,,,,,,,,,,,,,,,,,,,,,,,,,,,,,,,,,,,,,,,,,,,,,,,,,,,,,,,,,,,,,,,,,,,,,,,,,,,,,,,,,,,,,,,,,,,,,,,,,,,,,,,,,,,,,,,,,,,,,,,,,,,,,,,,,,,,,,,,,,,,,,,,USA-92
USA-94,30 August 1993,Delta II,"GPS IIA-13, GPS II-22, GPS SVN-35",12:38:00,Rockwell Space Systems,7.5 years,"20,074 km (perigee), 20,221 km (apogee)",716.0 minutes,54.9°,,,,,,,,,,,,,,,,,,,,,,,,,,,,,,,,,,,,,,,,,,,,,,,,,,,,,,,,,,,,,,,,,,,,,,,,,,,,,,,,,,,,,,,,,,,,,,,,,,,,,,,,,,,,,,,,,,,,,,,,,,,,,,,,,,,,,,,,,,,,,,,,,,,,,,,,,,,USA-94
USA-96,26 October 1993,Delta II,"GPS IIA-14, GPS II-23, GPS SVN-34",17:04:00,Rockwell Space Systems,7.5 years,,,,Cape Canaveral Air Force Station,,Navigation satellite for Global Positioning System,,7925-9.5,Not specified,Not specified,,,Not specified,,Not specified,,,,,,,,,,,,,,,,,,,,,,,,,,,,,,,,,,,,,,,,,,,,,,,,,,,,,,,,,,,,,,,,,,,,,,,,,,,,,,,,,,,,,,,,,,,,,,,,,,,,,,,,,,,,,,,,,,,,,,,,,,,,,,,,,,,,,,,,,,,,,,,USA-96
,,,,,,,,,,,,,,,,,,,,,,,,-X wing payload deactivated,Replaced classified payload with ballast,Placed into lower orbit and damaged during deployment,,,,,,,,,,,,,,,,,,,,,,,,,,,,,,,,,,,,,,,,,,,,,,,,,,,,,,,,,,,,,,,,,,,,,,,,,,,,,,,,,,,,,,,,,,,,,,,,,,,,,,,,,,,,,,,,,,,,,,,,,,,,,,,,,,,,,,,,,,USA-99
