Name,Occupation,Nationality,Birthplace,Sentencing,Crime Type,Alias,Number of Victims,Location,Date of Death,Arrest Date,Full Name,Nickname,Period,Circumstances of Death,Age Range of Victims,Accusations,Date of Birth,Significant Events,Victims,Sentence,Parents,Criminal Activities,Location of Death,Education,Date,Charges,Place of Birth,Event,Casualties,Perpetrator,Legal Outcome,Achievements,Modus Operandi,Crime,Legal Status,Details,Family Background,Aliases,Team,Draft History,Nicknames,Residence,Legal Proceedings,Key Details,Arrest Details,Trial Outcome,Accomplice,Personal Life,Family,Date of Conviction,Injuries,Affiliation,Incident Date,Children,Date of Arrest,Birthdate,Military Service,Outcome,Shooter,Terrorist Group,Trial Date,Role,Number of Life Sentences,Specific Attacks,Arrest and Sentencing,Prison Location,Current Status,Legal Issues,Alfredo Galán Sotillo,"This table succinctly presents the essential details about Alfredo Galán Sotillo, summarizing his criminal activities, the number of victims, the timeline, locations, and significant events associated with his capture and confession as the ""Playing Card Killer.""",Son 1,Son 2,Event Trigger,Attack Locations,Legal Consequences,Personal Background,Motivation,Siblings,League,Ponzi Scheme Amount,NASDAQ Position,Guilty Plea Date,Age at Crime,Sentence Length,Parole Eligibility,Current Incarceration Location,Criminal Accomplice,Noteworthy Events,Motive,Global Impact,Estimated Worth of Scheme,Duration of Scheme,Influential Connections,Number of Clients,Connection to Military,Nature of Scheme,High-Profile Investors,Actual Duration of Imprisonment,Capture Details,Notable Remarks,Number of Counts,Specific Details,Political Career,Notable Roles,Language Skills,Conviction,Prior Convictions,Psychological Profile,Childhood,Crimes Committed,Key Events,Supporters,Event Date,Type of Incident,Perpetrators,School Information,Victim Demographics,Weapon Used,Involvement of Other Students,Trials and Convictions,Events,Criminal History,First Wife,Notable Events,Number of Confirmed Murders,Methods of Killing,Current Team,Teams Played For,Debut Date,Loan Deal Date,Key Incidents,Notable Works,Awards,Crimes Commiited,Date of Capture,Characteristics,Methods,Observations,Release Date,Significant Legal Events,Role in Attack,Verdict,Rally Description,Convictions,Date of Sentencing,Latest Charge,Career Highlights,Trials,Country Moves,Number of Hostages,Duration of Hostage Crisis,Gunmen,Gunmen Background,Circumstances of Arrest,Contempt for Women,Sexual Abuse in Childhood,Criminal Record History,Murder Investigation Details,Mark Goudeau,Location of Imprisonment,Background Information,Olympics Participated,Criminal Activity,Time Period,Method of Inspiration,Prosecution Details,Significant Details,Important Dates,Murders,Unique Childhood Situation,Spouse,Civic Posts,Notable Achievements,Victim,Abductor,Captivity Duration,Captivity Location,Perpetrator's Wife,Additional Details,Research Interests,Key Contributions,Age at Death,Cause of Death,Conviction 1,Conviction 2,Current Location,Employment,Counties of Crimes,Conviction Counts,Position,Teams,Positions held,Date of Incident,Criminal Convictions,,Incarceration Location,Co-conspirator,Co-inmates,Accomplishments,Foundation of LTTE,Death Date,trigger
,,,,,,,,"Ortaköy, Istanbul",,17 January 2017,,,,,,,,,,,,,,,1 January 2017,,,Istanbul nightclub shooting,"39 killed, 79 wounded",,,,,,,,,,,,,,,,,,,,,,,,,,,,,,Abdulkadir Masharipov,ISIS,11 December 2017,,,,,,,,,,,,,,,,,,,,,,,,,,,,,,,,,,,,,,,,,,,,,,,,,,,,,,,,,,,,,,,,,,,,,,,,,,,,,,,,,,,,,,,,,,,,,,,,,,,,,,,,,,,,,,,,,,,,,,,,,,,,,,,,,,,,,,,,,,,,,Abdulkadir Masharipov
,,Palestinian,Kuwait,,,,,,,,Abdullah Ghaleb Barghouti,,,,,,1979,,,,,,,,,,,,,,,,,,,,"From the Barghouti clan based in the Ramallah area of the West Bank, family from Beit Rima",,,,,,,,,,,,,,,,,,,,,,,,,"Leading commander in Hamas' Izz al-Din al-Qassam Brigades, chief bomb maker",67,"Sbarro restaurant suicide bombing, Ben Yehuda pedestrian mall bombings, Café Moment bombing, etc.","Arrested by Israeli Shin Bet security service in March 2003, sentenced to 67 life terms plus 5,200 years in prison","Gilboa Prison, near Beit She'an, Israel",Incarcerated,,,,,,,,,,,,,,,,,,,,,,,,,,,,,,,,,,,,,,,,,,,,,,,,,,,,,,,,,,,,,,,,,,,,,,,,,,,,,,,,,,,,,,,,,,,,,,,,,,,,,,,,,,,,,,,,,,,,,,,,,,,,,,,,,,,,,,,Abdullah Barghouti
Adnan Oktar,"Cult leader, creationist, preacher, pamphleteer",,,"1,075 years in prison, total sentences for 13 individuals amounted to 9,803 years",,,,,,,,,,,,,,,,,,,,,,,,,,,,,,,,,,"Adnan Hoca, Harun Yahya",,,,,,,,,,,,,,,,,,,,,,,,,,,,,,"Sex and financial charges, forming a criminal enterprise, financial fraud, sexual abuse",,,,,,,,,,,,,,,,,,,,,,,,,,,,,,,,,,,,,,,,,,,,,,,,,,,,,,,,,,,,,,,,,,,,,,,,,,,,,,,,,,,,,,,,,,,,,,,,,,,,,,,,,,,,,,,,,,,,,,,,,,,,,,,,,,,,,,Adnan Oktar
,,,,,,,,,,,,,,,,,,,,,,,,,,,,,,,,,,,,,,,,,,,,,,,,,,,,,,,,,,,,,,,,,,,,,"Killed 6, wounded 3, Surrendered and confessed, Signature of leaving playing cards","This table succinctly presents the essential details about Alfredo Galán Sotillo, summarizing his criminal activities, the number of victims, the timeline, locations, and significant events associated with his capture and confession as the ""Playing Card Killer.""",,,,,,,,,,,,,,,,,,,,,,,,,,,,,,,,,,,,,,,,,,,,,,,,,,,,,,,,,,,,,,,,,,,,,,,,,,,,,,,,,,,,,,,,,,,,,,,,,,,,,,,,,,,,,,,,,,,,,,,,,,,,,,,,,,,,Alfredo Gal谩n
Allen Brown,American football tight end,,,,,,,,27 January 2020,,,,,,,,,"Missed 1965 season, retired in 1968",,,,,,,,,,,,,,"All-America, All-SEC selection",,,,,,,Green Bay Packers,1965 NFL Draft (3rd round),,,,,,,,,,,,,,,,,,,,,,,,,,,,,,,Timothy Brown,Burkes Brown,,,,,,,,,,,,,,,,,,,,,,,,,,,,,,,,,,,,,,,,,,,,,,,,,,,,,,,,,,,,,,,,,,,,,,,,,,,,,,,,,,,,,,,,,,,,,,,,,,,,,,,,,,,,,,,,,,,,,,,,,,,,,,,,,,Allen Brown
,Anti-immigration domestic terrorist,Norwegian,,,,"Anders Behring Breivik, Andrew Berwick",,,,,Fjotolf Hansen,,,,,,,,77,,,,,,,,,,,,,,,,,,,,,,,,,,,,,,,,,,,,,,,,,,,,,,,,,,,,,,2011 Norway attacks,"Oslo, Utøya Island",Sentenced to 21 years imprisonment with preventive detention,"Arrested at 16 for graffiti, not chosen for armed forces, anti-immigration political involvement, gun club membership, financial information",,,,,,,,,,,,,,,,,,,,,,,,,,,,,,,,,,,,,,,,,,,,,,,,,,,,,,,,,,,,,,,,,,,,,,,,,,,,,,,,,,,,,,,,,,,,,,,,,,,,,,,,,,,,,,,,,,,,,,,,,,,,,,Anders Breivik
Andrés Ulises Castillo Villarreal,Narcomenudista,Mexican,,Sentenced to 120 years in 2017,Serial killer,,"At least 3, confessed to around 12",,,,,,,,,,,"First identified victim was Lorenzo Ernesto Olivas Barrios, dismembered bodies were left with toys as a ""signature"" next to them.",,,,,,,,,,,,,,,"Lured victims with drugs, drugged and incapacitated them, raped and killed by hitting on the head with a blunt object, dismemberment",,,,,,,,"The Chihuahua Ripper, The Urban Development Ripper",,,,,,,,,,,,,,,,,,,,,,,,,,,,,,,,,,,,Sexual compulsion,,,,,,,,,,,,,,,,,,,,,,,,,,,,,,,,,,,,,,,,,,,,,,,,,,,,,,,,,,,,,,,,,,,,,,,,,,,,,,,,,,,,,,,,,,,,,,,,,,,,,,,,,,,,,,,,,,,,,,,,,,,,,Andr茅s Ulises Castillo Villarreal
,,,"Duey, Yauco, Puerto Rico",,,,,"2207 Seymour Avenue, Cleveland, Ohio",3 September 2013,,Ariel Castro,,,Suicide by hanging in prison cell,,,,,"Michelle Knight, Amanda Berry, Georgina DeJesus","Life imprisonment plus 1,000 years without parole","Pedro Castro, Lillian Rodriguez",,,Graduated from Lincoln-West High School in 1979,,"Four counts of kidnapping, three counts of rape",,,,,,,,"Kidnapping, Rape",,,,,,,,Lived on Seymour Avenue in Cleveland,,,,,,,,,,,,,,,,,,,,,,,,,,,,,,,,,,,,9 siblings,,,,,,,,,,,,,,,,,,,,,,,,,,,,,,,,,,,,,,,,,,,,,,,,,,,,,,,,,,,,,,,,,,,,,,,,,,,,,,,,,,,,,,,,,,,,,,,,,,,,,,,,,,,,,,,,,,,,,,,,,,,,Ariel Castro
Arthur Franklin,Australian rules footballer,Australian,,,,,,,,,,,,,,,,,,,,,,,,,,,,,,,,,,,,,Melbourne Football Club,,,,,,,,,,,,,,,,,,,,,,,,,,,,,,,,,,,,,,,,Victorian Football League,,,,,,,,,,,,,,,,,,,,,,,,,,,,,,,,,,,,,,,,,,,,,,,,,,,,,,,,,,,,,,,,,,,,,,,,,,,,,,,,,,,,,,,,,,,,,,,,,,,,,,,,,,,,,,,,,,,,,,,,,,,Arthur Franklin
Bernard Henry McGinn,Provisional IRA volunteer,Irish,"Castleblayney, County Monaghan",Released in 2000 under Good Friday Agreement,,,,,Not specified,,,,,"Died after release from prison, involved in IRA bombing campaigns and sniper activities, arrested by SAS",,,,,,,,- Sentenced to 490 years in 1999,,,,,,,,,,,,,,,,,,,,,,,,,,,,,,,,,,,,,,,,,,,,,,,,,,,,,,,,,,,,,,,,,,,,,,,,,,,,,,,,,,,,,,,,,,,,,,,,,,,,,,,,,,,,,,,,,,,,,,,,,,,,,,,,,,,,,,,,,,,,,,,,,,,,,,,,,,,,,,,,,,,,,,,,,,,,,,,,,,,,Bernard Henry McGinn
Bernard Lawrence Madoff,"Financier, Fraudster",,,Lengthy imprisonment,,Bernie,,,,"December 11, 2008",,,,,,,,,,,,,,,,,,,,,,,,,,,,,,,,,,,,,,,,,,,,,,,,,,,,,,,,,,,,,,,,,,,,,,$64.8 billion,Chairman,"March 12, 2009",,,,,,,,,,,,,,,,,,,,,,,,,,,,,,,,,,,,,,,,,,,,,,,,,,,,,,,,,,,,,,,,,,,,,,,,,,,,,,,,,,,,,,,,,,,,,,,,,,,,,,,,,,,,,,,,,,,,,,,,Bernard Madoff
Bobby Bostic,,,"St Louis, Missouri",,,,,,,,,,,,,,,,,,,,,,,,,,,,,,,,,,,,,,,,,,,,,,,,,,,,,,,,,,,,,,,,,,,,,,,,,,,,,,,,16,241 years,Eligible at 112,Algoa Correctional Center,Donald Hutson (co-accused),"Supreme Court appeal, release date in November 2022",,,,,,,,,,,,,,,,,,,,,,,,,,,,,,,,,,,,,,,,,,,,,,,,,,,,,,,,,,,,,,,,,,,,,,,,,,,,,,,,,,,,,,,,,,,,,,,,,,,,,,,,,,,,,,,,,,Bobby Bostic
,,Australian,,,,,,"Christchurch, New Zealand",,,,,,,,,,,,,,,,,15 March 2019,,,Christchurch Shootings,"51 dead, 40 injured",Brenton Harrison Tarrant,,,,,,,,,,,,,"Pleaded guilty to 51 murders, 40 attempted murders, and terrorism, sentenced to life without parole",,,,,,,,,,,,,,,,,,,,,,,,,,,,,,,,,,,,,,,,,,,,,,"White supremacy, alt-right extremism","Increased focus on white supremacy and alt-right extremism globally, significant condemnation and government response in NZ",,,,,,,,,,,,,,,,,,,,,,,,,,,,,,,,,,,,,,,,,,,,,,,,,,,,,,,,,,,,,,,,,,,,,,,,,,,,,,,,,,,,,,,,,,,,,,,,,,,,,,,,,,,,,,,,Brenton Tarrant
,,,,,,,8 (7 fatal),"Xerox Corporation, Honolulu, Hawaii",,,,,,,,,,,,,,,,,"November 2, 1999",,,Honolulu Shootings,,Byran Koji Uyesugi,,,,,,,,,,,,,,"A mass shooting committed by Uyesugi resulted in 8 victims, killing 7 at a Xerox building, leading to a standoff and eventual surrender to the police.",,,,,,,,,,,,,,,,,,,,,,,,,,,,,,,,,,,,,,,,,,,,,,,,,,,,,,,,,,,,,,,,,,,,,,,,,,,,,,,,,,,,,,,,,,,,,,,,,,,,,,,,,,,,,,,,,,,,,,,,,,,,,,,,,,,,,,,,,,,,,,,,,,,,,,,,,,,,,,Byran Uyesugi
,Former employee of Petroleum Authority of Thailand,,,"Lifetime imprisonment or 141,078 years",,,"16,231",,,,Chamoy Thipayaso,,,,,,,,,,,"Pyramid scheme defrauding over 16,000 Thais",,,,,,,,,,,,,,,,,,,,,,,"Secretly held by air force, trial delayed",Convicted of corporate fraud,,,,,,,,,,,,,,,,,,,,,,,,,,,,,,,,,,,,,,,,,,,,,$200-301 million estimated worth,Late 1960s to mid-1980s,Air Force and Petroleum Authority,"16,231",Military backing,Chit fund with high returns,Politically powerful investors,About 8 years,,,,,,,,,,,,,,,,,,,,,,,,,,,,,,,,,,,,,,,,,,,,,,,,,,,,,,,,,,,,,,,,,,,,,,,,,,,,,,,,,,,,,,,,,,,,,,,,,,,,,,,,Chamoy Thipyaso
Chester Arthur Stiles,,American,,21 life sentences with possibility of parole in 140 years,"Child sexual abuse, rape",,At least 2,"Pahrump, Nevada",,,,,,,,,,,,,,,,,,,,,,,,,,,,,,,,,,,,,,,,,,,,,,,,,,,,,,,,,,,,,,,,,,,,,,,,,,,,,,,,,,,,,,,,,,,"Nationwide manhunt, captured in Henderson, Nevada",Claimed innocence and lack of remorse in court,,,,,,,,,,,,,,,,,,,,,,,,,,,,,,,,,,,,,,,,,,,,,,,,,,,,,,,,,,,,,,,,,,,,,,,,,,,,,,,,,,,,,,,,,,,,,,,,,,,,,,Chester Stiles
Christopher Mhlengwa Zikode,,South African,,Sentenced to 140 years in prison on 7 January 1997,"Serial killer, rapist",,,"Donnybrook, KwaZulu-Natal",,29 September 1995,,,Two-year period,,,,,,,,,,,,,,,,,,,,,,,,,,,,,,,,,,,,,,,,,,,,,,,,,,,,,,,,,,,,,,,,,,,,,,,,,,,,,,,,,,,,,,,,"8 counts of murder, 5 counts of rape, 5 counts of attempted murder, 2 counts of indecent assault",Responsible for at least 18 murders and 11 attempted murders,,,,,,,,,,,,,,,,,,,,,,,,,,,,,,,,,,,,,,,,,,,,,,,,,,,,,,,,,,,,,,,,,,,,,,,,,,,,,,,,,,,,,,,,,,,,,,,,,,,,Christopher Mhlengwa Zikode
,"Politician, Lawyer",,"Pittsylvania County, Virginia",,,,,,11 February 1879,,Christopher Yancy Thomas,,,,,,,,,,,,,,,,,,,,,,,,,,,,,,,,,,,,,,,,,,,,,,,,,,,,,,,,,,,,,,,,,,,,,,,,,,,,,,,,,,,,,,,,,,,,- Confederate Virginia Senate (1860-1864),,,,,,,,,,,,,,,,,,,,,,,,,,,,,,,,,,,,,,,,,,,,,,,,,,,,,,,,,,,,,,,,,,,,,,,,,,,,,,,,,,,,,,,,,,,,,,,,,,,Christopher Thomas
Colin Ferguson,"Actor, Director, Producer",Canadian-American,,,,,,,,,,,,,,,,,,,,,,"Appleby College, McGill University",,,,,,,,,,,,,,,,,,,,,,,,,,,,,,,,,,,,,,,,,,,,,,,,,,,,,,,,,,,,,,,,,,,,,,,,,,,,,,,,"Sheriff Jack Carter in Eureka, Maytag Man, Lewis on Then Came You",Bilingual in French and English,,,,,,,,,,,,,,,,,,,,,,,,,,,,,,,,,,,,,,,,,,,,,,,,,,,,,,,,,,,,,,,,,,,,,,,,,,,,,,,,,,,,,,,,,,,,,,,,,Colin Ferguson
Colton Simpson,Former Crip,,,126 years in prison,,,,,,March 2003,,,,,,,,Arrested after jewel robbery in 2003; convicted in 2007,,,,,,,,,,,,,,,,,,,,,,,,,,,,,,,,,,,,,,,,,,,,,,,,,,,,,,,,,,,,,,,,,,,,,,,,,,,,,,,,,,,,,,,,Attempted Murder,"Robbery, Attempted Murder",,,,,,,,,,,,,,,,,,,,,,,,,,,,,,,,,,,,,,,,,,,,,,,,,,,,,,,,,,,,,,,,,,,,,,,,,,,,,,,,,,,,,,,,,,,,,,,Colton Simpson
Cristina Soledad Sánchez Esquivel,,Mexican,,,Serial killer,,5-6,,,,,La Matataxistas,,,,,,,,,,,,,,,,,,,,,,,,,,,,,,,,,,,Aarón Herrera Hernández,"Mother of 6, loving and caring according to neighbors",,,,,,,,,,,,,,,,,,,,,,,,,,,,,,,,,,,,,,,,,,,,,,,,,,,,,,,,,,,,"Anti-social, tendency to sadism","Born into poverty, multiple abuse incidents",,,,,,,,,,,,,,,,,,,,,,,,,,,,,,,,,,,,,,,,,,,,,,,,,,,,,,,,,,,,,,,,,,,,,,,,,,,,,,,,,,,,,,,,,,,,,Cristina Soledad S谩nchez Esquivel
César Armando Librado Legorreta,,Mexican,,,"Serial killer, Rapist",El Coqueta,At least 6,Greater Mexico City Area,,"February 26, 2012",,,July 2011 to January 2012,,17 to 34 years old,,,,,,,,,,,,,,,,,,,,,,,,,,,,,,,,,,,,,,,,,,,,,,,,,,,,,,,,,,,,,,,,,,,,,,,,,,,,,,,,,,,,,,,,,,,,,,,,,,,,,,,,,,,,,,,,,,,,,,,,,,,,,,,,,,,,,,,,,,,,,,,,,,,,,,,,,,,,,,,,,,,,,,,,,,,,,,,,,,,,,,,,,,,C茅sar Armando Librado Legorreta
Daniel Ken Holtzclaw,Police officer,,Guam,263 years in prison,,,,,,,,,,,,,,,,,,,,,,,,,,,,,,,,,,,,,,,,,,,,,"Eric Holtzclaw (father), Kumiko Holtzclaw (mother)",,,,,,,,,,,,,,,,,,,,,,,,,,,,,,,,,,,,,,,,,,,,,,,,,,,,,,,,,,,,,"Multiple counts of rape, sexual battery, forcible oral sodomy, sexual offenses while with the police department","Convicted on 18 of 36 charges, denied appeal, supported by Jason Flom, Michelle Malkin","Jason Flom, Michelle Malkin",,,,,,,,,,,,,,,,,,,,,,,,,,,,,,,,,,,,,,,,,,,,,,,,,,,,,,,,,,,,,,,,,,,,,,,,,,,,,,,,,,,,,,,,,,Daniel Holtzclaw
David Parker Ray,"Kidnapper, Torturer, Rapist, Suspected Serial Killer",,"Elephant Butte, New Mexico",,,Toy-Box Killer,,,One year after convictions,,,,,,,"Kidnapping, Torture, Suspected Murder of up to 60 women",,,,,,,"N/A, died of a heart attack",,,,,,,,,,,,,,,,,,,,,,,,,,,2001,,,,,,,,,,,,,,,,,,,,,,,,,,,,,,,,,,,,,,,,,,,,,,,,,,,,,,,,,,,,,,,,,,,,,,,,,,,,,,,,,,,,,,,,,,,,,,,,,,,,,,,,,,,,,,,,,,,,,,,,,,,,,,,,,,,,,,,,,,,,,,,,,,,,,,,,David Parker Ray
Dennis Lynn Rader,Serial killer,American,Kansas,Ten consecutive life sentences,"Murder, torture",BTK,10,,,,,,,,,,,,,,,,,,,,,,,,,,,,,,,,,,,,,,,,,,,,,,,,,,,,,,,,,,,,,,,,,,,,,,,,,,,,,,,,,,,,,,,,,,,,,,,,,,,,,,,,,,,,,,,,,,,,,,,,,,,,,,,,,,,,,,,,,,,,,,,,,,,,,,,,,,,,,,,,,,,,,,,,,,,,,,,,,,,,,,,,,,,,,,,,,,,Dennis Rader
,,,,,,,,"Highlands Ranch, Douglas County, Colorado",,,,,,,,,,,,,,,,,,,,,"1 student killed, 8 injured",,,,,,,,,,,,,,,,,,,,,,-,,,,,,,,,,,,,,,,,,,,,,,,,,,,,,,,,,,,,,,,,,,,,,,,,,,,,,,,,,,,,,"May 7, 2019",School shooting,"Two teenagers, both school students","K-12 charter school with approximately 1,850 students",,,,,,,,,,,,,,,,,,,,,,,,,,,,,,,,,,,,,,,,,,,,,,,,,,,,,,,,,,,,,,,,,,,,,,,,,,,,,,,,,,,,,,Devon Erickson
Dwight D. York,Founder of black Muslim groups,,,,,,,"Brooklyn, New York, Putnam County, Georgia",,,,,,,,,,,,,,"Convicted child molester, RICO violations",,,,,,,,,,,,,Serving 135-year sentence,,,"Malachi Z. York, Issa al-Haadi al-Mahdi, et alii",,,,,,,,,,,,,,,,,,,,,,,,,,,,,,,,,,,,,,,,,,,,,,,,,,,,,,,,,,,,,,,,,,,,,,,,,,,,,,,,,,,,,,,,,,,,,,,,,,,,,,,,,,,,,,,,,,,,,,,,,,,,,,,,,,,,,,,,,,,,,,,,,,,,,,,,,,,,,,,,,,,,Dwight York
Dylann Storm Roof,,American,,"Death penalty in federal court, life in state court","Mass murder, Domestic terrorism",N/A,,"Charleston, South Carolina",N/A,,,,,,,,,,,,,,,,,,,,,,,,,,,,,,,,,,,,,Convicted on 33 federal charges and state charges,,,,,,White supremacist,"June 17, 2015",,,,,,,,,,,,,,,,,,,,,,,,,,,,,,,,,,,,,,,,,,,,,,,,,,,,,,,,,,,,,,,,"Nine African Americans killed, one injured",,,,,,,,,,,,,,,,,,,,,,,,,,,,,,,,,,,,,,,,,,,,,,,,,,,,,,,,,,,,,,,,,,,,,,,,,,,,,,,,,,,,,Dylann Roof
,,,,,,,,"Bethel, Alaska",,,,,,,,,,,"Two killed, two wounded",,,,,,"February 19, 1997",,,Bethel Regional High School,,Evan Ramsey,,,,,,,,,,,,,,"Ramsey serving two 99-year prison sentences, eligible for parole in 2066",,,,,,,,,,,,,,,,,,,,,,,,,,,,,,,,,,,,,,,,,,,,,,,,,,,,,,,,,,,,,,,,,,,,,,,,,,Mossberg 500 12-gauge shotgun,Two students assisted Ramsey,,,,,,,,,,,,,,,,,,,,,,,,,,,,,,,,,,,,,,,,,,,,,,,,,,,,,,,,,,,,,,,,,,,,,,,,,,,,,,,,,,,Evan Ramsey
Eyad Ismoil,Participant,Jordanian,Jordan,,,,,,,,,,,,,,,,,,,,,,,,,,,,,,,1993 World Trade Center bombing conspiracy,,,,,,,,,,,,,,,,,,,,,,,,,,,,,,,,,,,,,,,,,,,,,,,,,,,,,,,,,,,,,,,,,,,,,,,,,,,,,,,,,,,,,,Convicted in the United States in 1997,Extradited to the United States in 1995,,,,,,,,,,,,,,,,,,,,,,,,,,,,,,,,,,,,,,,,,,,,,,,,,,,,,,,,,,,,,,,,,,,,,,,,,,,,,,,,,Eyad Ismoil
Fanuel Makamu,"Robber, rapist, serial killer",South African,,,"Robbery, Murder, Rape",,,"Streets, Water pump station in Cottondale, Magwagwaza High School in Mhala",,"September 14, 2000",,The Mpumalanga Serial Rapist,February to September 2000,,,,,,"Multiple women, nearby witnesses",,,,,,,,,,,,,,,,Sentenced to 165 years' imprisonment,,,,,,,,,,,,Henry Maile,,,,,,,,,,,,,,,,,,,,,,,,,,,,,,,,,,,,,,,,,,,,,,,,,,,,,,,,,,,,,,,,,,,,,,,,,,,,,,,,,,,,,,,,,,,,,,,,,,,,,,,,,,,,,,,,,,,,,,,,,,,,,,,,,,,,,,,,,,,,,,,,,,,,,,,,,,,Fanuel Makamu
,,,"Yauco, Puerto Rico",,,Toño Bicicleta,,,1985,,Francisco Antonio García López,,,Stabbed in the neck and arm by inmates,,,,,,,Esteban García Medina and Antonia López Vargas,,,,,,,,,,,,,,,,,,,,,,,,,,,,,,,,,"Francisco Antonio, María Milagros, Carmen Dolores",,,,,,,,,,,,,,,,,,,,,,,,,,,,,,,,,,,,,,,,,,,,,,,,,,,,,,,,,,,,,,,,,,,,"Murdered his wife Gloria Soto with a machete in 1968, sentenced to 185 years in prison, escaped multiple times",Antonia Rivera,,,,,,,,,,,,,,,,,,,,,,,,,,,,,,,,,,,,,,,,,,,,,,,,,,,,,,,,,,,,,,,,,,,,,,,,,,,,,,,Francisco Antonio Garc铆a L贸pez
Francisco das Chagas Rodrigues de Brito,Former miner and mechanic,,,,,,,"Maranhão, Brazil",,,,,,,,"Responsible for multiple child homicides, abuse of corpses",,,,,,,,,,,,,,,,,,,,Prolific serial killer who emasculated victims,,,,,,,,,,,,,,,,,,,,,,,,,,,,,,,,,,,,,,,,,,,,,,,,,,,,,,,,,,,,,,,,,,,,,,,,,,,,,,,,,,,,,,,,,,,,,,,,,,,,,,,,,,,,,,,,,,,,,,,,,,,,,,,,,,,,,,,,,,,,,,,,,,,,,,,,,,,,,,,,,,,,,,Francisco das Chagas Rodrigues de Brito
Francisco de Assis Pereira,Brazilian serial killer,,São Paulo,,,O Maníaco do Parque,,,,,,,,,,,,,,,,"Raped and murdered 11 women, assaulted nine others in São Paulo park",,,,,,,,,,,,,,,,,,,,,,,,,,,,,,,,,,,,,,,,,,,,,,,,,,,,,,,,,,,,,,,,,,,,,,,,,,,,,,,,,,,,,,,,,,,,,,,,,,,,,,"Born on November 29, 1967, history of childhood trauma and prior violent incidents",,,,,,,,,,,,,,,,,,,,,,,,,,,,,,,,,,,,,,,,,,,,,,,,,,,,,,,,,,,,,,,,,,,,,,,,,,,,,,Francisco de Assis Pereira
Gary Leon Ridgway,Serial killer,,,Life imprisonment without parole,,Green River Killer,,,,"November 30, 2001",,,,,,,"February 18, 1949",,,,,,,,,,"Salt Lake City, Utah",,,,,,,,,,,,,,,,,,,,,,,,,,,,,,,,,,,,,,,,,,,,,,,,,,,,,,,,,,,,,,,,,,,,,,,,,,,,,,,,,,,,,,,,,,,,,,,,,,49,Strangulation by hand or ligatures,,,,,,,,,,,,,,,,,,,,,,,,,,,,,,,,,,,,,,,,,,,,,,,,,,,,,,,,,,,,,,,,,,,,,,,,,,,,Gary Ridgway
,Professional footballer,Argentine,,,,,,,,,Guillermo Gabriel Ocampo,,,,,,,"Debut against Flandria in Copa Argentina, brace scored in away victory against San Telmo, 100th career appearance versus Sacachispas",,,,,,,,,,,,,,,,,,,,,,,,,,,,,,,,,,,,,,,,,,,,,,,,,,,,,,,,,,,,,,,,,,,,,,,,,,,,,,,,,,,,,,,,,,,,,,,,,,,,,,,,,,,,,Los Andes (on loan from Almirante Brown),Almirante Brown,1 April 2015,17 February 2022,,,,,,,,,,,,,,,,,,,,,,,,,,,,,,,,,,,,,,,,,,,,,,,,,,,,,,,,,,,,,,,,,,,,,,,,Guillermo Ocampo
Harvey Louis Carignan,Serial killer,,,,,,,,,,,,,,,,,,,,,,,,,,,,,,,,,,,"Convicted for the murders of Laura Showalter and Christine Norton, born in North Dakota in 1927, previously sentenced for a 1949 rape and murder in Anchorage, Alaska",,,,,,,,,,,,,,,,,,,,,,,,,,,,,,,,,,,,,,,,,,,,,,,,,,,,,,,,,,,,,,,,,,,,,,,,,,,,,,,,,,,,,,,,,,,,,,,,,,,,,,,,,,,,,,,,,,,,,,,,,,,,,,,,,,,,,,,,,,,,,,,,,,,,,,,,,,,,,,,,,,,,,,Harvey Carignan
Henri Parot,,,Algiers,"Sentenced to 4,797 years for 26 murders and 166 attempted murders",,,,,,"April 2, 1990",,,,,,,,,,,,,,,,,,,,,,,,,,,,,,,,,,,,,,,,,,ETA member,,,,,,,,,,,,,,,,,,,,,,,,,,,,,,,,,,,,,,,,,,,,,,,,,,,,,,,,,,,,,,,,,,,,,,,,,,,,,,,Involved in the 1987 Zaragoza Barracks bombing,,,,,,,,,,,,,,,,,,,,,,,,,,,,,,,,,,,,,,,,,,,,,,,,,,,,,,,,,,,,,,,,,,,,,,,Henri Parot
Herbert Fields,"Librettist, Screenwriter",,New York City,,,,,,,,,,,,,,,,,,,,,,,,,,,,,,,,,,,,,,,,,,,,,"Lived as openly gay man, maintained a straight persona, associated with Broadway and Hollywood circles","Son of Lew Fields, Brother of Dorothy and Joseph Fields",,,,,,,,,,,,,,,,,,,,,,,,,,,,,,,,,,,,,,,,,,,,,,,,,,,,,,,,,,,,,,,,,,,,,,,,,,,,,,,,,,,"Rodgers and Hart musicals, Annie Get Your Gun, Redhead, The Wizard of Oz, B-movie screenplays",Tony Award for Best Musical,,,,,,,,,,,,,,,,,,,,,,,,,,,,,,,,,,,,,,,,,,,,,,,,,,,,,,,,,,,,,,,,,,,,,Herbert Fields
Heriberto Seda,Serial Killer,American,,,,The New York Zodiac,"At least 3 dead, 6 wounded",,,,,,,,,,,,,232 years imprisonment,,,,,,,,,,,,,,,,,,,,,,,,,,,,,,1998,,,,,,,,,,,,,,,,,,,,,,,,,,,,,,,,,,,,,,,,,,,,,,,,,,,,,,,,,,,,,,,,,,,,,,,,,,,,,,,,,,,,"3 murders, 6 wounded",18 June 1996,"Obsessed with astrology and death, admirer of the San Francisco Zodiac Killer","Taunting messages, codes based on maritime signals flags, use of improvised firearm","Admired the San Francisco Zodiac Killer, police consulted astronomer, similarities with the original Zodiac Killer, letters claimed zodiac signs",,,,,,,,,,,,,,,,,,,,,,,,,,,,,,,,,,,,,,,,,,,,,,,,,,,,,,,,,,,,,,,,Heriberto Seda
Hélio José Muniz Filho,Vigilante murderer,,"Camaragibe, Pernambuco","201 years in prison in Recife, Pernambuco",,Helinho,,,14 January 2001,,,,,Stabbed in the neck and arm by three inmates at Maxima Anibal Bruno Security Prison,,65,,,,,,,"Freitas Octavian Hospital, Recife",,,,,,,,,,,,,,,,,,,,,,,,,,,,,,,,,,,,,,,,,,,,,,,,,,,,,,,,,,,,,,,,,,,,,,,,,,,,,,,,,,,,,,,,,,,,,,,,,,,,,,,,,,,,,,,,,,,,,,,,,,,,,,,,,,,,,,,,,,,,,,,,,,,,,,,,,,,,,,,,,,,,,,,,,,,,,,,,,,,H茅lio Jos茅 Muniz Filho
,Member of ETA,Spanish,"Tafalla, Navarra, Spain",Imprisoned with parole postponed,,N/A,,,,,Inés del Río Prada,,,,,Sentenced to 3828 years for terrorism and 24 murders,,,,,,,,,,,,,,,,,,,,,,,,,,,,,,,,,,,,,,,,,,,,,,,,,,,,,,,,,,,,,,,,,,,,,,,,,,,,,,,,,,,,,,,,,,,,,,,,,,,,,,,,,,,,,,,,,,,,,,,,,,,2017,European Court of Human Rights orders immediate release and compensation appeal ongoing,,,,,,,,,,,,,,,,,,,,,,,,,,,,,,,,,,,,,,,,,,,,,,,,,,,,,,,,,,,,,,In茅s del R铆o Prada
Jamal Zougam,,,,,,,,,,,,,,,,,,,,"42,922 years",,,,,,"Multiple counts of murder, attempted murder, terrorism-related crimes",,,,,,,,,,,,,,,,,,,,,,,,,,,,,,,,,,,,,,,,,,,,,,,,,,,,,,,,,,,,,,,,,,,,,,,,,,,,,,,,,,,,,,,,,,,,,,,,,,,,,,,,,,,,,,,,,,,"Implicated in bombings,",Guilty,,,,,,,,,,,,,,,,,,,,,,,,,,,,,,,,,,,,,,,,,,,,,,,,,,,,,,,,,,,,Jamal Zougam
,,,,,White supremacist terrorist attack,,,,,,,,,,,,,,"Murder of Heather Heyer, 35 injured",,,,,,,,,,,"James Alex Fields, Jr.","Convicted of first-degree murder, multiple counts of wounding, sentenced to life in prison",,,,,,,,,,,,,,,,,,,,,,,,,,,,,,,,,,,,,,,,,,,,,,,,,,,,,,,,,,,,,,,,,,,,,,,,,,,,,,,,,,,,,,,,,,,,,,,,,,,,,,,,,,,,,,,,Unite the Right rally organized by Jason Kessler,,,,,,,,,,,,,,,,,,,,,,,,,,,,,,,,,,,,,,,,,,,,,,,,,,,,,,,,,,,James Alex Fields Jr.
,Nursing assistant,Spanish,"Castellfollit de la Roca, Catalonia",127.5 years imprisonment,Serial Killer,,At least 11,Fundació La Caritat in Olot,,,Joan Vila Dilmé,,August 2009 to October 2010,,80-96 years old,,"September 26, 1965",,,,,,,,,Found guilty of murder by the Supreme Court of Spain,,,,,,,,,,,,,,,"The Caretaker of Olot, The Angel of Death",,,,,,,,,,,,,,,,,,,,,,,,,,,,,,,,,,,,,,,,,,,,,,,,,,,,,,,,,,,,,,,,,,,,,,,,,,,,,,,,,,,,,,,,,,,,,,,,,,,,,,,,,,,,,,,,,,,,,,,,,,,,,,,,,,,,,,,,,,,,,,,,,,,,,,,,,,,,,,,,,Joan Vila Dilm茅
Joel David Rifkin,Landscaper,American,"New York, United States",203 years in prison,Serial killer,,17 (suspected),,,"February 22, 1987",,,,,,,,,,,,,,"Nassau Community College, SUNY Brockport, SUNY Farmingdale (attended)",,,,,,,,,,,,,,,,,,,,,,,,,,,,,,,,,,,,,,,,,,,,,,,,,,,,,,,,,,,,,,,,,,,,,,,,,,,,,,,,,,,,,,,,,,,,,,,,,,,,,,,,,,,,,,,,,,,,,,,,,,,,,,,,,,,,,,,,,,,,,,,,,,,,,,,,,,,,,,,,,,,,,,,,,,,,,,,,,,Joel Rifkin
José Antonio Rodríguez Vega,Serial killer,Spanish,,,,,At least 16,"Santander, Cantabria",,19 May 1988,,El Mataviejas,August 1987 to April 1988,,61 to 93 years old,,,,,,,,,,,,,,,,,,,,,,,,,,,,,,,,,,,,,,,,,,,,,,,,,,,,,,,,,,,,,,,,,,,,,,,,,,,,,,,,,,,,,,,,,,,,,,,,,,,,,,,,,,,,,,,,,,,,,,,,,,,,,,,,,,,,,,,,,,,,,,,,,,,,,,,,,,,,,,,,,,,,,,,,,,,,,,,,,,,,,,,,,,,Jos茅 Antonio Rodr铆guez Vega
Juana Barraza,"Professional wrestler, serial killer",Mexican,"Epazoyucan, Hidalgo, Mexico",,Murders of elderly women,,At least 16,,,,,La Mataviejitas,,,,,,,,,,,,,,,,,,,,,,,,,,,,,,,,,,,,,,,,,,,December 2005,,,,,,,,,,,,,,,,,,,,,,,,,,,,,,,,,,,,,,,,,,,,,,,,,,,,,,,,,,,,,,,,,,,,,,,,,,,,,,,,,,,,,,,,,,,,,,,,,,,,,,,,,,,,,,,,,,,,,,,,,,,,,,,,,,,,,,,,,,,,,,,,,,,Juana Barraza
Keith Allen Raniere,"Cult leader, convicted sex trafficker",,,,,,,,,,,,,,,,,,,,James Raniere and Vera Oschypko,,,,,,"Brooklyn, New York",,,,,,,,,,,,,,,,,,,,,,,,,,,,,"August 26, 1960",,,,,,,,,,,,,,,,,,,,,,,,,,,,,,,,,,,,,,,,,,,,,,,,,,,,,,,,,,,,,,,,,,,,,,,,,,,,,,,,,,,,,,,,"Sex trafficking of children, conspiracy, forced labor conspiracy","October 27, 2020",,,,,,,,,,,,,,,,,,,,,,,,,,,,,,,,,,,,,,,,,,,,,,,,,,,,,,,,,Keith Raniere
Khalil Wheeler-Weaver,Serial Killer,American,,,"Murder, Sexual Assault",,,"Orange, New Jersey",,,,,August 2016 to November 2016,,,,,,"3 killed, 1 attempted",,,,,,,,,,,,Sentenced to 160 years in prison,,,,,,,,,,,,,,,,,,,,,,,,,,,,,,,,,,,,,,,,,,,,,,,,,,,,,,,,,,,,,,,,,,,,,,,,,,,,,,,,,,,,,,,,,,,,,,,,,,,,,,,,,,,,,,,,,,,Charged with the murder of Mawa Doumbia in March 2022,,,,,,,,,,,,,,,,,,,,,,,,,,,,,,,,,,,,,,,,,,,,,,,,,,,,,,,,Khalil Wheeler-Weaver
Lawrence Gerard Nassar,"Former osteopathic physician, convicted serial child molester",American,,[Not specified],,,,,,,,,,,,,[Not specified],,,,,"Sexual abuse of minors, child pornography, tampering with evidence",,,,"60 years in federal prison, 40 to 175 years in Michigan State prison, 40 to 125 years in Michigan State prison","Farmington Hills, Michigan",,,,,,,,,,,,,,,,,,,,,,,,,,,,,,,,,,,,,,,,,,,,,,,,,,,,,,,,,,,,,,,,,,,,,,,,,,,,,,,,,,,,,,,,,,,,,,,,,,,,,,,,,,,,,,,,,,,,,,,,,,,,,,,,,,,,,,,,,,,,,,,,,,,,,,,,,,,,,,,,,,,,,,,,,,,,,,,Larry Nassar
Lee Robertson,Former footballer,Scottish,,,,,,,,,,,,,,,,,,,,,,,,,,,,,,,,,,,,,,,,,,,,,,,,,,,,,,,,,,,,,,,,,,,,,,,,,,,,,,,,,,,,,,,,,,,,,,,,,,,,,,,,,,,,,,,,,,,,,,,,,,,,,,,,,,,,,,,,,,,,,,,,,"Started with Rangers, played for IK Start, Molde FK, FK Bodø/Glimt, brief St Johnstone trial, moved to Australia and back to Scotland",Seven-day trial at St Johnstone,"Norway, Australia, Scotland",,,,,,,,,,,,,,,,,,,,,,,,,,,,,,,,,,,,,,,,,,,,,,,,,,,,,Lee Robertson
,,,,,,,,,,,,,,,,,,,,,,,,,"April 4, 1991",,,,"3 hostages and 3 hostage-takers killed, 14 injured",,,,,,,,,,,,,,,,,,,,,,,,,,,,,,,,,,,,,,,,,,,,,,,,,,,,,,,,,,,,,,,,,,,,,,,,,,,,,,,,,,,,,,,,,,,,,,,,,,,,,,,,,,,,,,,,,,,,,,,,,Over 40,Approximately 8 hours,"Loi Khac Nguyen, Pham Khac Nguyen, Long Khac Nguyen, Cuong Tran","Vietnamese immigrants, fled Vietnam in 1979",,,,,,,,,,,,,,,,,,,,,,,,,,,,,,,,,,,,,,,,,,,,,,,,,Loi Khac Nguyen
Luis Alfredo Garavito Cubillos,"Serial killer, rapist, child molester, necrophile",Colombian,,,"Rape, torture, mutilation",La Bestia,"193 confirmed, possibly 221",,,22 April 1999,,,Autumn 1980 to 21 April 1999,,,,25 January 1957,,,"1,853 years and 9 days in jail","Manuel Antonio Garavito, Rosa Delia Cubillos",,,,,,"Génova, Quindío",,,,,,,,,,,,,,,,,,,,,,,,,,,,,,,,,,,,,,,,,,,,,,,,,,,,,,,,,,,,,,,,,,,,,,,,,,,,,,,,,,,,,,,,,,,,,,,,,,,,,,,,,,,,,,,,,,,,,,,,,,,,,,,Confession on 28 October 1999,,,,,,,,,,,,,,,,,,,,,,,,,,,,,,,,,,,,,,,,,,,,,,,,Luis Garavito
Luis Oscar Jiménez Herrera,,Mexican,Dysfunctional family,123 years in prison,Serial killer,The Tinaco Killer,16,,,,,Durango City,2013-2016,,,,,,,,,,,,,,,,,,,,,,,,"Father mistreated mother, developed contempt for women",,,,,,,,,,,,,,,,,,,,Mexican Army,,,,,,,,,,,,,,,,,,,,,,,,,,,,,,,,,,,,,,,,,,,,,,,,,,,,,,,,,,,,,,,,,,,,,,,,,,,,,,,,,,,,,,,,,,,,,,,,,,Alleged,Yes,Minor crimes in Tamaulipas,"Ciudad Valles, San Luis Potosí, murder of María Atino García Martínez",,,,,,,,,,,,,,,,,,,,,,,,,,,,,,,,,,,,,,,,,,,,Luis Oscar Jim茅nez Herrera
,,,,,,,,,,,,,,,,,,,,,,,,,,,,,,,,,,,,,,,,,,,,,,,,,,,,,,,,,,,,,,,,,,,,,,,,,,,,,,,,,,,,,,,,,,,,,,,,,,,,,,,,,,,,,,,,,,,,,,,,,,,,,,,,,,,,,,,,,,,,,,,,,,,,,,,,,,,,,,,"Death sentence, 1,634 years in prison",,,,,,,,,,,,,,,,,,,,,,,,,,,,,,,,,,,,,,,,,,,Mark Goudeau
Martin John Bryant,Mass shooter,Australian,"Hobart, Tasmania",,Mass murder,N/A,35,,,,,,,,,,7 May 1967,,,"35 life sentences, 1,652 years without parole",Maurice and Carleen Bryant,,,,,,,,,,,,,,,,,,,,,,,,,,,,,,23,,,,,,,,,,,,,,,,,,,,,,,,,,,,,,,,,,,,,,,,,,,,,,,,,,,,,,,,,,,,,,,,,,,,,,,,,,,,,,,,,,,,,,,,,,,,,,,,,,,,,,,,,,,,,"Risdon Prison, Hobart",,,,,,,,,,,,,,,,,,,,,,,,,,,,,,,,,,,,,,,,,,Martin Bryant
Michael John Devlin,"Manager, Funeral Home Worker",,,"74 life sentences, 2,020 years",,,,,,,,,,,,"Kidnapping, Child Sexual Abuse",,,,,,,,,,,,,,,,,,,,,,,,,,,,,"Taken into custody on January 12, 2007, for the abduction of Ben Ownby and the discovery of Shawn Hornbeck in his apartment",,,,,,,,,,,,,,,,,,,,,,,,,,,,,,,,,,,,,,,,,,,,,,,,,,,,,,,,,,,,,,,,,,,,,,,,,,,,,,,,,,,,,,,,,,,,,,,,,,,,,,,,,,,,,,,,,,,,- Adopted into a large family with 3 brothers and 2 sisters,,,,,,,,,,,,,,,,,,,,,,,,,,,,,,,,,,,,,,,,,Michael J. Devlin
Michael Pugh,Bobsledder,British,,,,,,,,,,,,,,,,,,,,,,,,,,,,,,,,,,,,,,,,,,,,,,,,,,,,,,,,,,,,,,,,,,,,,,,,,,,,,,,,,,,,,,,,,,,,,,,,,,,,,,,,,,,,,,,,,,,,,,,,,,,,,,,,,,,,,,,,,,,,,,,,,,,,,,,,,,,,,,,,"1980, 1984",,,,,,,,,,,,,,,,,,,,,,,,,,,,,,,,,,,,,,,,Michael Pugh
,Former high school teacher,,,200 years in prison without possibility of release,,,,,14 January 2001,,Morton Robert Berger,,,,,,,,,,,,"Freitas Octavian Hospital, Recife",,,,,,,,,,,,,,,,,,,,,,,,,,,,,,,,,,,,,,,,,,,,,,,,,,,,,,,,,,,,,,,,,,,,,,,,,,,,,,,,,,,,,,,,,,,,,,,,,,,,,,,,,,,,,,,,,,,,,,,,,,,,,,,,,,,,,,,,,,,,"Possession of child pornography, member of porn-trading ring",,,,,,,,,,,,,,,,,,,,,,,,,,,,,,,,,,,,,,,Morton Berger
Moses Sithole,"Serial killer, rapist",South African,"Vosloorus, Boksburg",,ABC Murders,,At least 37,,,,,,16 July 1994 to 6 November 1995,,19 to 45 years old,,,,,,,,,,,,,,,,,,,,,,,,,,,,,,,,,,,,,,,,,,,,,,,,,,,,,,,,,,,,,,,,,,,,,,,,,,,,,,,,,,,,,,,,,,,,,,,,,,,,,,,,,,,,,,,,,,,,,,,,,,,,,,,,,,,,,,,,,,,,,,,,,,,,,,,,,,,,,,,,,,,,,,,,,,,,,,,,,,,,,,,,,,,Moses Sithole
Nathaniel B. L. Bar-Jonah,"Convicted child molester, suspected cannibal, suspected serial killer",American,,,,N/A,,,,,,,,,,,,,,Sentenced to 130 years in prison without parole,,"Kidnapping, aggravated assault, sexual assault on children",,,,,,,,,,,,,,,,,,,,,,,,,,,,,,,,,,,,,,,,,,,,,,,,,,,,,,,,,,,,,,,,,,,,,,,,,,,,,,,,,,,,,,,,,,,,,,,,,,,,,,,,,,,,,,,,,,,,,,,,,,,,,,,,,,,,,,,,,,,,,,,,,,,,,,,,,,,,,,,,,,,,,,,,,,,,,,,,,,,,Nathaniel Bar-Jonah
Nathaniel White,,American,,,Serial killer,,Six,,,,,,,,14 to 29 years old,,,,,,,,,,,,,,,,,,,,,,,,,,,,,,,,,,,,,,,,,,,,,,,,,,,,,,,,,,,,,,,,,,,,,,,,,,,,,,,,,,,,,,,,,,,,,,,,,,,,,,,,,,,,,,,,,,,,,,,,,,,,,,,,,,,,,,,,,,,,,,,,,,,,,Early 1990s,RoboCop 2 movie scene,Convicted and paroled after killing his victims,,,,,,,,,,,,,,,,,,,,,,,,,,,,,,,,,,,,Nathaniel White
Orville Lynn Majors,Licensed Practical Nurse,,,,Serial Killer,,,"Clinton, Indiana",,,,,1993 to 1995,,,,,,,,,,,,,,,,,,,,,,,,,,,,,,,,,,,,,,,,,,,,,,,,,,,,,,,,,,,,,,,,,,,,,,,,,,,,,,,,,,,,,,,,,,,,,,,,,,,,,,,,,,,,,,,,,,,,,,,,,,,,,,,,,,,,,,,,,,,,,,,,,,,,,,,,,,Convicted of murdering patients believed to be demanding or those adding to his workload in a hospital setting.,,,,,,,,,,,,,,,,,,,,,,,,,,,,,,,,,,,Orville Lynn Majors
Paulo Sérgio Guimarães da Silva,,Brazilian,,Sentenced to 180 years,Serial killer,The Cassino Maniac,7,"Praia do Cassino, Rio Grande do Sul",,,,,,,,,,,,,,,,,,,,,,,,,,,,,,,,,,,,,,,,,,,,,,,,,,,,,,,,,,,,,,,,,,,,,,,,,,,,,,,,,,,,,,,,,,,,,,,,,,,,,,,,,,,,,,,,,,,,,,,,,,,,,,,,,,,,,,,,,,,,,,,,,,,,,,,,,,,,,,,,"1998-1999, December 12, early March 1999, March 26",,,,,,,,,,,,,,,,,,,,,,,,,,,,,,,,,,Paulo S茅rgio Guimar茫es da Silva
Pedro Rodrigues Filho,"Vigilante, Serial Killer",,"Santa Rita do Sapucaí, Brazil",,,Pedrinho Matador,,,,,,,,,,,,"Killed 71 people, including other criminals, while serving 42 years in prison, escaping after the death of his pregnant companion, torturing and killing in search of revenge.",,42 years in prison,,,,,,,,,,,,,,,,,,,,,,,,,,,,,,,,,,,,,,,,,,,,,,,,,,,,,,,,,,,,,,,,,,,,,,,,,,,,,,,,,,,,,,,,,,,,,,,,,,,,,,,,,,,,,,,,,,,,,,,,,,,,,,,,,,,,,,,,,,,,,,,,,,,,,71,"Skull injury from father's actions, first urge to kill at age 13, killing the deputy mayor at age 14, meeting Maria Aparecida Olympia, killing rivals",,,,,,,,,,,,,,,,,,,,,,,,,,,,,,,,Pedro Rodrigues Filho
Perry Austin Armstrong,"Businessperson, Surveyor, Attorney, Illinois House Representative, Historian",,"Licking County, Ohio",,,,,,,,,-,,,,,,,,,,,,"Granville Academy, Illinois College",,,,,,,,,,,,,,,,,,,,,,,,,,,,,,"4 sons, 3 survived",,,,,,,,,,,,,,,,,,,,,,,,,,,,,,,,,,,,,,,,,,,,,,,,,,,,,,,,,,,,,,,,,,,,,,,,,,,,,,,,,,,,,,,,,,,,,,,,,,,,,,,,,,,,,,,,,,,,,Mary Borbridge,"Town Clerk, Justice of the Peace, Swamp Land Commissioner","Delegate to River and Harbor Convention with Abraham Lincoln, Member of Illinois Constitutional Convention, Illinois House Representative",,,,,,,,,,,,,,,,,,,,,,,,,,,,,Perry Armstrong
,,,,,,,,,,,,,,,,,,,,,,,,,,,,,,,,,,,,,,,,,,,,,,,,,,,,,"June 10, 1991",,,,,Phillip sentenced to 431 years to life,,,,,,,,,,,,,,,,,,,,,,,,,,,,,,,,,,,,,,,,,,,,,,,,,,,,,,,,,,,,,,,,,,,,,,,,,,,,,,,,,,,,,,,,,,,,,,,,,,,,,,,,,,,,,,,,,,,,Jaycee Lee Dugard,Phillip Garrido,Over 18 years,"1554 Walnut Avenue, Antioch, California",Nancy Garrido,Phillip person of interest in another case,,,,,,,,,,,,,,,,,,,,,,,Phillip Garrido
Raymond L. Rodriguez,Professor of biology,American,"Fresno, California",,,,,,,,,,,,,,1947,,,,,,,"Bachelor of Science in Biology from California State University, Fresno, PhD from UC Santa Cruz",,,,,,,,Holds several issued US patents,,,,,,,,,,,,,,,,,,,,,,,,,,,,,,,,,,,,,,,,,,,,,,,,,,,,,,,,,,,,,,,,,,,,,,,,,,,,,,,,,,,,,,,,,,,,,,,,,,,,,,,,,,,,,,,,,,,,,,,,,,,,,,,,,,,,,,,,,,,,,,,,,,,,"Molecular biology, genomics, biotechnology","Helped lay foundation for biotechnology industry, involved in diversity programs for STEM disciplines",,,,,,,,,,,,,,,,,,,,,Raymond Rodriguez
,Used car salesman,,"Danvers, Massachusetts",146 years to life in prison,,Richard Alan Minsky,,,,"September 15, 1999",Richard Allen Minsky,,,,,,,,,,,,,,,"Rape, assault, battery, extortion, grand theft, larceny, lewd behavior, oral copulation, sexual assault, sodomy",,,,,,,,,,,,,,,,,,,,,,,,,,,,,,,,,,,,,,,,,,,,,,,,,,,,,,,,,,,,,,,,,,,,,,,,,,,,,,,,,,,,,,,,,,,,,,,,,,,,,,,,,,,,,,,,,,,,,,,,,,,,,,,,,,,,,,,,,,,,,,,,,,,,,,,,,,,,,,,,,,,,,,,,,,,,,,,,Richard Allen Minsky
Richard Francis Cottingham,"Serial killer, rapist",American,,,At least 11 people,,"New York, New Jersey","The Torso Killer, The Times Square Killer",,,,"Confessed to additional murders, currently incarcerated in South Woods State Prison, NJ",,,,,,,,,,,,,,,,,,,,,,,,,,,,,,,,,,,,,,,,,,,,,,,,,,,,,,,,,,,,,,,,,,,,,,,,,,,,,,,,,,,,,,,,,,,,,,,,,,,,,,,,,,,,,,,,,,,,,,,,,,,,,,,,,,,,,,,,,,,,,,,,,,,,,,,,,,,,,,,,,,,,,,,,,,,,,,,,,,,,,,,,,,,,,,Richard Cottingham
Richard Benjamin Speck,Mass Murderer,,"Kirkwood, Illinois",,,,At least 8,,"December 5, 1991",,,,,,,,1941,,,,"Benjamin Franklin Speck, Mary Margaret Carbaugh",,,,,,,,,,,,,Murder of eight student nurses,,,,,,,,,Sentenced to death reduced to 100-300 years in prison,,,,,,,,,,,,,,,,,,,,,,,,,,,,,,,,,,,,,,,,,,,,,,,,,,,,,,,,,,,,,,,,,,,,,,,,,,,,,,,,,,,,,,,,,,,,,,,,,,,,,,,,,,,,,,,,,,,,,,,,,,,,,,,,,,,,,,,,,,,49,Heart attack while incarcerated at Stateville Correctional Center,,,,,,,,,,,,,,,,,,,Richard Speck
Robert George Irwin,"Artist, Sculptor",,"Arroyo Seco Park near Pasadena, California",Life imprisonment through a plea bargain,,Mad Sculptor,,,Not specified,,,,,Stabbed in the neck and arm by three inmates at a mental institution,,Killed three people on Easter weekend in 1937,,,,,,,Mental institution,,,,,,,,,,,,,,,,,,,,,,,,,,,,,,,,,,,,,,,,,,,,,,,,,,,,,,,,,,,,,,,,,,,,,,,,,,,,,,,,,,,,,,,,,,,,,,,,,,,,,,,,,,,,,,,,,,,,,,,,,,,,,,,,,,,,,,,,,,,,,,,,,,,,,,,,,,,,,,,,,,,,,,,,,,,,,,,,,,,Robert George Irwin
Robert Christian Hansen,Serial killer,,"Estherville, Iowa",461 years without parole,,Butcher Baker,,,2014,,,,,Died of natural causes due to health conditions,,"Abducted, raped, murdered",,,,,,,United States,,,,,,,,,,,,,,,,,,,,,,,,,,,,,,,,,,,,,,,,,,,,,,,,,,,,,,,,,,,,,,,,,,,,,,,,,,,,,,,,,,,,,,,,,,,,,,,,,,,,,,,,,,,,,,,,,,,,,,,,,,,,,,,,,,,,,,,,,,,,,,,,,,,,,,,,,,,,,,,,,,,,,,,,,,,,,,,,,,,Robert Hansen
Robert Lee Yates Jr,"Serial killer, soldier",American,"Spokane, Washington",Life with No Parole (commuted),,Bob,,,,,,,,,,,,,,,,"Murders of 11 women in Spokane, WA, 2 women in Pierce County, WA",,,,,,,,,,,,,,,,,,,,,,,,,,,,,,,,,,05/27/1952,"Enlisted US Army in 1977, served in Somalia/Haiti, Honorably Discharged",,,,,,,,,,,,,,,,,,,,,,,,,,,,,,,,,,,,,,,,,,,,,,,,,,,,,,,,,,,,,,,,,,,,,,,,,,,,,,,,,,,,,,,,,,,,,,,,,,,,,,,,,,,,,,,,,,,,,,,,,,,,,,,"Death penalty, commuted to life",Inactive duty helicopter pilot,Washington State Penitentiary,,,,,,,,,,,,,,,,Robert Lee Yates
Roger Abdelmassih,Physician,,"São João da Boa Vista, São Paulo",278 years in prison,,,,,,,,,,,,52 rapes and 39 attempted sexual abuses,,,,,,,,,,,,,,,,,,,,,,,,,,,,,,,,,,,,,,,,,,,,,,,,,,,,,,,,,,,,,,,,,,,,,,,,,,,,,,,,,,,,,,,,,,,,,,,,,,,,,,,,,,,,,,,,,,,,,,,,,,,,,,,,,,,,,,,,,,,,,,,,,,,,,,,,,,,,,,,,,,,,,,,,,,,,,,,,,,,,,,,,,,Roger Abdelmassih
Ronald Shelton,Convicted serial rapist,American,,,Rape,The West Side Rapist,Over 30,"Cleveland, Ohio",25 September 2018,,,,,"Jumped from prison building, pronounced dead at 8:15 pm",,,,,,,,,MetroHealth Medical Center,,,,,,,,"Sentenced to 1,554 to 3,195 years in prison",,,,,,,,,,,,,,,,,,,,,,,,1989,,,,,,,,,,,,,,,,,,,,,,,,,,,,,,,,,,,,,,,,,,,,,,,,,,,,,,,,,,,,,,,,,,,,,,,,,,,,,,,,,,,,,,,,,,,,,,,,,,,,,,,,,,,,,,,,,,,,,,,,,,,,,,,,,,,,,,,,,,,,,,,,,,,Ronnie Shelton
Roy Charles Waller,,American,,,Serial rapist,,More than 10,,,September 2018,,,,,,,,,,,,,,,,,,,,,,,"Entering homes, sexually assaulting women, stealing, sometimes abducting victims, targeting Asian women",,,,,,,,,Benicia,,,,,,,,,,,,,,,,,,,,,,,,,,,,,,,,,,,,,,,,,,,,,,,,,,,,,,,,,,,,,,,,,,,,,,,,,,,,,,,,,,,,,,,,,,,,,,,,,,,,,,,,,,,,,,,,,,,,,,,,,,,,,,,,,,,,,,,,,,,,,,,,,Safety specialist at UC Berkeley,"Sonoma, Solano, Contra Costa, Yolo, Butte",46,,,,,,,,,,,,,Roy Charles Waller
Ryan Adam Stone,,Canadian,,,,,,,,,,,,,,,,"NHL debut, trade to Edmonton Oilers",,,,,,,,,,,,,,"CHL Player of the Week, 66 assists in a season",,,,,,,,"23rd overall in WHL, 32nd overall in NHL, 48th overall in WHA",,,,,,,,,,,,,,,,,,,,,,,,,,,,,,,,,,,,,,,,,,,,,,,,,,,,,,,,,,,,,,,,,,,,,,,,,,,,,,,,,,,,,,,,,,,,,,,,,,,,,,,,,,,,,,,,,,,,,,,,,,,,,,,,,,,,,,,,,,,,,,,,,,,,,,Former professional C,"Hamburg Freezers, Brandon Wheat Kings, Pittsburgh Penguins, Wilkes-Barre/Scranton Penguins, Edmonton Oilers, Calgary Flames",,,,,,,,,,,Ryan Stone
Samuel Hemphill,Anglican priest,,"Clonmel, Ireland",,,,,,Not specified,,,,,Died in the vestry of his church before a wedding,,,,,,,,,,"Trinity College, Dublin",,,,,,,,,,,,,,,,,,,,,,,,,,,,,,,,,,,,,,,,,,,,,,,,,,,,,,,,,,,,,,,,,,,,,,,,,,,,,,,,,,,,,,,,,,,,,,,,,,,,,,,,,,,,,,,,,,,,,,,,,,,,,,,,,,,,,,,,,,,,,,,,,,,,,,,,,,,,,,,,,,,,,,,,"Rector of Westport, Rector of Birr, Professor of Biblical Greek",,,,,,,,,,Samuel Hemphill
,Fraudster,,,845 years in prison,,,,,14 January 2001,,Sholam Weiss,,,Stabbed in the neck and arm by three inmates at Maxima Anibal Bruno Security Prison,,"Racketeering, wire fraud, money laundering",,,,,,,"Freitas Octavian Hospital, Recife",,,,,,,,,,,,,,,,,,,,,,,,,,,,,,,,,,,,,,,,,,,,,,,,,,,,,,,,,,,,,,,,,,,,,,,,,,,,,,,,,,,,,,,,,,,,,,,,,,,,,,,,,,,,,,,,,,,,,,,,,,,,,,,,,,,,,,,,,,,,,,,,,,,,,,,,,,,,,,,,,,,,,,,,,,,,,,,,,,,Sholam Weiss
Silvia Meraz Moreno,Serial killer,Mexican,,,Human sacrifice,,3,,,,,,,,55 years old,,,,,,,,,,,,,,,,,,,,,"Convicted of three murders between 2009 and 2012 in Nacozari, Sonora",,,,,,,,,,,,,,,,,,,,,,,,,,,,,,,,,,,,,,,,,,,,,,,,,,,,,,,,,,,,,,,,,,,,,,,,,,,,,,,,,,,,,,,,,,,,,,,,,,,,,,,,,,,,,,,,,,,,,,,,,,,,,,,,,,,,,,,,,,,,,,,,,,,,,,,,,,,,,,,,,,,,,,Silvia Meraz
Simon Peter Nelson,,,,,Mass murder,,,"Rockford, Illinois",,,,,,,3 to 12 years old,,,,"6 children, 1 dog",,,,,,,,,,,,,,,,,,,,,,,,,,,,,,,,,,,,,,,Convicted,,,,,,,,,,,,,,,,,,,,,,,,,,,,,,,,,,,,,,,,,,,,,,,,,,,,,,,,,,,,,,,,,,,,,,,,,,,,,,,,,,,,,,,,,,,,,,,,,,,,,,,,,,,,,,,,,,,,,,,,,,,,,,,,,,,,,,,"January 7, 1978",,,,,,,,,Simon Nelson
Sipho Mandla Agmatir Thwala,"Rapist, serial killer",South African,,,"Murder, rape",The Phoenix Strangler,"16 women, 10 rapes","C Max Penitentiary, Pretoria",,,,,,,,,,"Arrest, conviction, sentencing",,,,,,,,,,,,,Sentenced to 506 years in prison,,"Luring victims with promises of employment, then raping and killing them",,,,,,,,,,,,,,,,,,,,,,,,,,,,,,,,,,,,,,,,,,,,,,,,,,,,,,,,,,,,,,,,,,,,,,,,,,,,,,,,,,,,,,,,,,,,,,,,,,,,,,,,,,,,,,,,,,,,,,,,,,,,,,,,,,,,,,,,,,,,,,,,,,,,,,,,,,,,,,,,,,,,,,,,,Sipho Thwala
,Domestic terrorist,American,,,,,,,,,Terry Lynn Nichols,,,,,,,,,,- Joyce Nichols (mother),,,,,,"Lapeer, Michigan",,,,,,,,Sentenced to life imprisonment without parole,,,,,,,,,,,,,,,,,,,,,,,,,,,,,,,,,,,,,,,,,,,,,,,,,,,,,,,,,,,,,,,,,,,,,,,,,,,,,,,,,,,,,,,,,,,,,,,,,,,,,,,,,,,,,,,,,,,,,,,,,,,,,,,,,,,,,,,,,,,,,,,,,,,,,,,,,,,,,,,- Being an accomplice in the Oklahoma City bombing,- Eric Rudolph,"ADX Florence, Colorado",Timothy McVeigh,- Ramzi Yousef,,,,Terry Nichols
Velaphi Ndlangamandla,,South African,,,Serial killer,,19,Mpumalanga,,"September 10, 1998",,The Saloon Killer,"April 4, 1997 to September 10, 1998",,April to September 1998,,,,,,,,,,,,,,,,,,,,,,,,,,,,,,,,,,,,,,,,,,,,,,,,,,,,,,,,,,,,,,,,,,,,,,,,,,,,,,,,,,,,,,,,,,,,,,,,,,,,,,,,,,,,,,,,,,,,,,,,,,,,,,,,,,,,,,,,,,,,,,,,,,,,,,,,,,,,,,,,,,,,,,,,,,,,,,,,,,,,,,,,,,,Velaphi Ndlangamandla
,Guerrilla leader,,Valvettithurai,,,,,,,,Velupillai Prabhakaran,,,Killed in fighting with the Sri Lankan Army,,,,,,,,,,,,,,,,,,,,,,,,,,,,,,,,,,,,,,,,,,,,,,,,,,,,,,,,,,,,,,,,,,,,,,,,,,,,,,,,,,,,,,,,,,,,,,,,,,,,,,,,,,,,,,,,,,,,,,,,,,,,,,,,,,,,,,,,,,,,,,,,,,,,,,,,,,,,,,,,,,,,,,,,,,,,,,,,,,,,,,,,,"Founder and leader of the LTTE, sought creation of Tamil state",1976,May 2009,Velupillai Prabhakaran
